box_scores,exhibition,conference,costSeason,division,season,date,away,home,home_score,away_score,notes,month,status,game_id,data-recap
https://en.usports.ca/sports/fball/2024-25p/boxscores/20241102_wbdn.xml,0,0,1,0,2024-25p,2024-11-02,Acadia,Bishop's,59,0, AUS Semifinal Video  More  ,2024-11-01,Final,20241102_wbdn,NA
https://en.usports.ca/sports/fball/2024-25p/boxscores/20241102_wbdn.xml,0,0,1,0,2024-25p,2024-11-02,Acadia,Bishop's,59,0, AUS Semifinal Video  More  ,2024-11-01,Final,20241102_wbdn,NA
https://en.usports.ca/sports/fball/2024-25p/boxscores/20241109_aai6.xml,0,0,1,0,2024-25p,2024-11-09,Saint Mary's,Bishop's,25,22,2 The Loney Bowl - AUS Final Video  More   Results Photos,2024-11-01,Final - 3OT,20241109_aai6,NA
https://en.usports.ca/sports/fball/2024-25p/boxscores/20241102_2qhh.xml,0,0,1,0,2024-25p,2024-11-02,Concordia,Laval,41,18,8 RSEQ Demifinal/Semifinal / TVA Sports Video ,2024-11-01,Final,20241102_2qhh,NA
https://en.usports.ca/sports/fball/2024-25p/boxscores/20241026_ix3s.xml,0,0,1,0,2024-25p,2024-10-26,Ottawa,Guelph,26,15,5 OUA Quarterfinal ,2024-10-01,Final,20241026_ix3s,NA
https://en.usports.ca/sports/fball/2024-25p/boxscores/20241102_ipbn.xml,0,0,1,0,2024-25p,2024-11-02,Guelph,Western,30,19,9 OUA Semifinal ,2024-11-01,Final,20241102_ipbn,NA
https://en.usports.ca/sports/fball/2024-25p/boxscores/20241102_ckfm.xml,0,0,1,0,2024-25p,2024-11-02,Queen's,Laurier,29,21,1 OUA Semifinal ,2024-11-01,Final,20241102_ckfm,NA
https://en.usports.ca/sports/fball/2024-25p/boxscores/20241109_bc52.xml,0,0,1,0,2024-25p,2024-11-09,Western,Laurier,51,31,1 OUA Final - 116th Yates Cup ,2024-11-01,Final,20241109_bc52,NA
https://en.usports.ca/sports/fball/2024-25p/boxscores/20241102_2qhh.xml,0,0,1,0,2024-25p,2024-11-02,Concordia,Laval,41,18,8 RSEQ Demifinal/Semifinal / TVA Sports Video ,2024-11-01,Final,20241102_2qhh,NA
https://en.usports.ca/sports/fball/2024-25p/boxscores/20241109_pn2u.xml,0,0,1,0,2024-25p,2024-11-09,Montreal,Laval,22,17,7 RSEQ Coupe Dunsmore Cup TVA Sports ,2024-11-01,Final,20241109_pn2u,NA
https://en.usports.ca/sports/fball/2024-25p/boxscores/20241102_udwl.xml,0,0,1,0,2024-25p,2024-11-02,Regina,Manitoba,25,28,5 CW Semifinal Video  ,2024-11-01,Final,20241102_udwl,NA
https://en.usports.ca/sports/fball/2024-25p/boxscores/20241102_09m9.xml,0,0,1,0,2024-25p,2024-11-02,McGill,Montreal,42,3, RSEQ Demifinal/Semifinal TVA Sports ,2024-11-01,Final,20241102_09m9,NA
https://en.usports.ca/sports/fball/2024-25p/boxscores/20241026_t6y6.xml,0,0,1,0,2024-25p,2024-10-26,McMaster,Western,46,10,0 OUA Quarterfinal ,2024-10-01,Final,20241026_t6y6,NA
https://en.usports.ca/sports/fball/2024-25p/boxscores/20241102_09m9.xml,0,0,1,0,2024-25p,2024-11-02,McGill,Montreal,42,3, RSEQ Demifinal/Semifinal TVA Sports ,2024-11-01,Final,20241102_09m9,NA
https://en.usports.ca/sports/fball/2024-25p/boxscores/20241109_pn2u.xml,0,0,1,0,2024-25p,2024-11-09,Montreal,Laval,22,17,7 RSEQ Coupe Dunsmore Cup TVA Sports ,2024-11-01,Final,20241109_pn2u,NA
https://en.usports.ca/sports/fball/2024-25p/boxscores/20241026_ix3s.xml,0,0,1,0,2024-25p,2024-10-26,Ottawa,Guelph,26,15,5 OUA Quarterfinal ,2024-10-01,Final,20241026_ix3s,NA
https://en.usports.ca/sports/fball/2024-25p/boxscores/20241026_8kep.xml,0,1,1,0,2024-25p,2024-10-26,Queen's,Windsor,19,22,9 OUA Quarterfinal ,2024-10-01,Final,20241026_8kep,NA
https://en.usports.ca/sports/fball/2024-25p/boxscores/20241102_ckfm.xml,0,0,1,0,2024-25p,2024-11-02,Queen's,Laurier,29,21,1 OUA Semifinal ,2024-11-01,Final,20241102_ckfm,NA
https://en.usports.ca/sports/fball/2024-25p/boxscores/20241102_udwl.xml,0,0,1,0,2024-25p,2024-11-02,Regina,Manitoba,25,28,5 CW Semifinal Video  ,2024-11-01,Final,20241102_udwl,NA
https://en.usports.ca/sports/fball/2024-25p/boxscores/20241109_yac3.xml,0,0,1,0,2024-25p,2024-11-09,Regina,Saskatchewan,14,19,4 CW Final - 87th Hardy Cup Video  ,2024-11-01,Final,20241109_yac3,NA
https://en.usports.ca/sports/fball/2024-25p/boxscores/20241102_rxhr.xml,0,0,1,0,2024-25p,2024-11-02,Saint Mary's,StFX,17,21,7 AUS Semifinal Video  More     Results Photos,2024-11-01,Final,20241102_rxhr,NA
https://en.usports.ca/sports/fball/2024-25p/boxscores/20241109_aai6.xml,0,0,1,0,2024-25p,2024-11-09,Saint Mary's,Bishop's,25,22,2 The Loney Bowl - AUS Final Video  More   Results Photos,2024-11-01,Final - 3OT,20241109_aai6,NA
https://en.usports.ca/sports/fball/2024-25p/boxscores/20241102_tjpf.xml,0,0,1,0,2024-25p,2024-11-02,Saskatchewan,UBC,33,38,3 CW Semifinal Video  More  ,2024-11-01,Final,20241102_tjpf,NA
https://en.usports.ca/sports/fball/2024-25p/boxscores/20241109_yac3.xml,0,0,1,0,2024-25p,2024-11-09,Regina,Saskatchewan,14,19,4 CW Final - 87th Hardy Cup Video  ,2024-11-01,Final,20241109_yac3,NA
https://en.usports.ca/sports/fball/2024-25p/boxscores/20241102_rxhr.xml,0,0,1,0,2024-25p,2024-11-02,Saint Mary's,StFX,17,21,7 AUS Semifinal Video  More     Results Photos,2024-11-01,Final,20241102_rxhr,NA
https://en.usports.ca/sports/fball/2024-25p/boxscores/20241102_tjpf.xml,0,0,1,0,2024-25p,2024-11-02,Saskatchewan,UBC,33,38,3 CW Semifinal Video  More  ,2024-11-01,Final,20241102_tjpf,NA
https://en.usports.ca/sports/fball/2024-25p/boxscores/20241026_t6y6.xml,0,0,1,0,2024-25p,2024-10-26,McMaster,Western,46,10,0 OUA Quarterfinal ,2024-10-01,Final,20241026_t6y6,NA
https://en.usports.ca/sports/fball/2024-25p/boxscores/20241102_ipbn.xml,0,0,1,0,2024-25p,2024-11-02,Guelph,Western,30,19,9 OUA Semifinal ,2024-11-01,Final,20241102_ipbn,NA
https://en.usports.ca/sports/fball/2024-25p/boxscores/20241109_bc52.xml,0,0,1,0,2024-25p,2024-11-09,Western,Laurier,51,31,1 OUA Final - 116th Yates Cup ,2024-11-01,Final,20241109_bc52,NA
https://en.usports.ca/sports/fball/2024-25p/boxscores/20241026_8kep.xml,0,1,1,0,2024-25p,2024-10-26,Queen's,Windsor,19,22,9 OUA Quarterfinal ,2024-10-01,Final,20241026_8kep,NA
https://en.usports.ca/sports/fball/2024-25c/boxscores/20241116_yk4c.xml,0,0,1,0,2024-25c,2024-11-16,Laurier,Bishop's,24,48,4 Uteck Bowl Video  More   ,2024-11-01,Final,20241116_yk4c,/sports/fball/2024-25c/releases/UTECK_BOWL
https://en.usports.ca/sports/fball/2024-25c/boxscores/20241116_yk4c.xml,0,0,1,0,2024-25c,2024-11-16,Laurier,Bishop's,24,48,4 Uteck Bowl Video  More   ,2024-11-01,Final,20241116_yk4c,/sports/fball/2024-25c/releases/UTECK_BOWL
https://en.usports.ca/sports/fball/2024-25c/boxscores/20241123_i8on.xml,0,0,1,0,2024-25c,2024-11-23,Laval,Laurier,17,22,7 2024 Coupe Vanier Cup Video  ,2024-11-01,Final,20241123_i8on,/sports/fball/2024-25c/releases
https://en.usports.ca/sports/fball/2024-25c/boxscores/20241116_6s6s.xml,0,1,1,0,2024-25c,2024-11-16,Laval,Regina,14,17,4 Coupe Mitchell Bowl Billets Diffusions More Video   ,2024-11-01,Final,20241116_6s6s,/sports/fball/2024-25c/releases/MITCHELL_BOWL
https://en.usports.ca/sports/fball/2024-25c/boxscores/20241123_i8on.xml,0,0,1,0,2024-25c,2024-11-23,Laurier,Laval,22,17,7 2024 Coupe Vanier Cup Video  ,2024-11-01,Final,20241123_i8on,/sports/fball/2024-25c/releases
https://en.usports.ca/sports/fball/2024-25c/boxscores/20241116_6s6s.xml,0,1,1,0,2024-25c,2024-11-16,Laval,Regina,14,17,4 Coupe Mitchell Bowl Billets Diffusions More Video   ,2024-11-01,Final,20241116_6s6s,/sports/fball/2024-25c/releases/MITCHELL_BOWL
https://en.usports.ca/sports/fball/2024-25/boxscores/20240817_f4az.xml,1,0,0,0,2024-25,2024-08-17,Saint Mary's,Acadia,17,53,7 (Pre-Season) Video  More Results Photos Photos,2024-08-01,Final,20240817_f4az,NA
https://en.usports.ca/sports/fball/2024-25/boxscores/20240824_5ccp.xml,0,1,0,0,2024-25,2024-08-24,Acadia,Mount Allison,15,14,4 Video  More  ,2024-08-01,Final,20240824_5ccp,NA
https://en.usports.ca/sports/fball/2024-25/boxscores/20240831_h4ny.xml,0,1,0,0,2024-25,2024-08-31,Saint Mary's,Acadia,33,41,3 Video  More   Photos,2024-08-01,Final - 3OT,20240831_h4ny,NA
https://en.usports.ca/sports/fball/2024-25/boxscores/20240907_wvb7.xml,0,1,0,0,2024-25,2024-09-07,Acadia,StFX,22,24,2 Video  More  ,2024-09-01,Final,20240907_wvb7,NA
https://en.usports.ca/sports/fball/2024-25/boxscores/20240914_z9zs.xml,0,1,0,0,2024-25,2024-09-14,Acadia,Bishop's,70,7, Video  ,2024-09-01,Final,20240914_z9zs,NA
https://en.usports.ca/sports/fball/2024-25/boxscores/20240928_cy2k.xml,0,1,0,0,2024-25,2024-09-28,Mount Allison,Acadia,31,17,7 Video  ,2024-09-01,Final,20240928_cy2k,NA
https://en.usports.ca/sports/fball/2024-25/boxscores/20241004_3w37.xml,0,1,0,0,2024-25,2024-10-04,Acadia,Saint Mary's,27,5, Video  More   Photos Photos,2024-10-01,Final,20241004_3w37,NA
https://en.usports.ca/sports/fball/2024-25/boxscores/20241011_76zq.xml,0,1,0,0,2024-25,2024-10-11,StFX,Acadia,0,46, Video  More  ,2024-10-01,Final,20241011_76zq,NA
https://en.usports.ca/sports/fball/2024-25/boxscores/20241019_0x0k.xml,0,1,0,0,2024-25,2024-10-19,Bishop's,Acadia,18,29,8 Video  ,2024-10-01,Final,20241019_0x0k,NA
NA,1,0,0,0,2024-25,NA,Alberta,Saskatchewan,42,16,6 Non-Conference,2024-08-01,Final,NA,NA
https://en.usports.ca/sports/fball/2024-25/boxscores/20240830_0l6t.xml,0,1,0,0,2024-25,2024-08-30,Alberta,UBC,28,42,8 Video ,2024-08-01,Final,20240830_0l6t,NA
https://en.usports.ca/sports/fball/2024-25/boxscores/20240906_91pn.xml,0,1,0,0,2024-25,2024-09-06,Calgary,Alberta,22,36,2 Video ,2024-09-01,Final,20240906_91pn,NA
https://en.usports.ca/sports/fball/2024-25/boxscores/20240914_spfc.xml,0,1,0,0,2024-25,2024-09-14,Alberta,Manitoba,24,23,3 Video ,2024-09-01,Final,20240914_spfc,NA
https://en.usports.ca/sports/fball/2024-25/boxscores/20240920_pn7y.xml,0,1,0,0,2024-25,2024-09-20,Regina,Alberta,30,6, Video Video More   ,2024-09-01,Final,20240920_pn7y,NA
https://en.usports.ca/sports/fball/2024-25/boxscores/20240927_7p01.xml,0,1,0,0,2024-25,2024-09-27,Alberta,Saskatchewan,33,30,0 Video Video More   ,2024-09-01,Final,20240927_7p01,NA
https://en.usports.ca/sports/fball/2024-25/boxscores/20241004_eg4x.xml,0,1,0,0,2024-25,2024-10-04,UBC,Alberta,25,35,5 Video Video More   ,2024-10-01,Final,20241004_eg4x,NA
https://en.usports.ca/sports/fball/2024-25/boxscores/20241019_ktuu.xml,0,1,0,0,2024-25,2024-10-19,Manitoba,Alberta,37,38,7 Video Video More  ,2024-10-01,Final - OT,20241019_ktuu,NA
https://en.usports.ca/sports/fball/2024-25/boxscores/20241025_jvjz.xml,0,1,0,0,2024-25,2024-10-25,Alberta,Regina,29,22,2 Leibel Field Video Video More   ,2024-10-01,Final,20241025_jvjz,NA
NA,1,0,0,0,2024-25,NA,Bishop's,Laval,25,3, Non-conference,2024-08-01,Final,NA,NA
https://en.usports.ca/sports/fball/2024-25/boxscores/20240824_d4x2.xml,0,1,0,0,2024-25,2024-08-24,Bishop's,Saint Mary's,11,18,1 Video  More  Photos Photos Photos,2024-08-01,Final,20240824_d4x2,NA
https://en.usports.ca/sports/fball/2024-25/boxscores/20240831_tjcf.xml,0,1,0,0,2024-25,2024-08-31,StFX,Bishop's,37,27,7 Video  ,2024-08-01,Final,20240831_tjcf,NA
https://en.usports.ca/sports/fball/2024-25/boxscores/20240914_z9zs.xml,0,1,0,0,2024-25,2024-09-14,Acadia,Bishop's,70,7, Video  ,2024-09-01,Final,20240914_z9zs,NA
https://en.usports.ca/sports/fball/2024-25/boxscores/20240921_fedo.xml,0,1,0,0,2024-25,2024-09-21,Bishop's,Mount Allison,0,62, Video  More  ,2024-09-01,Final,20240921_fedo,NA
https://en.usports.ca/sports/fball/2024-25/boxscores/20240928_gnnw.xml,0,1,0,0,2024-25,2024-09-28,Saint Mary's,Bishop's,19,14,4 Video  More  Results Photos,2024-09-01,Final,20240928_gnnw,NA
https://en.usports.ca/sports/fball/2024-25/boxscores/20241005_xkub.xml,0,1,0,0,2024-25,2024-10-05,Bishop's,StFX,37,42,7 Video  ,2024-10-01,Final - 2OT,20241005_xkub,NA
https://en.usports.ca/sports/fball/2024-25/boxscores/20241019_0x0k.xml,0,1,0,0,2024-25,2024-10-19,Bishop's,Acadia,18,29,8 Video  ,2024-10-01,Final,20241019_0x0k,NA
https://en.usports.ca/sports/fball/2024-25/boxscores/20241025_5vko.xml,0,1,0,0,2024-25,2024-10-25,Mount Allison,Bishop's,51,14,4 Video ,2024-10-01,Final,20241025_5vko,NA
https://en.usports.ca/sports/fball/2024-25/boxscores/20240830_7hjz.xml,0,1,0,0,2024-25,2024-08-30,Regina,Calgary,16,24,6 Video ,2024-08-01,Final,20240830_7hjz,NA
https://en.usports.ca/sports/fball/2024-25/boxscores/20240906_91pn.xml,0,1,0,0,2024-25,2024-09-06,Calgary,Alberta,22,36,2 Video ,2024-09-01,Final,20240906_91pn,NA
https://en.usports.ca/sports/fball/2024-25/boxscores/20240913_9n98.xml,0,1,0,0,2024-25,2024-09-13,Calgary,Saskatchewan,44,40,0 Video ,2024-09-01,Final - 2OT,20240913_9n98,NA
https://en.usports.ca/sports/fball/2024-25/boxscores/20240921_9bh3.xml,0,1,0,0,2024-25,2024-09-21,Manitoba,Calgary,17,22,7 Video Video More   ,2024-09-01,Final,20240921_9bh3,NA
https://en.usports.ca/sports/fball/2024-25/boxscores/20240928_64ux.xml,0,1,0,0,2024-25,2024-09-28,UBC,Calgary,30,32,0 Video ,2024-09-01,Final,20240928_64ux,NA
https://en.usports.ca/sports/fball/2024-25/boxscores/20241005_okkn.xml,0,1,0,0,2024-25,2024-10-05,Calgary,Regina,20,23,0 Video  More   ,2024-10-01,Final,20241005_okkn,NA
https://en.usports.ca/sports/fball/2024-25/boxscores/20241018_wvdu.xml,0,1,0,0,2024-25,2024-10-18,Calgary,UBC,21,5, Video Video More   ,2024-10-01,Final,20241018_wvdu,NA
https://en.usports.ca/sports/fball/2024-25/boxscores/20241026_tcvv.xml,0,1,0,0,2024-25,2024-10-26,Saskatchewan,Calgary,11,16,1 Video Video More   ,2024-10-01,Final,20241026_tcvv,NA
https://en.usports.ca/sports/fball/2024-25/boxscores/20240824_uapr.xml,0,1,0,0,2024-25,2024-08-24,Carleton,Guelph,38,25,5 ,2024-08-01,Final,20240824_uapr,NA
https://en.usports.ca/sports/fball/2024-25/boxscores/20240831_zp7u.xml,0,1,0,0,2024-25,2024-08-31,Windsor,Carleton,15,18,5 ,2024-08-01,Final,20240831_zp7u,NA
https://en.usports.ca/sports/fball/2024-25/boxscores/20240907_n3hf.xml,0,1,0,0,2024-25,2024-09-07,Carleton,Western,52,21,1 ,2024-09-01,Final,20240907_n3hf,NA
https://en.usports.ca/sports/fball/2024-25/boxscores/20240914_x465.xml,0,1,0,0,2024-25,2024-09-14,Carleton,Toronto,12,42,2 Video ,2024-09-01,Final,20240914_x465,NA
https://en.usports.ca/sports/fball/2024-25/boxscores/20240921_0oor.xml,0,1,0,0,2024-25,2024-09-21,McMaster,Carleton,34,36,4 ,2024-09-01,Final,20240921_0oor,NA
https://en.usports.ca/sports/fball/2024-25/boxscores/20240928_5v4r.xml,0,1,0,0,2024-25,2024-09-28,York,Carleton,24,10,0 ,2024-09-01,Final,20240928_5v4r,NA
https://en.usports.ca/sports/fball/2024-25/boxscores/20241006_eim3.xml,0,1,0,0,2024-25,2024-10-06,Ottawa,Carleton,32,35,2 TD Place / Place TD Video  ,2024-10-01,Final,20241006_eim3,NA
https://en.usports.ca/sports/fball/2024-25/boxscores/20241019_xw8n.xml,0,1,0,0,2024-25,2024-10-19,Laurier,Carleton,24,44,4 ,2024-10-01,Final,20241019_xw8n,NA
https://en.usports.ca/sports/fball/2024-25/boxscores/20240824_luc8.xml,0,1,0,0,2024-25,2024-08-24,Laval,Concordia,11,36,1 RSEQ No. 2 ,2024-08-01,Final,20240824_luc8,NA
https://en.usports.ca/sports/fball/2024-25/boxscores/20240830_18q7.xml,0,1,0,0,2024-25,2024-08-30,Concordia,Sherbrooke,15,19,5 RSEQ No. 3 TVA Sports ,2024-08-01,Final,20240830_18q7,NA
https://en.usports.ca/sports/fball/2024-25/boxscores/20240914_c67n.xml,0,1,0,0,2024-25,2024-09-14,Concordia,Montreal,30,18,8 RSEQ No. 8 TVA Sports ,2024-09-01,Final,20240914_c67n,NA
https://en.usports.ca/sports/fball/2024-25/boxscores/20240921_hozj.xml,0,1,0,0,2024-25,2024-09-21,McGill,Concordia,17,21,7 RSEQ No. 9 ,2024-09-01,Final,20240921_hozj,NA
https://en.usports.ca/sports/fball/2024-25/boxscores/20240929_kfsu.xml,0,1,0,0,2024-25,2024-09-29,Concordia,Laval,34,10,0 RSEQ No. 12 TVA Sports ,2024-09-01,Final,20240929_kfsu,NA
https://en.usports.ca/sports/fball/2024-25/boxscores/20241005_ktif.xml,0,1,0,0,2024-25,2024-10-05,Sherbrooke,Concordia,35,27,7 RSEQ No. 14 ,2024-10-01,Final,20241005_ktif,NA
https://en.usports.ca/sports/fball/2024-25/boxscores/20241019_rc0v.xml,0,1,0,0,2024-25,2024-10-19,Montreal,Concordia,3,33, RSEQ No. 17 ,2024-10-01,Final,20241019_rc0v,NA
https://en.usports.ca/sports/fball/2024-25/boxscores/20241025_m7vp.xml,0,1,0,0,2024-25,2024-10-25,Concordia,McGill,29,19,9 RSEQ No. 19 ,2024-10-01,Final,20241025_m7vp,NA
https://en.usports.ca/sports/fball/2024-25/boxscores/20240824_uapr.xml,0,1,0,0,2024-25,2024-08-24,Carleton,Guelph,38,25,5 ,2024-08-01,Final,20240824_uapr,NA
https://en.usports.ca/sports/fball/2024-25/boxscores/20240901_g7ih.xml,0,1,0,0,2024-25,2024-09-01,Guelph,Toronto,10,47,0 Video ,2024-09-01,Final,20240901_g7ih,NA
https://en.usports.ca/sports/fball/2024-25/boxscores/20240907_t1ti.xml,0,1,0,0,2024-25,2024-09-07,Guelph,Laurier,33,24,4 ,2024-09-01,Final,20240907_t1ti,NA
https://en.usports.ca/sports/fball/2024-25/boxscores/20240914_0xy4.xml,0,1,0,0,2024-25,2024-09-14,McMaster,Guelph,29,24,4 ,2024-09-01,Final,20240914_0xy4,NA
https://en.usports.ca/sports/fball/2024-25/boxscores/20240921_vt48.xml,0,1,0,0,2024-25,2024-09-21,Guelph,Queen's,24,18,8 ,2024-09-01,Final,20240921_vt48,NA
https://en.usports.ca/sports/fball/2024-25/boxscores/20240928_zo0h.xml,0,1,0,0,2024-25,2024-09-28,Waterloo,Guelph,42,25,5 ,2024-09-01,Final,20240928_zo0h,NA
https://en.usports.ca/sports/fball/2024-25/boxscores/20241005_s6qu.xml,0,1,0,0,2024-25,2024-10-05,Windsor,Guelph,45,40,0 ,2024-10-01,Final,20241005_s6qu,NA
https://en.usports.ca/sports/fball/2024-25/boxscores/20241011_dbuy.xml,0,1,0,0,2024-25,2024-10-11,Guelph,York,19,33,9 ,2024-10-01,Final,20241011_dbuy,NA
https://en.usports.ca/sports/fball/2024-25/boxscores/20240824_3mda.xml,0,1,0,0,2024-25,2024-08-24,Laurier,McMaster,14,31,4 ,2024-08-01,Final,20240824_3mda,NA
https://en.usports.ca/sports/fball/2024-25/boxscores/20240907_t1ti.xml,0,1,0,0,2024-25,2024-09-07,Guelph,Laurier,33,24,4 ,2024-09-01,Final,20240907_t1ti,NA
https://en.usports.ca/sports/fball/2024-25/boxscores/20240914_f6dq.xml,0,1,0,0,2024-25,2024-09-14,Western,Laurier,43,28,8 ,2024-09-01,Final,20240914_f6dq,NA
https://en.usports.ca/sports/fball/2024-25/boxscores/20240921_dqx4.xml,0,1,0,0,2024-25,2024-09-21,Laurier,Waterloo,23,39,3 Video ,2024-09-01,Final,20240921_dqx4,NA
https://en.usports.ca/sports/fball/2024-25/boxscores/20240928_vbqs.xml,0,1,0,0,2024-25,2024-09-28,Ottawa,Laurier,32,20,0 Video  More  ,2024-09-01,Final,20240928_vbqs,NA
https://en.usports.ca/sports/fball/2024-25/boxscores/20241005_ze17.xml,0,1,0,0,2024-25,2024-10-05,Queen's,Laurier,51,21,1 ,2024-10-01,Final,20241005_ze17,NA
https://en.usports.ca/sports/fball/2024-25/boxscores/20241011_u67f.xml,0,1,0,0,2024-25,2024-10-11,Laurier,Windsor,26,33,6 ,2024-10-01,Final,20241011_u67f,NA
https://en.usports.ca/sports/fball/2024-25/boxscores/20241019_xw8n.xml,0,1,0,0,2024-25,2024-10-19,Laurier,Carleton,24,44,4 ,2024-10-01,Final,20241019_xw8n,NA
NA,1,0,0,0,2024-25,NA,Bishop's,Laval,25,3, Non-conference,2024-08-01,Final,NA,NA
https://en.usports.ca/sports/fball/2024-25/boxscores/20240824_luc8.xml,0,1,0,0,2024-25,2024-08-24,Laval,Concordia,11,36,1 RSEQ No. 2 ,2024-08-01,Final,20240824_luc8,NA
https://en.usports.ca/sports/fball/2024-25/boxscores/20240907_vmd9.xml,0,1,0,0,2024-25,2024-09-07,Montreal,Laval,23,22,2 RSEQ No. 6 TVA Sports ,2024-09-01,Final,20240907_vmd9,NA
https://en.usports.ca/sports/fball/2024-25/boxscores/20240914_hnxm.xml,0,1,0,0,2024-25,2024-09-14,Laval,McGill,12,45,2 RSEQ No. 7 ,2024-09-01,Final,20240914_hnxm,NA
https://en.usports.ca/sports/fball/2024-25/boxscores/20240922_o3ge.xml,0,1,0,0,2024-25,2024-09-22,Sherbrooke,Laval,29,2, RSEQ No. 10 ,2024-09-01,Final,20240922_o3ge,NA
https://en.usports.ca/sports/fball/2024-25/boxscores/20240929_kfsu.xml,0,1,0,0,2024-25,2024-09-29,Concordia,Laval,34,10,0 RSEQ No. 12 TVA Sports ,2024-09-01,Final,20240929_kfsu,NA
https://en.usports.ca/sports/fball/2024-25/boxscores/20241012_f9b1.xml,0,1,0,0,2024-25,2024-10-12,Laval,Montreal,32,31,1 RSEQ No. 16 TVA Sports ,2024-10-01,Final - OT,20241012_f9b1,NA
https://en.usports.ca/sports/fball/2024-25/boxscores/20241020_ebnd.xml,0,1,0,0,2024-25,2024-10-20,McGill,Laval,30,17,7 RSEQ No. 18 TVA Sports ,2024-10-01,Final,20241020_ebnd,NA
https://en.usports.ca/sports/fball/2024-25/boxscores/20241026_k8xp.xml,0,1,0,0,2024-25,2024-10-26,Laval,Sherbrooke,0,28, RSEQ No. 20 TVA Sports ,2024-10-01,Final,20241026_k8xp,NA
https://en.usports.ca/sports/fball/2024-25/boxscores/20240822_kpte.xml,1,0,0,0,2024-25,2024-08-22,Manitoba,Regina,25,29,5 Video ,2024-08-01,Final,20240822_kpte,NA
https://en.usports.ca/sports/fball/2024-25/boxscores/20240831_5sus.xml,0,1,0,0,2024-25,2024-08-31,Saskatchewan,Manitoba,37,24,4 Video ,2024-08-01,Final,20240831_5sus,NA
https://en.usports.ca/sports/fball/2024-25/boxscores/20240906_3y23.xml,0,1,0,0,2024-25,2024-09-06,Manitoba,UBC,10,33,0 Video ,2024-09-01,Final,20240906_3y23,NA
https://en.usports.ca/sports/fball/2024-25/boxscores/20240914_spfc.xml,0,1,0,0,2024-25,2024-09-14,Alberta,Manitoba,24,23,3 Video ,2024-09-01,Final,20240914_spfc,NA
https://en.usports.ca/sports/fball/2024-25/boxscores/20240921_9bh3.xml,0,1,0,0,2024-25,2024-09-21,Manitoba,Calgary,17,22,7 Video Video More   ,2024-09-01,Final,20240921_9bh3,NA
https://en.usports.ca/sports/fball/2024-25/boxscores/20240928_yos5.xml,0,1,0,0,2024-25,2024-09-28,Regina,Manitoba,22,13,3 Video ,2024-09-01,Final,20240928_yos5,NA
https://en.usports.ca/sports/fball/2024-25/boxscores/20241004_ogev.xml,0,1,0,0,2024-25,2024-10-04,Manitoba,Saskatchewan,42,24,4 Video Video More   ,2024-10-01,Final,20241004_ogev,NA
https://en.usports.ca/sports/fball/2024-25/boxscores/20241019_ktuu.xml,0,1,0,0,2024-25,2024-10-19,Manitoba,Alberta,37,38,7 Video Video More  ,2024-10-01,Final - OT,20241019_ktuu,NA
https://en.usports.ca/sports/fball/2024-25/boxscores/20241026_st5e.xml,0,1,0,0,2024-25,2024-10-26,UBC,Manitoba,51,38,8 Video  More  ,2024-10-01,Final,20241026_st5e,NA
https://en.usports.ca/sports/fball/2024-25/boxscores/20240830_pbwg.xml,0,1,0,0,2024-25,2024-08-30,Montreal,McGill,8,47, RSEQ No. 4 ,2024-08-01,Final,20240830_pbwg,NA
https://en.usports.ca/sports/fball/2024-25/boxscores/20240906_4taz.xml,0,1,0,0,2024-25,2024-09-06,McGill,Sherbrooke,26,29,6 RSEQ No. 5 ,2024-09-01,Final,20240906_4taz,NA
https://en.usports.ca/sports/fball/2024-25/boxscores/20240914_hnxm.xml,0,1,0,0,2024-25,2024-09-14,Laval,McGill,12,45,2 RSEQ No. 7 ,2024-09-01,Final,20240914_hnxm,NA
https://en.usports.ca/sports/fball/2024-25/boxscores/20240921_hozj.xml,0,1,0,0,2024-25,2024-09-21,McGill,Concordia,17,21,7 RSEQ No. 9 ,2024-09-01,Final,20240921_hozj,NA
https://en.usports.ca/sports/fball/2024-25/boxscores/20241004_9oyn.xml,0,1,0,0,2024-25,2024-10-04,McGill,Montreal,38,28,8 RSEQ No. 13 ,2024-10-01,Final,20241004_9oyn,NA
https://en.usports.ca/sports/fball/2024-25/boxscores/20241011_gnwr.xml,0,1,0,0,2024-25,2024-10-11,Sherbrooke,McGill,24,30,4 RSEQ No. 15 ,2024-10-01,Final - 2OT,20241011_gnwr,NA
https://en.usports.ca/sports/fball/2024-25/boxscores/20241020_ebnd.xml,0,1,0,0,2024-25,2024-10-20,McGill,Laval,30,17,7 RSEQ No. 18 TVA Sports ,2024-10-01,Final,20241020_ebnd,NA
https://en.usports.ca/sports/fball/2024-25/boxscores/20241025_m7vp.xml,0,1,0,0,2024-25,2024-10-25,Concordia,McGill,29,19,9 RSEQ No. 19 ,2024-10-01,Final,20241025_m7vp,NA
https://en.usports.ca/sports/fball/2024-25/boxscores/20240824_3mda.xml,0,1,0,0,2024-25,2024-08-24,Laurier,McMaster,14,31,4 ,2024-08-01,Final,20240824_3mda,NA
https://en.usports.ca/sports/fball/2024-25/boxscores/20240831_50sn.xml,0,1,0,0,2024-25,2024-08-31,McMaster,Queen's,27,22,2 ,2024-08-01,Final,20240831_50sn,NA
https://en.usports.ca/sports/fball/2024-25/boxscores/20240907_63zv.xml,0,1,0,0,2024-25,2024-09-07,Toronto,McMaster,32,3, Video ,2024-09-01,Final,20240907_63zv,NA
https://en.usports.ca/sports/fball/2024-25/boxscores/20240914_0xy4.xml,0,1,0,0,2024-25,2024-09-14,McMaster,Guelph,29,24,4 ,2024-09-01,Final,20240914_0xy4,NA
https://en.usports.ca/sports/fball/2024-25/boxscores/20240921_0oor.xml,0,1,0,0,2024-25,2024-09-21,McMaster,Carleton,34,36,4 ,2024-09-01,Final,20240921_0oor,NA
https://en.usports.ca/sports/fball/2024-25/boxscores/20241005_4qfv.xml,0,1,0,0,2024-25,2024-10-05,Western,McMaster,26,61,6 ,2024-10-01,Final,20241005_4qfv,NA
https://en.usports.ca/sports/fball/2024-25/boxscores/20241011_2ixd.xml,0,1,0,0,2024-25,2024-10-11,McMaster,Waterloo,32,34,2 Video ,2024-10-01,Final - OT,20241011_2ixd,NA
https://en.usports.ca/sports/fball/2024-25/boxscores/20241019_p1aq.xml,0,1,0,0,2024-25,2024-10-19,York,McMaster,24,21,1 ,2024-10-01,Final,20241019_p1aq,NA
https://en.usports.ca/sports/fball/2024-25/boxscores/20240823_voey.xml,0,1,0,0,2024-25,2024-08-23,Sherbrooke,Montreal,45,14,4 RSEQ No. 1 TVA Sports ,2024-08-01,Final,20240823_voey,NA
https://en.usports.ca/sports/fball/2024-25/boxscores/20240830_pbwg.xml,0,1,0,0,2024-25,2024-08-30,Montreal,McGill,8,47, RSEQ No. 4 ,2024-08-01,Final,20240830_pbwg,NA
https://en.usports.ca/sports/fball/2024-25/boxscores/20240907_vmd9.xml,0,1,0,0,2024-25,2024-09-07,Montreal,Laval,23,22,2 RSEQ No. 6 TVA Sports ,2024-09-01,Final,20240907_vmd9,NA
https://en.usports.ca/sports/fball/2024-25/boxscores/20240914_c67n.xml,0,1,0,0,2024-25,2024-09-14,Concordia,Montreal,30,18,8 RSEQ No. 8 TVA Sports ,2024-09-01,Final,20240914_c67n,NA
https://en.usports.ca/sports/fball/2024-25/boxscores/20240928_9v38.xml,0,1,0,0,2024-25,2024-09-28,Montreal,Sherbrooke,6,26, RSEQ No. 11 ,2024-09-01,Final,20240928_9v38,NA
https://en.usports.ca/sports/fball/2024-25/boxscores/20241004_9oyn.xml,0,1,0,0,2024-25,2024-10-04,McGill,Montreal,38,28,8 RSEQ No. 13 ,2024-10-01,Final,20241004_9oyn,NA
https://en.usports.ca/sports/fball/2024-25/boxscores/20241012_f9b1.xml,0,1,0,0,2024-25,2024-10-12,Laval,Montreal,32,31,1 RSEQ No. 16 TVA Sports ,2024-10-01,Final - OT,20241012_f9b1,NA
https://en.usports.ca/sports/fball/2024-25/boxscores/20241019_rc0v.xml,0,1,0,0,2024-25,2024-10-19,Montreal,Concordia,3,33, RSEQ No. 17 ,2024-10-01,Final,20241019_rc0v,NA
NA,1,0,0,0,2024-25,NA,StFX,Mount Allison,17,10,0 (Pre-Season) Video  ,2024-08-01,Final,NA,NA
https://en.usports.ca/sports/fball/2024-25/boxscores/20240824_5ccp.xml,0,1,0,0,2024-25,2024-08-24,Acadia,Mount Allison,15,14,4 Video  More  ,2024-08-01,Final,20240824_5ccp,NA
https://en.usports.ca/sports/fball/2024-25/boxscores/20240907_eiof.xml,0,1,0,0,2024-25,2024-09-07,Saint Mary's,Mount Allison,22,33,2 Video  More   Results Photos,2024-09-01,Final,20240907_eiof,NA
https://en.usports.ca/sports/fball/2024-25/boxscores/20240914_nqvk.xml,0,1,0,0,2024-25,2024-09-14,Mount Allison,StFX,34,7, Video  More  ,2024-09-01,Final,20240914_nqvk,NA
https://en.usports.ca/sports/fball/2024-25/boxscores/20240921_fedo.xml,0,1,0,0,2024-25,2024-09-21,Bishop's,Mount Allison,0,62, Video  More  ,2024-09-01,Final,20240921_fedo,NA
https://en.usports.ca/sports/fball/2024-25/boxscores/20240928_cy2k.xml,0,1,0,0,2024-25,2024-09-28,Mount Allison,Acadia,31,17,7 Video  ,2024-09-01,Final,20240928_cy2k,NA
https://en.usports.ca/sports/fball/2024-25/boxscores/20241012_biq6.xml,0,1,0,0,2024-25,2024-10-12,Mount Allison,Saint Mary's,15,8, Video  More  Results Photos,2024-10-01,Final,20241012_biq6,NA
https://en.usports.ca/sports/fball/2024-25/boxscores/20241019_q4ql.xml,0,1,0,0,2024-25,2024-10-19,StFX,Mount Allison,9,29, Video  More   ,2024-10-01,Final,20241019_q4ql,NA
https://en.usports.ca/sports/fball/2024-25/boxscores/20241025_5vko.xml,0,1,0,0,2024-25,2024-10-25,Mount Allison,Bishop's,51,14,4 Video ,2024-10-01,Final,20241025_5vko,NA
https://en.usports.ca/sports/fball/2024-25/boxscores/20240825_o494.xml,0,1,0,0,2024-25,2024-08-25,Western,Ottawa,11,38,1 TD Place / Place TD Video  ,2024-08-01,Final,20240825_o494,NA
https://en.usports.ca/sports/fball/2024-25/boxscores/20240831_0ey8.xml,0,1,0,0,2024-25,2024-08-31,Ottawa,York,4,27, Video  ,2024-08-01,Final,20240831_0ey8,NA
https://en.usports.ca/sports/fball/2024-25/boxscores/20240907_9ysq.xml,0,1,0,0,2024-25,2024-09-07,Ottawa,Waterloo,5,26, Video  ,2024-09-01,Final,20240907_9ysq,NA
https://en.usports.ca/sports/fball/2024-25/boxscores/20240914_0fzb.xml,0,1,0,0,2024-25,2024-09-14,Queen's,Ottawa,20,48,0 Gee-Gees Field / Terrain des Gee-Gees Video  ,2024-09-01,Final,20240914_0fzb,NA
https://en.usports.ca/sports/fball/2024-25/boxscores/20240921_4pao.xml,0,1,0,0,2024-25,2024-09-21,Ottawa,Windsor,21,18,8 Video ,2024-09-01,Final,20240921_4pao,NA
https://en.usports.ca/sports/fball/2024-25/boxscores/20240928_vbqs.xml,0,1,0,0,2024-25,2024-09-28,Ottawa,Laurier,32,20,0 Video  More  ,2024-09-01,Final,20240928_vbqs,NA
https://en.usports.ca/sports/fball/2024-25/boxscores/20241006_eim3.xml,0,1,0,0,2024-25,2024-10-06,Carleton,Ottawa,35,32,2 TD Place / Place TD Video  ,2024-10-01,Final,20241006_eim3,NA
https://en.usports.ca/sports/fball/2024-25/boxscores/20241019_jqs0.xml,0,1,0,0,2024-25,2024-10-19,Toronto,Ottawa,49,7, Video  ,2024-10-01,Final,20241019_jqs0,NA
https://en.usports.ca/sports/fball/2024-25/boxscores/20240824_dl8t.xml,0,1,0,0,2024-25,2024-08-24,Queen's,Windsor,25,21,1 ,2024-08-01,Final,20240824_dl8t,NA
https://en.usports.ca/sports/fball/2024-25/boxscores/20240831_50sn.xml,0,1,0,0,2024-25,2024-08-31,McMaster,Queen's,27,22,2 ,2024-08-01,Final,20240831_50sn,NA
https://en.usports.ca/sports/fball/2024-25/boxscores/20240907_4w15.xml,0,1,0,0,2024-25,2024-09-07,York,Queen's,52,19,9 ,2024-09-01,Final,20240907_4w15,NA
https://en.usports.ca/sports/fball/2024-25/boxscores/20240914_0fzb.xml,0,1,0,0,2024-25,2024-09-14,Queen's,Ottawa,20,48,0 Gee-Gees Field / Terrain des Gee-Gees Video  ,2024-09-01,Final,20240914_0fzb,NA
https://en.usports.ca/sports/fball/2024-25/boxscores/20240921_vt48.xml,0,1,0,0,2024-25,2024-09-21,Guelph,Queen's,24,18,8 ,2024-09-01,Final,20240921_vt48,NA
https://en.usports.ca/sports/fball/2024-25/boxscores/20240928_tgo9.xml,0,1,0,0,2024-25,2024-09-28,Queen's,Western,39,14,4 ,2024-09-01,Final,20240928_tgo9,NA
https://en.usports.ca/sports/fball/2024-25/boxscores/20241005_ze17.xml,0,1,0,0,2024-25,2024-10-05,Queen's,Laurier,51,21,1 ,2024-10-01,Final,20241005_ze17,NA
https://en.usports.ca/sports/fball/2024-25/boxscores/20241019_0icp.xml,0,1,0,0,2024-25,2024-10-19,Waterloo,Queen's,54,7, ,2024-10-01,Final,20241019_0icp,NA
https://en.usports.ca/sports/fball/2024-25/boxscores/20240822_kpte.xml,1,0,0,0,2024-25,2024-08-22,Manitoba,Regina,25,29,5 Video ,2024-08-01,Final,20240822_kpte,NA
https://en.usports.ca/sports/fball/2024-25/boxscores/20240830_7hjz.xml,0,1,0,0,2024-25,2024-08-30,Regina,Calgary,16,24,6 Video ,2024-08-01,Final,20240830_7hjz,NA
https://en.usports.ca/sports/fball/2024-25/boxscores/20240906_y4w8.xml,0,1,0,0,2024-25,2024-09-06,Saskatchewan,Regina,33,28,8 Video ,2024-09-01,Final,20240906_y4w8,NA
https://en.usports.ca/sports/fball/2024-25/boxscores/20240914_t6ag.xml,0,1,0,0,2024-25,2024-09-14,UBC,Regina,12,14,2 Video ,2024-09-01,Final,20240914_t6ag,NA
https://en.usports.ca/sports/fball/2024-25/boxscores/20240920_pn7y.xml,0,1,0,0,2024-25,2024-09-20,Regina,Alberta,30,6, Video Video More   ,2024-09-01,Final,20240920_pn7y,NA
https://en.usports.ca/sports/fball/2024-25/boxscores/20240928_yos5.xml,0,1,0,0,2024-25,2024-09-28,Regina,Manitoba,22,13,3 Video ,2024-09-01,Final,20240928_yos5,NA
https://en.usports.ca/sports/fball/2024-25/boxscores/20241005_okkn.xml,0,1,0,0,2024-25,2024-10-05,Calgary,Regina,20,23,0 Video  More   ,2024-10-01,Final,20241005_okkn,NA
https://en.usports.ca/sports/fball/2024-25/boxscores/20241019_r23k.xml,0,1,0,0,2024-25,2024-10-19,Regina,Saskatchewan,22,20,0 Video Video More   ,2024-10-01,Final,20241019_r23k,NA
https://en.usports.ca/sports/fball/2024-25/boxscores/20241025_jvjz.xml,0,1,0,0,2024-25,2024-10-25,Alberta,Regina,29,22,2 Leibel Field Video Video More   ,2024-10-01,Final,20241025_jvjz,NA
https://en.usports.ca/sports/fball/2024-25/boxscores/20240817_f4az.xml,1,0,0,0,2024-25,2024-08-17,Saint Mary's,Acadia,17,53,7 (Pre-Season) Video  More Results Photos Photos,2024-08-01,Final,20240817_f4az,NA
https://en.usports.ca/sports/fball/2024-25/boxscores/20240824_d4x2.xml,0,1,0,0,2024-25,2024-08-24,Bishop's,Saint Mary's,11,18,1 Video  More  Photos Photos Photos,2024-08-01,Final,20240824_d4x2,NA
https://en.usports.ca/sports/fball/2024-25/boxscores/20240831_h4ny.xml,0,1,0,0,2024-25,2024-08-31,Saint Mary's,Acadia,33,41,3 Video  More   Photos,2024-08-01,Final - 3OT,20240831_h4ny,NA
https://en.usports.ca/sports/fball/2024-25/boxscores/20240907_eiof.xml,0,1,0,0,2024-25,2024-09-07,Saint Mary's,Mount Allison,22,33,2 Video  More   Results Photos,2024-09-01,Final,20240907_eiof,NA
https://en.usports.ca/sports/fball/2024-25/boxscores/20240920_xqxc.xml,0,1,0,0,2024-25,2024-09-20,StFX,Saint Mary's,17,19,7 Video  More   Results Photos Photos,2024-09-01,Final,20240920_xqxc,NA
https://en.usports.ca/sports/fball/2024-25/boxscores/20240928_gnnw.xml,0,1,0,0,2024-25,2024-09-28,Saint Mary's,Bishop's,19,14,4 Video  More  Results Photos,2024-09-01,Final,20240928_gnnw,NA
https://en.usports.ca/sports/fball/2024-25/boxscores/20241004_3w37.xml,0,1,0,0,2024-25,2024-10-04,Acadia,Saint Mary's,27,5, Video  More   Photos Photos,2024-10-01,Final,20241004_3w37,NA
https://en.usports.ca/sports/fball/2024-25/boxscores/20241012_biq6.xml,0,1,0,0,2024-25,2024-10-12,Mount Allison,Saint Mary's,15,8, Video  More  Results Photos,2024-10-01,Final,20241012_biq6,NA
https://en.usports.ca/sports/fball/2024-25/boxscores/20241026_pc2b.xml,0,1,0,0,2024-25,2024-10-26,Saint Mary's,StFX,26,19,9 Video  More   Photos,2024-10-01,Final,20241026_pc2b,NA
NA,1,0,0,0,2024-25,NA,Alberta,Saskatchewan,42,16,6 Non-Conference,2024-08-01,Final,NA,NA
https://en.usports.ca/sports/fball/2024-25/boxscores/20240831_5sus.xml,0,1,0,0,2024-25,2024-08-31,Saskatchewan,Manitoba,37,24,4 Video ,2024-08-01,Final,20240831_5sus,NA
https://en.usports.ca/sports/fball/2024-25/boxscores/20240906_y4w8.xml,0,1,0,0,2024-25,2024-09-06,Saskatchewan,Regina,33,28,8 Video ,2024-09-01,Final,20240906_y4w8,NA
https://en.usports.ca/sports/fball/2024-25/boxscores/20240913_9n98.xml,0,1,0,0,2024-25,2024-09-13,Calgary,Saskatchewan,44,40,0 Video ,2024-09-01,Final - 2OT,20240913_9n98,NA
https://en.usports.ca/sports/fball/2024-25/boxscores/20240920_j5po.xml,0,1,0,0,2024-25,2024-09-20,Saskatchewan,UBC,38,24,4 Video Video More   ,2024-09-01,Final,20240920_j5po,NA
https://en.usports.ca/sports/fball/2024-25/boxscores/20240927_7p01.xml,0,1,0,0,2024-25,2024-09-27,Alberta,Saskatchewan,33,30,0 Video Video More   ,2024-09-01,Final,20240927_7p01,NA
https://en.usports.ca/sports/fball/2024-25/boxscores/20241004_ogev.xml,0,1,0,0,2024-25,2024-10-04,Manitoba,Saskatchewan,42,24,4 Video Video More   ,2024-10-01,Final,20241004_ogev,NA
https://en.usports.ca/sports/fball/2024-25/boxscores/20241019_r23k.xml,0,1,0,0,2024-25,2024-10-19,Regina,Saskatchewan,22,20,0 Video Video More   ,2024-10-01,Final,20241019_r23k,NA
https://en.usports.ca/sports/fball/2024-25/boxscores/20241026_tcvv.xml,0,1,0,0,2024-25,2024-10-26,Saskatchewan,Calgary,11,16,1 Video Video More   ,2024-10-01,Final,20241026_tcvv,NA
https://en.usports.ca/sports/fball/2024-25/boxscores/20240823_voey.xml,0,1,0,0,2024-25,2024-08-23,Sherbrooke,Montreal,45,14,4 RSEQ No. 1 TVA Sports ,2024-08-01,Final,20240823_voey,NA
https://en.usports.ca/sports/fball/2024-25/boxscores/20240830_18q7.xml,0,1,0,0,2024-25,2024-08-30,Concordia,Sherbrooke,15,19,5 RSEQ No. 3 TVA Sports ,2024-08-01,Final,20240830_18q7,NA
https://en.usports.ca/sports/fball/2024-25/boxscores/20240906_4taz.xml,0,1,0,0,2024-25,2024-09-06,McGill,Sherbrooke,26,29,6 RSEQ No. 5 ,2024-09-01,Final,20240906_4taz,NA
https://en.usports.ca/sports/fball/2024-25/boxscores/20240922_o3ge.xml,0,1,0,0,2024-25,2024-09-22,Sherbrooke,Laval,29,2, RSEQ No. 10 ,2024-09-01,Final,20240922_o3ge,NA
https://en.usports.ca/sports/fball/2024-25/boxscores/20240928_9v38.xml,0,1,0,0,2024-25,2024-09-28,Montreal,Sherbrooke,6,26, RSEQ No. 11 ,2024-09-01,Final,20240928_9v38,NA
https://en.usports.ca/sports/fball/2024-25/boxscores/20241005_ktif.xml,0,1,0,0,2024-25,2024-10-05,Sherbrooke,Concordia,35,27,7 RSEQ No. 14 ,2024-10-01,Final,20241005_ktif,NA
https://en.usports.ca/sports/fball/2024-25/boxscores/20241011_gnwr.xml,0,1,0,0,2024-25,2024-10-11,Sherbrooke,McGill,24,30,4 RSEQ No. 15 ,2024-10-01,Final - 2OT,20241011_gnwr,NA
https://en.usports.ca/sports/fball/2024-25/boxscores/20241026_k8xp.xml,0,1,0,0,2024-25,2024-10-26,Laval,Sherbrooke,0,28, RSEQ No. 20 TVA Sports ,2024-10-01,Final,20241026_k8xp,NA
NA,1,0,0,0,2024-25,NA,StFX,Mount Allison,17,10,0 (Pre-Season) Video  ,2024-08-01,Final,NA,NA
https://en.usports.ca/sports/fball/2024-25/boxscores/20240831_tjcf.xml,0,1,0,0,2024-25,2024-08-31,StFX,Bishop's,37,27,7 Video  ,2024-08-01,Final,20240831_tjcf,NA
https://en.usports.ca/sports/fball/2024-25/boxscores/20240907_wvb7.xml,0,1,0,0,2024-25,2024-09-07,Acadia,StFX,22,24,2 Video  More  ,2024-09-01,Final,20240907_wvb7,NA
https://en.usports.ca/sports/fball/2024-25/boxscores/20240914_nqvk.xml,0,1,0,0,2024-25,2024-09-14,Mount Allison,StFX,34,7, Video  More  ,2024-09-01,Final,20240914_nqvk,NA
https://en.usports.ca/sports/fball/2024-25/boxscores/20240920_xqxc.xml,0,1,0,0,2024-25,2024-09-20,StFX,Saint Mary's,17,19,7 Video  More   Results Photos Photos,2024-09-01,Final,20240920_xqxc,NA
https://en.usports.ca/sports/fball/2024-25/boxscores/20241005_xkub.xml,0,1,0,0,2024-25,2024-10-05,Bishop's,StFX,37,42,7 Video  ,2024-10-01,Final - 2OT,20241005_xkub,NA
https://en.usports.ca/sports/fball/2024-25/boxscores/20241011_76zq.xml,0,1,0,0,2024-25,2024-10-11,StFX,Acadia,0,46, Video  More  ,2024-10-01,Final,20241011_76zq,NA
https://en.usports.ca/sports/fball/2024-25/boxscores/20241019_q4ql.xml,0,1,0,0,2024-25,2024-10-19,StFX,Mount Allison,9,29, Video  More   ,2024-10-01,Final,20241019_q4ql,NA
https://en.usports.ca/sports/fball/2024-25/boxscores/20241026_pc2b.xml,0,1,0,0,2024-25,2024-10-26,Saint Mary's,StFX,26,19,9 Video  More   Photos,2024-10-01,Final,20241026_pc2b,NA
https://en.usports.ca/sports/fball/2024-25/boxscores/20240511_3533.xml,1,0,0,0,2024-25,2024-05-11,Team West,Team East,1,16, Video  ,2025-05-01,Final,20240511_3533,/sports/fball/2024-25/releases/20240520soownd
https://en.usports.ca/sports/fball/2024-25/boxscores/20240825_k38c.xml,0,1,0,0,2024-25,2024-08-25,Toronto,Waterloo,29,31,9 Video  ,2024-08-01,Final,20240825_k38c,NA
https://en.usports.ca/sports/fball/2024-25/boxscores/20240901_g7ih.xml,0,1,0,0,2024-25,2024-09-01,Guelph,Toronto,10,47,0 Video ,2024-09-01,Final,20240901_g7ih,NA
https://en.usports.ca/sports/fball/2024-25/boxscores/20240907_63zv.xml,0,1,0,0,2024-25,2024-09-07,Toronto,McMaster,32,3, Video ,2024-09-01,Final,20240907_63zv,NA
https://en.usports.ca/sports/fball/2024-25/boxscores/20240914_x465.xml,0,1,0,0,2024-25,2024-09-14,Carleton,Toronto,12,42,2 Video ,2024-09-01,Final,20240914_x465,NA
https://en.usports.ca/sports/fball/2024-25/boxscores/20240921_iehe.xml,0,1,0,0,2024-25,2024-09-21,York,Toronto,17,19,7 Video ,2024-09-01,Final,20240921_iehe,NA
https://en.usports.ca/sports/fball/2024-25/boxscores/20240928_wf91.xml,0,1,0,0,2024-25,2024-09-28,Toronto,Windsor,52,5, Video ,2024-09-01,Final,20240928_wf91,NA
https://en.usports.ca/sports/fball/2024-25/boxscores/20241011_6elb.xml,0,1,0,0,2024-25,2024-10-11,Western,Toronto,6,61, Video ,2024-10-01,Final,20241011_6elb,NA
https://en.usports.ca/sports/fball/2024-25/boxscores/20241019_jqs0.xml,0,1,0,0,2024-25,2024-10-19,Toronto,Ottawa,49,7, Video  ,2024-10-01,Final,20241019_jqs0,NA
https://en.usports.ca/sports/fball/2024-25/boxscores/20240830_0l6t.xml,0,1,0,0,2024-25,2024-08-30,Alberta,UBC,28,42,8 Video ,2024-08-01,Final,20240830_0l6t,NA
https://en.usports.ca/sports/fball/2024-25/boxscores/20240906_3y23.xml,0,1,0,0,2024-25,2024-09-06,Manitoba,UBC,10,33,0 Video ,2024-09-01,Final,20240906_3y23,NA
https://en.usports.ca/sports/fball/2024-25/boxscores/20240914_t6ag.xml,0,1,0,0,2024-25,2024-09-14,UBC,Regina,12,14,2 Video ,2024-09-01,Final,20240914_t6ag,NA
https://en.usports.ca/sports/fball/2024-25/boxscores/20240920_j5po.xml,0,1,0,0,2024-25,2024-09-20,Saskatchewan,UBC,38,24,4 Video Video More   ,2024-09-01,Final,20240920_j5po,NA
https://en.usports.ca/sports/fball/2024-25/boxscores/20240928_64ux.xml,0,1,0,0,2024-25,2024-09-28,UBC,Calgary,30,32,0 Video ,2024-09-01,Final,20240928_64ux,NA
https://en.usports.ca/sports/fball/2024-25/boxscores/20241004_eg4x.xml,0,1,0,0,2024-25,2024-10-04,UBC,Alberta,25,35,5 Video Video More   ,2024-10-01,Final,20241004_eg4x,NA
https://en.usports.ca/sports/fball/2024-25/boxscores/20241018_wvdu.xml,0,1,0,0,2024-25,2024-10-18,Calgary,UBC,21,5, Video Video More   ,2024-10-01,Final,20241018_wvdu,NA
https://en.usports.ca/sports/fball/2024-25/boxscores/20241026_st5e.xml,0,1,0,0,2024-25,2024-10-26,UBC,Manitoba,51,38,8 Video  More  ,2024-10-01,Final,20241026_st5e,NA
https://en.usports.ca/sports/fball/2024-25/boxscores/20240825_k38c.xml,0,1,0,0,2024-25,2024-08-25,Toronto,Waterloo,29,31,9 Video  ,2024-08-01,Final,20240825_k38c,NA
https://en.usports.ca/sports/fball/2024-25/boxscores/20240901_7zb6.xml,0,1,0,0,2024-25,2024-09-01,Waterloo,Western,71,3, ,2024-09-01,Final,20240901_7zb6,NA
https://en.usports.ca/sports/fball/2024-25/boxscores/20240907_9ysq.xml,0,1,0,0,2024-25,2024-09-07,Ottawa,Waterloo,5,26, Video  ,2024-09-01,Final,20240907_9ysq,NA
https://en.usports.ca/sports/fball/2024-25/boxscores/20240921_dqx4.xml,0,1,0,0,2024-25,2024-09-21,Laurier,Waterloo,23,39,3 Video ,2024-09-01,Final,20240921_dqx4,NA
https://en.usports.ca/sports/fball/2024-25/boxscores/20240928_zo0h.xml,0,1,0,0,2024-25,2024-09-28,Waterloo,Guelph,42,25,5 ,2024-09-01,Final,20240928_zo0h,NA
https://en.usports.ca/sports/fball/2024-25/boxscores/20241005_d6pq.xml,0,1,0,0,2024-25,2024-10-05,Waterloo,York,39,24,4 ,2024-10-01,Final,20241005_d6pq,NA
https://en.usports.ca/sports/fball/2024-25/boxscores/20241011_2ixd.xml,0,1,0,0,2024-25,2024-10-11,McMaster,Waterloo,32,34,2 Video ,2024-10-01,Final - OT,20241011_2ixd,NA
https://en.usports.ca/sports/fball/2024-25/boxscores/20241019_0icp.xml,0,1,0,0,2024-25,2024-10-19,Waterloo,Queen's,54,7, ,2024-10-01,Final,20241019_0icp,NA
https://en.usports.ca/sports/fball/2024-25/boxscores/20240825_o494.xml,0,1,0,0,2024-25,2024-08-25,Western,Ottawa,11,38,1 TD Place / Place TD Video  ,2024-08-01,Final,20240825_o494,NA
https://en.usports.ca/sports/fball/2024-25/boxscores/20240901_7zb6.xml,0,1,0,0,2024-25,2024-09-01,Waterloo,Western,71,3, ,2024-09-01,Final,20240901_7zb6,NA
https://en.usports.ca/sports/fball/2024-25/boxscores/20240907_n3hf.xml,0,1,0,0,2024-25,2024-09-07,Carleton,Western,52,21,1 ,2024-09-01,Final,20240907_n3hf,NA
https://en.usports.ca/sports/fball/2024-25/boxscores/20240914_f6dq.xml,0,1,0,0,2024-25,2024-09-14,Western,Laurier,43,28,8 ,2024-09-01,Final,20240914_f6dq,NA
https://en.usports.ca/sports/fball/2024-25/boxscores/20240928_tgo9.xml,0,1,0,0,2024-25,2024-09-28,Queen's,Western,39,14,4 ,2024-09-01,Final,20240928_tgo9,NA
https://en.usports.ca/sports/fball/2024-25/boxscores/20241005_4qfv.xml,0,1,0,0,2024-25,2024-10-05,Western,McMaster,26,61,6 ,2024-10-01,Final,20241005_4qfv,NA
https://en.usports.ca/sports/fball/2024-25/boxscores/20241011_6elb.xml,0,1,0,0,2024-25,2024-10-11,Western,Toronto,6,61, Video ,2024-10-01,Final,20241011_6elb,NA
https://en.usports.ca/sports/fball/2024-25/boxscores/20241019_cfpo.xml,0,1,0,0,2024-25,2024-10-19,Windsor,Western,46,5, ,2024-10-01,Final,20241019_cfpo,NA
https://en.usports.ca/sports/fball/2024-25/boxscores/20240824_dl8t.xml,0,1,0,0,2024-25,2024-08-24,Queen's,Windsor,25,21,1 ,2024-08-01,Final,20240824_dl8t,NA
https://en.usports.ca/sports/fball/2024-25/boxscores/20240831_zp7u.xml,0,1,0,0,2024-25,2024-08-31,Windsor,Carleton,15,18,5 ,2024-08-01,Final,20240831_zp7u,NA
https://en.usports.ca/sports/fball/2024-25/boxscores/20240914_jflg.xml,0,1,0,0,2024-25,2024-09-14,Windsor,York,0,29, ,2024-09-01,Final,20240914_jflg,NA
https://en.usports.ca/sports/fball/2024-25/boxscores/20240921_4pao.xml,0,1,0,0,2024-25,2024-09-21,Ottawa,Windsor,21,18,8 Video ,2024-09-01,Final,20240921_4pao,NA
https://en.usports.ca/sports/fball/2024-25/boxscores/20240928_wf91.xml,0,1,0,0,2024-25,2024-09-28,Toronto,Windsor,52,5, Video ,2024-09-01,Final,20240928_wf91,NA
https://en.usports.ca/sports/fball/2024-25/boxscores/20241005_s6qu.xml,0,1,0,0,2024-25,2024-10-05,Windsor,Guelph,45,40,0 ,2024-10-01,Final,20241005_s6qu,NA
https://en.usports.ca/sports/fball/2024-25/boxscores/20241011_u67f.xml,0,1,0,0,2024-25,2024-10-11,Laurier,Windsor,26,33,6 ,2024-10-01,Final,20241011_u67f,NA
https://en.usports.ca/sports/fball/2024-25/boxscores/20241019_cfpo.xml,0,1,0,0,2024-25,2024-10-19,Windsor,Western,46,5, ,2024-10-01,Final,20241019_cfpo,NA
https://en.usports.ca/sports/fball/2024-25/boxscores/20240831_0ey8.xml,0,1,0,0,2024-25,2024-08-31,Ottawa,York,4,27, Video  ,2024-08-01,Final,20240831_0ey8,NA
https://en.usports.ca/sports/fball/2024-25/boxscores/20240907_4w15.xml,0,1,0,0,2024-25,2024-09-07,York,Queen's,52,19,9 ,2024-09-01,Final,20240907_4w15,NA
https://en.usports.ca/sports/fball/2024-25/boxscores/20240914_jflg.xml,0,1,0,0,2024-25,2024-09-14,Windsor,York,0,29, ,2024-09-01,Final,20240914_jflg,NA
https://en.usports.ca/sports/fball/2024-25/boxscores/20240921_iehe.xml,0,1,0,0,2024-25,2024-09-21,York,Toronto,17,19,7 Video ,2024-09-01,Final,20240921_iehe,NA
https://en.usports.ca/sports/fball/2024-25/boxscores/20240928_5v4r.xml,0,1,0,0,2024-25,2024-09-28,York,Carleton,24,10,0 ,2024-09-01,Final,20240928_5v4r,NA
https://en.usports.ca/sports/fball/2024-25/boxscores/20241005_d6pq.xml,0,1,0,0,2024-25,2024-10-05,Waterloo,York,39,24,4 ,2024-10-01,Final,20241005_d6pq,NA
https://en.usports.ca/sports/fball/2024-25/boxscores/20241011_dbuy.xml,0,1,0,0,2024-25,2024-10-11,Guelph,York,19,33,9 ,2024-10-01,Final,20241011_dbuy,NA
https://en.usports.ca/sports/fball/2024-25/boxscores/20241019_p1aq.xml,0,1,0,0,2024-25,2024-10-19,York,McMaster,24,21,1 ,2024-10-01,Final,20241019_p1aq,NA
https://en.usports.ca/sports/fball/2023-24p/boxscores/20231104_2wlv.xml,0,0,1,0,2023-24p,2023-11-04,Saskatchewan,Alberta,40,17,7 CW Semifinal ,2023-11-01,Final,20231104_2wlv,NA
https://en.usports.ca/sports/fball/2023-24p/boxscores/20231111_525p.xml,0,0,1,0,2023-24p,2023-11-11,Alberta,UBC,28,27,7 86th Hardy Cup ,2023-11-01,Final,20231111_525p,NA
https://en.usports.ca/sports/fball/2023-24p/boxscores/20231104_vdn0.xml,0,0,1,0,2023-24p,2023-11-04,Mount Allison,Bishop's,34,15,5 AUS Semifinal Video  ,2023-11-01,Final,20231104_vdn0,NA
https://en.usports.ca/sports/fball/2023-24p/boxscores/20231111_ds4d.xml,0,0,1,0,2023-24p,2023-11-11,Bishop's,StFX,34,23,3 AUS Final (Loney Bowl) Video  ,2023-11-01,Final,20231111_ds4d,NA
https://en.usports.ca/sports/fball/2023-24p/boxscores/20231028_q2ro.xml,0,0,1,0,2023-24p,2023-10-28,Carleton,Windsor,14,11,1 OUA Quarterfinal ,2023-10-01,Final,20231028_q2ro,NA
https://en.usports.ca/sports/fball/2023-24p/boxscores/20231104_6yly.xml,0,0,1,0,2023-24p,2023-11-04,Concordia,Laval,34,27,7 Demifinal RSEQ Semifinal - TVA Sports ,2023-11-01,Final - 2OT,20231104_6yly,NA
https://en.usports.ca/sports/fball/2023-24p/boxscores/20231028_31o3.xml,0,0,1,0,2023-24p,2023-10-28,Waterloo,Laurier,69,0, OUA Quarterfinal ,2023-10-01,Final,20231028_31o3,NA
https://en.usports.ca/sports/fball/2023-24p/boxscores/20231104_ialf.xml,0,0,1,0,2023-24p,2023-11-04,Windsor,Laurier,21,14,4 OUA Semifinal ,2023-11-01,Final,20231104_ialf,NA
https://en.usports.ca/sports/fball/2023-24p/boxscores/20231111_50wx.xml,0,0,1,0,2023-24p,2023-11-11,Laurier,Western,29,14,4 115th Yates Cup Championship ,2023-11-01,Final,20231111_50wx,NA
https://en.usports.ca/sports/fball/2023-24p/boxscores/20231104_6yly.xml,0,0,1,0,2023-24p,2023-11-04,Concordia,Laval,34,27,7 Demifinal RSEQ Semifinal - TVA Sports ,2023-11-01,Final - 2OT,20231104_6yly,NA
https://en.usports.ca/sports/fball/2023-24p/boxscores/20231111_p5lu.xml,0,1,1,0,2023-24p,2023-11-11,Laval,Montreal,12,6, Coupe Dunsmore Cup ,2023-11-01,Final,20231111_p5lu,NA
https://en.usports.ca/sports/fball/2023-24p/boxscores/20231104_47lc.xml,0,0,1,0,2023-24p,2023-11-04,Manitoba,UBC,29,21,1 CW Semifinal ,2023-11-01,Final,20231104_47lc,NA
https://en.usports.ca/sports/fball/2023-24p/boxscores/20231104_4kqt.xml,0,0,1,0,2023-24p,2023-11-04,Sherbrooke,Montreal,54,3, Demifinal RSEQ Semifinal - TVA Sports ,2023-11-01,Final,20231104_4kqt,NA
https://en.usports.ca/sports/fball/2023-24p/boxscores/20231111_p5lu.xml,0,1,1,0,2023-24p,2023-11-11,Laval,Montreal,12,6, Coupe Dunsmore Cup ,2023-11-01,Final,20231111_p5lu,NA
https://en.usports.ca/sports/fball/2023-24p/boxscores/20231104_vdn0.xml,0,0,1,0,2023-24p,2023-11-04,Mount Allison,Bishop's,34,15,5 AUS Semifinal Video  ,2023-11-01,Final,20231104_vdn0,NA
https://en.usports.ca/sports/fball/2023-24p/boxscores/20231028_40p3.xml,0,0,1,0,2023-24p,2023-10-28,Ottawa,Queen's,15,10,0 OUA Quarterfinal ,2023-10-01,Final,20231028_40p3,NA
https://en.usports.ca/sports/fball/2023-24p/boxscores/20231028_40p3.xml,0,0,1,0,2023-24p,2023-10-28,Ottawa,Queen's,15,10,0 OUA Quarterfinal ,2023-10-01,Final,20231028_40p3,NA
https://en.usports.ca/sports/fball/2023-24p/boxscores/20231104_1129.xml,0,0,1,0,2023-24p,2023-11-04,Queen's,Western,47,20,0 OUA Semifinal ,2023-11-01,Final,20231104_1129,NA
https://en.usports.ca/sports/fball/2023-24p/boxscores/20231104_srwf.xml,0,0,1,0,2023-24p,2023-11-04,Saint Mary's,StFX,36,20,0 AUS Semifinal Video  More    Results Photos,2023-11-01,Final,20231104_srwf,NA
https://en.usports.ca/sports/fball/2023-24p/boxscores/20231104_2wlv.xml,0,0,1,0,2023-24p,2023-11-04,Saskatchewan,Alberta,40,17,7 CW Semifinal ,2023-11-01,Final,20231104_2wlv,NA
https://en.usports.ca/sports/fball/2023-24p/boxscores/20231104_4kqt.xml,0,0,1,0,2023-24p,2023-11-04,Sherbrooke,Montreal,54,3, Demifinal RSEQ Semifinal - TVA Sports ,2023-11-01,Final,20231104_4kqt,NA
https://en.usports.ca/sports/fball/2023-24p/boxscores/20231104_srwf.xml,0,0,1,0,2023-24p,2023-11-04,Saint Mary's,StFX,36,20,0 AUS Semifinal Video  More    Results Photos,2023-11-01,Final,20231104_srwf,NA
https://en.usports.ca/sports/fball/2023-24p/boxscores/20231111_ds4d.xml,0,0,1,0,2023-24p,2023-11-11,Bishop's,StFX,34,23,3 AUS Final (Loney Bowl) Video  ,2023-11-01,Final,20231111_ds4d,NA
https://en.usports.ca/sports/fball/2023-24p/boxscores/20231104_47lc.xml,0,0,1,0,2023-24p,2023-11-04,Manitoba,UBC,29,21,1 CW Semifinal ,2023-11-01,Final,20231104_47lc,NA
https://en.usports.ca/sports/fball/2023-24p/boxscores/20231111_525p.xml,0,0,1,0,2023-24p,2023-11-11,Alberta,UBC,28,27,7 86th Hardy Cup ,2023-11-01,Final,20231111_525p,NA
https://en.usports.ca/sports/fball/2023-24p/boxscores/20231028_31o3.xml,0,0,1,0,2023-24p,2023-10-28,Waterloo,Laurier,69,0, OUA Quarterfinal ,2023-10-01,Final,20231028_31o3,NA
https://en.usports.ca/sports/fball/2023-24p/boxscores/20231104_1129.xml,0,0,1,0,2023-24p,2023-11-04,Queen's,Western,47,20,0 OUA Semifinal ,2023-11-01,Final,20231104_1129,NA
https://en.usports.ca/sports/fball/2023-24p/boxscores/20231111_50wx.xml,0,0,1,0,2023-24p,2023-11-11,Laurier,Western,29,14,4 115th Yates Cup Championship ,2023-11-01,Final,20231111_50wx,NA
https://en.usports.ca/sports/fball/2023-24p/boxscores/20231028_q2ro.xml,0,0,1,0,2023-24p,2023-10-28,Carleton,Windsor,14,11,1 OUA Quarterfinal ,2023-10-01,Final,20231028_q2ro,NA
https://en.usports.ca/sports/fball/2023-24p/boxscores/20231104_ialf.xml,0,0,1,0,2023-24p,2023-11-04,Windsor,Laurier,21,14,4 OUA Semifinal ,2023-11-01,Final,20231104_ialf,NA
https://en.usports.ca/sports/fball/2023-24c/boxscores/20231118_2ret.xml,0,0,1,0,2023-24c,2023-11-18,Western,Montreal,29,3, Coupe Uteck Bowl   ,2023-11-01,Final,20231118_2ret,/sports/fball/2023-24c/releases/20240216k92ofm
https://en.usports.ca/sports/fball/2023-24c/boxscores/20231125_9cy5.xml,0,0,1,0,2023-24c,2023-11-25,UBC,Montreal,16,9, Coupe Vanier Cup   ,2023-11-01,Final,20231125_9cy5,/sports/fball/2023-24c/releases/2023-11-25_VC-recap
https://en.usports.ca/sports/fball/2023-24c/boxscores/20231118_cgfv.xml,0,0,1,0,2023-24c,2023-11-18,StFX,UBC,47,17,7 Coupe Mitchell Bowl Video  More  ,2023-11-01,Final,20231118_cgfv,NA
https://en.usports.ca/sports/fball/2023-24c/boxscores/20231118_cgfv.xml,0,0,1,0,2023-24c,2023-11-18,StFX,UBC,47,17,7 Coupe Mitchell Bowl Video  More  ,2023-11-01,Final,20231118_cgfv,NA
https://en.usports.ca/sports/fball/2023-24c/boxscores/20231125_9cy5.xml,0,0,1,0,2023-24c,2023-11-25,Montreal,UBC,9,16, Coupe Vanier Cup   ,2023-11-01,Final,20231125_9cy5,/sports/fball/2023-24c/releases/2023-11-25_VC-recap
https://en.usports.ca/sports/fball/2023-24c/boxscores/20231118_2ret.xml,0,0,1,0,2023-24c,2023-11-18,Western,Montreal,29,3, Coupe Uteck Bowl   ,2023-11-01,Final,20231118_2ret,/sports/fball/2023-24c/releases/20240216k92ofm
NA,1,0,0,0,2023-24,NA,Acadia,Saint Mary's,10,20,0 (Pre-Season)  Photos,2023-08-01,Final,NA,NA
https://en.usports.ca/sports/fball/2023-24/boxscores/20230826_c563.xml,0,1,0,0,2023-24,2023-08-26,Acadia,Mount Allison,13,15,3   More  ,2023-08-01,Final,20230826_c563,NA
https://en.usports.ca/sports/fball/2023-24/boxscores/20230902_yw93.xml,0,1,0,0,2023-24,2023-09-02,StFX,Acadia,6,23,   More  ,2023-09-01,Final,20230902_yw93,NA
https://en.usports.ca/sports/fball/2023-24/boxscores/20230908_0tdz.xml,0,1,0,0,2023-24,2023-09-08,Saint Mary's,Acadia,5,13,   More   Photos,2023-09-01,Final,20230908_0tdz,NA
https://en.usports.ca/sports/fball/2023-24/boxscores/20230916_dobd.xml,0,1,0,0,2023-24,2023-09-16,Acadia,Bishop's,40,9,   ,2023-09-01,Final,20230916_dobd,NA
https://en.usports.ca/sports/fball/2023-24/boxscores/20230930_krdl.xml,0,1,0,0,2023-24,2023-09-30,Mount Allison,Acadia,9,17,   ,2023-09-01,Final,20230930_krdl,NA
https://en.usports.ca/sports/fball/2023-24/boxscores/20231007_ambg.xml,0,1,0,0,2023-24,2023-10-07,Acadia,StFX,42,9,   More  ,2023-10-01,Final,20231007_ambg,NA
https://en.usports.ca/sports/fball/2023-24/boxscores/20231013_fc0i.xml,0,1,0,0,2023-24,2023-10-13,Acadia,Saint Mary's,33,18,8   More   Results Photos,2023-10-01,Final,20231013_fc0i,NA
https://en.usports.ca/sports/fball/2023-24/boxscores/20231021_3ub4.xml,0,1,0,0,2023-24,2023-10-21,Bishop's,Acadia,10,22,0   ,2023-10-01,Final,20231021_3ub4,NA
https://en.usports.ca/sports/fball/2023-24/boxscores/20230901_kp5r.xml,0,1,0,0,2023-24,2023-09-01,Alberta,Calgary,9,33, Video ,2023-09-01,Final,20230901_kp5r,NA
https://en.usports.ca/sports/fball/2023-24/boxscores/20230908_dkts.xml,0,1,0,0,2023-24,2023-09-08,Manitoba,Alberta,37,16,6 ,2023-09-01,Final,20230908_dkts,NA
https://en.usports.ca/sports/fball/2023-24/boxscores/20230915_4ekd.xml,0,1,0,0,2023-24,2023-09-15,Alberta,Saskatchewan,22,26,2 ,2023-09-01,Final,20230915_4ekd,NA
https://en.usports.ca/sports/fball/2023-24/boxscores/20230922_kne6.xml,0,1,0,0,2023-24,2023-09-22,Alberta,UBC,54,37,7 ,2023-09-01,Final,20230922_kne6,NA
https://en.usports.ca/sports/fball/2023-24/boxscores/20230929_xaoa.xml,0,1,0,0,2023-24,2023-09-29,Regina,Alberta,46,27,7 ,2023-09-01,Final,20230929_xaoa,NA
https://en.usports.ca/sports/fball/2023-24/boxscores/20231014_qusi.xml,0,1,0,0,2023-24,2023-10-14,Saskatchewan,Alberta,23,20,0 ,2023-10-01,Final,20231014_qusi,NA
https://en.usports.ca/sports/fball/2023-24/boxscores/20231020_ojgv.xml,0,1,0,0,2023-24,2023-10-20,Alberta,Manitoba,25,35,5 ,2023-10-01,Final,20231020_ojgv,NA
https://en.usports.ca/sports/fball/2023-24/boxscores/20231028_jy1h.xml,0,1,0,0,2023-24,2023-10-28,UBC,Alberta,10,23,0 ,2023-10-01,Final,20231028_jy1h,NA
https://en.usports.ca/sports/fball/2023-24/boxscores/20230826_kp4p.xml,0,1,0,0,2023-24,2023-08-26,Bishop's,StFX,22,8,   ,2023-08-01,Final,20230826_kp4p,NA
https://en.usports.ca/sports/fball/2023-24/boxscores/20230902_p8da.xml,0,1,0,0,2023-24,2023-09-02,Saint Mary's,Bishop's,38,10,0 Video  More   Photos,2023-09-01,Final,20230902_p8da,NA
https://en.usports.ca/sports/fball/2023-24/boxscores/20230916_dobd.xml,0,1,0,0,2023-24,2023-09-16,Acadia,Bishop's,40,9,   ,2023-09-01,Final,20230916_dobd,NA
https://en.usports.ca/sports/fball/2023-24/boxscores/20230923_da3c.xml,0,1,0,0,2023-24,2023-09-23,Bishop's,Mount Allison,10,18,0   ,2023-09-01,Final,20230923_da3c,NA
https://en.usports.ca/sports/fball/2023-24/boxscores/20230929_q27p.xml,0,1,0,0,2023-24,2023-09-29,StFX,Bishop's,31,34,1   ,2023-09-01,Final - 3OT,20230929_q27p,NA
https://en.usports.ca/sports/fball/2023-24/boxscores/20231007_oycj.xml,0,1,0,0,2023-24,2023-10-07,Bishop's,Saint Mary's,7,63,   More  Photos,2023-10-01,Final,20231007_oycj,NA
https://en.usports.ca/sports/fball/2023-24/boxscores/20231021_3ub4.xml,0,1,0,0,2023-24,2023-10-21,Bishop's,Acadia,10,22,0   ,2023-10-01,Final,20231021_3ub4,NA
https://en.usports.ca/sports/fball/2023-24/boxscores/20231027_70fk.xml,0,1,0,0,2023-24,2023-10-27,Mount Allison,Bishop's,18,8,  ,2023-10-01,Final,20231027_70fk,NA
https://en.usports.ca/sports/fball/2023-24/boxscores/20230901_kp5r.xml,0,1,0,0,2023-24,2023-09-01,Alberta,Calgary,9,33, Video ,2023-09-01,Final,20230901_kp5r,NA
https://en.usports.ca/sports/fball/2023-24/boxscores/20230909_9qyj.xml,0,1,0,0,2023-24,2023-09-09,Calgary,UBC,45,15,5 ,2023-09-01,Final,20230909_9qyj,NA
https://en.usports.ca/sports/fball/2023-24/boxscores/20230916_k77l.xml,0,1,0,0,2023-24,2023-09-16,Calgary,Regina,23,15,5 ,2023-09-01,Final,20230916_k77l,NA
https://en.usports.ca/sports/fball/2023-24/boxscores/20230922_o806.xml,0,1,0,0,2023-24,2023-09-22,Saskatchewan,Calgary,12,28,2 ,2023-09-01,Final,20230922_o806,NA
https://en.usports.ca/sports/fball/2023-24/boxscores/20231001_jd2w.xml,0,1,0,0,2023-24,2023-10-01,Calgary,Manitoba,34,21,1 ,2023-10-01,Final,20231001_jd2w,NA
https://en.usports.ca/sports/fball/2023-24/boxscores/20231014_39f6.xml,0,1,0,0,2023-24,2023-10-14,UBC,Calgary,20,6, ,2023-10-01,Final,20231014_39f6,NA
https://en.usports.ca/sports/fball/2023-24/boxscores/20231021_v7tn.xml,0,1,0,0,2023-24,2023-10-21,Calgary,Saskatchewan,12,13,2 ,2023-10-01,Final,20231021_v7tn,NA
https://en.usports.ca/sports/fball/2023-24/boxscores/20231028_wx74.xml,0,1,0,0,2023-24,2023-10-28,Manitoba,Calgary,35,23,3 ,2023-10-01,Final,20231028_wx74,NA
https://en.usports.ca/sports/fball/2023-24/boxscores/20230903_fxa2.xml,0,1,0,0,2023-24,2023-09-03,Carleton,Laurier,20,15,5 ,2023-09-01,Final,20230903_fxa2,NA
https://en.usports.ca/sports/fball/2023-24/boxscores/20230909_9g0a.xml,0,1,0,0,2023-24,2023-09-09,Western,Carleton,21,31,1 ,2023-09-01,Final,20230909_9g0a,NA
https://en.usports.ca/sports/fball/2023-24/boxscores/20230916_cbx9.xml,0,1,0,0,2023-24,2023-09-16,Carleton,York,0,52, ,2023-09-01,Final,20230916_cbx9,NA
https://en.usports.ca/sports/fball/2023-24/boxscores/20230923_3jo5.xml,0,1,0,0,2023-24,2023-09-23,Toronto,Carleton,46,7, ,2023-09-01,Final,20230923_3jo5,NA
https://en.usports.ca/sports/fball/2023-24/boxscores/20231001_z2pu.xml,0,1,0,0,2023-24,2023-10-01,Ottawa,Carleton,16,18,6 Panda Game Video  ,2023-10-01,Final,20231001_z2pu,NA
https://en.usports.ca/sports/fball/2023-24/boxscores/20231006_j3le.xml,0,1,0,0,2023-24,2023-10-06,Carleton,Queen's,35,16,6 ,2023-10-01,Final,20231006_j3le,NA
https://en.usports.ca/sports/fball/2023-24/boxscores/20231014_9mai.xml,0,1,0,0,2023-24,2023-10-14,Carleton,Waterloo,30,31,0 ,2023-10-01,Final,20231014_9mai,NA
https://en.usports.ca/sports/fball/2023-24/boxscores/20231021_o927.xml,0,1,0,0,2023-24,2023-10-21,Guelph,Carleton,29,27,7 ,2023-10-01,Final,20231021_o927,NA
https://en.usports.ca/sports/fball/2023-24/boxscores/20230901_enhl.xml,1,1,0,0,2023-24,2023-09-01,Montreal,Concordia,12,43,2 RSEQ #3 ,2023-09-01,Final,20230901_enhl,NA
https://en.usports.ca/sports/fball/2023-24/boxscores/20230908_0uml.xml,1,1,0,0,2023-24,2023-09-08,Concordia,Sherbrooke,27,30,7 RSEQ #5 ,2023-09-01,Final - 2OT,20230908_0uml,NA
https://en.usports.ca/sports/fball/2023-24/boxscores/20230916_nve5.xml,1,1,0,0,2023-24,2023-09-16,McGill,Concordia,42,24,4 RSEQ #7 ,2023-09-01,Final,20230916_nve5,NA
https://en.usports.ca/sports/fball/2023-24/boxscores/20230923_8f9k.xml,1,1,0,0,2023-24,2023-09-23,Laval,Concordia,14,31,4 RSEQ #10 ,2023-09-01,Final,20230923_8f9k,NA
https://en.usports.ca/sports/fball/2023-24/boxscores/20231008_0vvt.xml,1,1,0,0,2023-24,2023-10-08,Concordia,Laval,23,7, RSEQ #14 ,2023-10-01,Final,20231008_0vvt,NA
https://en.usports.ca/sports/fball/2023-24/boxscores/20231014_eum2.xml,1,1,0,0,2023-24,2023-10-14,Sherbrooke,Concordia,39,7, RSEQ #15 ,2023-10-01,Final,20231014_eum2,NA
https://en.usports.ca/sports/fball/2023-24/boxscores/20231020_2fvm.xml,1,1,0,0,2023-24,2023-10-20,Concordia,McGill,23,40,3 RSEQ #17 ,2023-10-01,Final,20231020_2fvm,NA
https://en.usports.ca/sports/fball/2023-24/boxscores/20231028_ey7z.xml,1,1,0,0,2023-24,2023-10-28,Concordia,Montreal,14,16,4 RSEQ #20 ,2023-10-01,Final,20231028_ey7z,NA
https://en.usports.ca/sports/fball/2023-24/boxscores/20230826_assb.xml,0,1,0,0,2023-24,2023-08-26,Toronto,Guelph,33,10,0 ,2023-08-01,Final,20230826_assb,NA
https://en.usports.ca/sports/fball/2023-24/boxscores/20230903_y4fw.xml,0,1,0,0,2023-24,2023-09-03,Guelph,Windsor,41,18,8 ,2023-09-01,Final,20230903_y4fw,NA
https://en.usports.ca/sports/fball/2023-24/boxscores/20230909_v26o.xml,0,1,0,0,2023-24,2023-09-09,Laurier,Guelph,21,60,1 ,2023-09-01,Final,20230909_v26o,NA
https://en.usports.ca/sports/fball/2023-24/boxscores/20230916_9vgk.xml,0,1,0,0,2023-24,2023-09-16,Guelph,McMaster,13,21,3 ,2023-09-01,Final,20230916_9vgk,NA
https://en.usports.ca/sports/fball/2023-24/boxscores/20230923_phdc.xml,0,1,0,0,2023-24,2023-09-23,York,Guelph,88,7, ,2023-09-01,Final,20230923_phdc,NA
https://en.usports.ca/sports/fball/2023-24/boxscores/20230930_0x7p.xml,0,1,0,0,2023-24,2023-09-30,Guelph,Waterloo,30,23,3 ,2023-09-01,Final,20230930_0x7p,NA
https://en.usports.ca/sports/fball/2023-24/boxscores/20231014_g4j3.xml,0,1,0,0,2023-24,2023-10-14,Queen's,Guelph,17,24,7 ,2023-10-01,Final,20231014_g4j3,NA
https://en.usports.ca/sports/fball/2023-24/boxscores/20231021_o927.xml,0,1,0,0,2023-24,2023-10-21,Guelph,Carleton,29,27,7 ,2023-10-01,Final,20231021_o927,NA
https://en.usports.ca/sports/fball/2023-24/boxscores/20230826_uan3.xml,0,1,0,0,2023-24,2023-08-26,Laurier,Queen's,10,11,0 ,2023-08-01,Final,20230826_uan3,NA
https://en.usports.ca/sports/fball/2023-24/boxscores/20230903_fxa2.xml,0,1,0,0,2023-24,2023-09-03,Carleton,Laurier,20,15,5 ,2023-09-01,Final,20230903_fxa2,NA
https://en.usports.ca/sports/fball/2023-24/boxscores/20230909_v26o.xml,0,1,0,0,2023-24,2023-09-09,Laurier,Guelph,21,60,1 ,2023-09-01,Final,20230909_v26o,NA
https://en.usports.ca/sports/fball/2023-24/boxscores/20230916_19xi.xml,0,1,0,0,2023-24,2023-09-16,Waterloo,Laurier,47,20,0 ,2023-09-01,Final,20230916_19xi,NA
https://en.usports.ca/sports/fball/2023-24/boxscores/20230923_nuza.xml,0,1,0,0,2023-24,2023-09-23,McMaster,Laurier,36,9, ,2023-09-01,Final,20230923_nuza,NA
https://en.usports.ca/sports/fball/2023-24/boxscores/20231007_z5so.xml,0,1,0,0,2023-24,2023-10-07,Laurier,Ottawa,30,38,0 TD Place / Place TD Video  ,2023-10-01,Final,20231007_z5so,NA
https://en.usports.ca/sports/fball/2023-24/boxscores/20231014_vfva.xml,0,1,0,0,2023-24,2023-10-14,Windsor,Laurier,40,7, ,2023-10-01,Final,20231014_vfva,NA
https://en.usports.ca/sports/fball/2023-24/boxscores/20231021_th91.xml,0,1,0,0,2023-24,2023-10-21,Laurier,Western,33,30,0 ,2023-10-01,Final,20231021_th91,NA
https://en.usports.ca/sports/fball/2023-24/boxscores/20230825_m9ty.xml,1,1,0,0,2023-24,2023-08-25,Laval,Sherbrooke,14,37,4 RSEQ #1 ,2023-08-01,Final,20230825_m9ty,NA
https://en.usports.ca/sports/fball/2023-24/boxscores/20230909_8f0h.xml,1,1,0,0,2023-24,2023-09-09,McGill,Laval,48,7, RSEQ #6 ,2023-09-01,Final,20230909_8f0h,NA
https://en.usports.ca/sports/fball/2023-24/boxscores/20230917_9mp8.xml,1,1,0,0,2023-24,2023-09-17,Montreal,Laval,14,31,4 RSEQ #8 ,2023-09-01,Final,20230917_9mp8,NA
https://en.usports.ca/sports/fball/2023-24/boxscores/20230923_8f9k.xml,1,1,0,0,2023-24,2023-09-23,Laval,Concordia,14,31,4 RSEQ #10 ,2023-09-01,Final,20230923_8f9k,NA
https://en.usports.ca/sports/fball/2023-24/boxscores/20230930_w1so.xml,1,1,0,0,2023-24,2023-09-30,Laval,McGill,14,46,4 RSEQ #11 ,2023-09-01,Final,20230930_w1so,NA
https://en.usports.ca/sports/fball/2023-24/boxscores/20231008_0vvt.xml,1,1,0,0,2023-24,2023-10-08,Concordia,Laval,23,7, RSEQ #14 ,2023-10-01,Final,20231008_0vvt,NA
https://en.usports.ca/sports/fball/2023-24/boxscores/20231014_298u.xml,1,1,0,0,2023-24,2023-10-14,Laval,Montreal,28,0, RSEQ #16 ,2023-10-01,Final,20231014_298u,NA
https://en.usports.ca/sports/fball/2023-24/boxscores/20231022_9hyo.xml,1,1,0,0,2023-24,2023-10-22,Sherbrooke,Laval,27,7, RSEQ #18 ,2023-10-01,Final,20231022_9hyo,NA
https://en.usports.ca/sports/fball/2023-24/boxscores/20230824_1unm.xml,1,0,0,0,2023-24,2023-08-24,Manitoba,Regina,7,26, ,2023-08-01,Final,20230824_1unm,NA
https://en.usports.ca/sports/fball/2023-24/boxscores/20230901_ocfk.xml,0,1,0,0,2023-24,2023-09-01,Saskatchewan,Manitoba,27,30,7 ,2023-09-01,Final,20230901_ocfk,NA
https://en.usports.ca/sports/fball/2023-24/boxscores/20230908_dkts.xml,0,1,0,0,2023-24,2023-09-08,Manitoba,Alberta,37,16,6 ,2023-09-01,Final,20230908_dkts,NA
https://en.usports.ca/sports/fball/2023-24/boxscores/20230916_yt3j.xml,0,1,0,0,2023-24,2023-09-16,Manitoba,UBC,56,10,0 ,2023-09-01,Final,20230916_yt3j,NA
https://en.usports.ca/sports/fball/2023-24/boxscores/20230923_fdpz.xml,0,1,0,0,2023-24,2023-09-23,Regina,Manitoba,27,24,4 ,2023-09-01,Final - 2OT,20230923_fdpz,NA
https://en.usports.ca/sports/fball/2023-24/boxscores/20231001_jd2w.xml,0,1,0,0,2023-24,2023-10-01,Calgary,Manitoba,34,21,1 ,2023-10-01,Final,20231001_jd2w,NA
https://en.usports.ca/sports/fball/2023-24/boxscores/20231014_5uzw.xml,0,1,0,0,2023-24,2023-10-14,Manitoba,Regina,34,41,4 ,2023-10-01,Final,20231014_5uzw,NA
https://en.usports.ca/sports/fball/2023-24/boxscores/20231020_ojgv.xml,0,1,0,0,2023-24,2023-10-20,Alberta,Manitoba,25,35,5 ,2023-10-01,Final,20231020_ojgv,NA
https://en.usports.ca/sports/fball/2023-24/boxscores/20231028_wx74.xml,0,1,0,0,2023-24,2023-10-28,Manitoba,Calgary,35,23,3 ,2023-10-01,Final,20231028_wx74,NA
https://en.usports.ca/sports/fball/2023-24/boxscores/20230818_b6qf.xml,1,0,0,0,2023-24,2023-08-18,Queen's,McGill,10,33,0 Non-conference ,2023-08-01,Final,20230818_b6qf,NA
https://en.usports.ca/sports/fball/2023-24/boxscores/20230826_s47i.xml,1,1,0,0,2023-24,2023-08-26,McGill,Montreal,43,11,1 RSEQ #2 ,2023-08-01,Final,20230826_s47i,NA
https://en.usports.ca/sports/fball/2023-24/boxscores/20230901_whjb.xml,1,1,0,0,2023-24,2023-09-01,Sherbrooke,McGill,26,14,4 RSEQ #4 ,2023-09-01,Final,20230901_whjb,NA
https://en.usports.ca/sports/fball/2023-24/boxscores/20230909_8f0h.xml,1,1,0,0,2023-24,2023-09-09,McGill,Laval,48,7, RSEQ #6 ,2023-09-01,Final,20230909_8f0h,NA
https://en.usports.ca/sports/fball/2023-24/boxscores/20230916_nve5.xml,1,1,0,0,2023-24,2023-09-16,McGill,Concordia,42,24,4 RSEQ #7 ,2023-09-01,Final,20230916_nve5,NA
https://en.usports.ca/sports/fball/2023-24/boxscores/20230930_w1so.xml,1,1,0,0,2023-24,2023-09-30,Laval,McGill,14,46,4 RSEQ #11 ,2023-09-01,Final,20230930_w1so,NA
https://en.usports.ca/sports/fball/2023-24/boxscores/20231006_i317.xml,1,1,0,0,2023-24,2023-10-06,Montreal,McGill,14,36,4 RSEQ #13 ,2023-10-01,Final,20231006_i317,NA
https://en.usports.ca/sports/fball/2023-24/boxscores/20231020_2fvm.xml,1,1,0,0,2023-24,2023-10-20,Concordia,McGill,23,40,3 RSEQ #17 ,2023-10-01,Final,20231020_2fvm,NA
https://en.usports.ca/sports/fball/2023-24/boxscores/20231028_wmsm.xml,1,1,0,0,2023-24,2023-10-28,McGill,Sherbrooke,41,28,8 RSEQ #19 ,2023-10-01,Final,20231028_wmsm,NA
https://en.usports.ca/sports/fball/2023-24/boxscores/20230826_r87y.xml,0,1,0,0,2023-24,2023-08-26,Windsor,McMaster,17,21,7 ,2023-08-01,Final,20230826_r87y,NA
https://en.usports.ca/sports/fball/2023-24/boxscores/20230903_o99c.xml,0,1,0,0,2023-24,2023-09-03,McMaster,Western,34,22,2 ,2023-09-01,Final,20230903_o99c,NA
https://en.usports.ca/sports/fball/2023-24/boxscores/20230909_f5ry.xml,0,1,0,0,2023-24,2023-09-09,York,McMaster,71,0, ,2023-09-01,Final,20230909_f5ry,NA
https://en.usports.ca/sports/fball/2023-24/boxscores/20230916_9vgk.xml,0,1,0,0,2023-24,2023-09-16,Guelph,McMaster,13,21,3 ,2023-09-01,Final,20230916_9vgk,NA
https://en.usports.ca/sports/fball/2023-24/boxscores/20230923_nuza.xml,0,1,0,0,2023-24,2023-09-23,McMaster,Laurier,36,9, ,2023-09-01,Final,20230923_nuza,NA
https://en.usports.ca/sports/fball/2023-24/boxscores/20230930_zcrr.xml,0,1,0,0,2023-24,2023-09-30,McMaster,Toronto,33,19,9 ,2023-09-01,Final,20230930_zcrr,NA
https://en.usports.ca/sports/fball/2023-24/boxscores/20231006_1h7g.xml,0,1,0,0,2023-24,2023-10-06,Waterloo,McMaster,31,19,9 ,2023-10-01,Final,20231006_1h7g,NA
https://en.usports.ca/sports/fball/2023-24/boxscores/20231014_ryi2.xml,0,1,0,0,2023-24,2023-10-14,McMaster,Ottawa,23,9, TD Place / Place TD Video  ,2023-10-01,Final,20231014_ryi2,NA
https://en.usports.ca/sports/fball/2023-24/boxscores/20230826_s47i.xml,1,1,0,0,2023-24,2023-08-26,McGill,Montreal,43,11,1 RSEQ #2 ,2023-08-01,Final,20230826_s47i,NA
https://en.usports.ca/sports/fball/2023-24/boxscores/20230901_enhl.xml,1,1,0,0,2023-24,2023-09-01,Montreal,Concordia,12,43,2 RSEQ #3 ,2023-09-01,Final,20230901_enhl,NA
https://en.usports.ca/sports/fball/2023-24/boxscores/20230917_9mp8.xml,1,1,0,0,2023-24,2023-09-17,Montreal,Laval,14,31,4 RSEQ #8 ,2023-09-01,Final,20230917_9mp8,NA
https://en.usports.ca/sports/fball/2023-24/boxscores/20230923_r1fn.xml,1,1,0,0,2023-24,2023-09-23,Sherbrooke,Montreal,59,13,3 RSEQ #9 ,2023-09-01,Final,20230923_r1fn,NA
https://en.usports.ca/sports/fball/2023-24/boxscores/20230930_8qak.xml,1,1,0,0,2023-24,2023-09-30,Montreal,Sherbrooke,13,34,3 RSEQ #12 ,2023-09-01,Final,20230930_8qak,NA
https://en.usports.ca/sports/fball/2023-24/boxscores/20231006_i317.xml,1,1,0,0,2023-24,2023-10-06,Montreal,McGill,14,36,4 RSEQ #13 ,2023-10-01,Final,20231006_i317,NA
https://en.usports.ca/sports/fball/2023-24/boxscores/20231014_298u.xml,1,1,0,0,2023-24,2023-10-14,Laval,Montreal,28,0, RSEQ #16 ,2023-10-01,Final,20231014_298u,NA
https://en.usports.ca/sports/fball/2023-24/boxscores/20231028_ey7z.xml,1,1,0,0,2023-24,2023-10-28,Concordia,Montreal,14,16,4 RSEQ #20 ,2023-10-01,Final,20231028_ey7z,NA
NA,1,0,0,0,2023-24,NA,Mount Allison,StFX,46,7, (Non-Conference) ,2023-08-01,Final,NA,NA
https://en.usports.ca/sports/fball/2023-24/boxscores/20230826_c563.xml,0,1,0,0,2023-24,2023-08-26,Acadia,Mount Allison,13,15,3   More  ,2023-08-01,Final,20230826_c563,NA
https://en.usports.ca/sports/fball/2023-24/boxscores/20230909_z9f3.xml,0,1,0,0,2023-24,2023-09-09,StFX,Mount Allison,8,43,   More  ,2023-09-01,Final,20230909_z9f3,NA
https://en.usports.ca/sports/fball/2023-24/boxscores/20230915_p5hi.xml,0,1,0,0,2023-24,2023-09-15,Mount Allison,Saint Mary's,10,24,0   More  Photos,2023-09-01,Final,20230915_p5hi,NA
https://en.usports.ca/sports/fball/2023-24/boxscores/20230923_da3c.xml,0,1,0,0,2023-24,2023-09-23,Bishop's,Mount Allison,10,18,0   ,2023-09-01,Final,20230923_da3c,NA
https://en.usports.ca/sports/fball/2023-24/boxscores/20230930_krdl.xml,0,1,0,0,2023-24,2023-09-30,Mount Allison,Acadia,9,17,   ,2023-09-01,Final,20230930_krdl,NA
https://en.usports.ca/sports/fball/2023-24/boxscores/20231014_n08b.xml,0,1,0,0,2023-24,2023-10-14,Mount Allison,StFX,52,7,   ,2023-10-01,Final,20231014_n08b,NA
https://en.usports.ca/sports/fball/2023-24/boxscores/20231021_sdl9.xml,0,1,0,0,2023-24,2023-10-21,Saint Mary's,Mount Allison,13,11,1   More   Results Photos,2023-10-01,Final,20231021_sdl9,NA
https://en.usports.ca/sports/fball/2023-24/boxscores/20231027_70fk.xml,0,1,0,0,2023-24,2023-10-27,Mount Allison,Bishop's,18,8,  ,2023-10-01,Final,20231027_70fk,NA
https://en.usports.ca/sports/fball/2023-24/boxscores/20230827_jpbh.xml,0,1,0,0,2023-24,2023-08-27,Waterloo,Ottawa,29,10,0 TD Place / Place TD Video  ,2023-08-01,Final,20230827_jpbh,NA
https://en.usports.ca/sports/fball/2023-24/boxscores/20230903_egic.xml,0,1,0,0,2023-24,2023-09-03,Ottawa,Toronto,10,15,0 Varsity Stadium Video  ,2023-09-01,Final,20230903_egic,NA
https://en.usports.ca/sports/fball/2023-24/boxscores/20230916_wvtt.xml,0,1,0,0,2023-24,2023-09-16,Windsor,Ottawa,31,42,1 TD Place / Place TD Video  ,2023-09-01,Final,20230916_wvtt,NA
https://en.usports.ca/sports/fball/2023-24/boxscores/20230923_8bnj.xml,0,1,0,0,2023-24,2023-09-23,Ottawa,Western,50,17,7 Western Alumni Stadium Video  ,2023-09-01,Final,20230923_8bnj,NA
https://en.usports.ca/sports/fball/2023-24/boxscores/20231001_z2pu.xml,0,1,0,0,2023-24,2023-10-01,Carleton,Ottawa,18,16,6 Panda Game Video  ,2023-10-01,Final,20231001_z2pu,NA
https://en.usports.ca/sports/fball/2023-24/boxscores/20231007_z5so.xml,0,1,0,0,2023-24,2023-10-07,Laurier,Ottawa,30,38,0 TD Place / Place TD Video  ,2023-10-01,Final,20231007_z5so,NA
https://en.usports.ca/sports/fball/2023-24/boxscores/20231014_ryi2.xml,0,1,0,0,2023-24,2023-10-14,McMaster,Ottawa,23,9, TD Place / Place TD Video  ,2023-10-01,Final,20231014_ryi2,NA
https://en.usports.ca/sports/fball/2023-24/boxscores/20231021_ol8b.xml,0,1,0,0,2023-24,2023-10-21,Ottawa,Queen's,12,8, Richardson Memorial Stadium Video  ,2023-10-01,Final,20231021_ol8b,NA
https://en.usports.ca/sports/fball/2023-24/boxscores/20230818_b6qf.xml,1,0,0,0,2023-24,2023-08-18,Queen's,McGill,10,33,0 Non-conference ,2023-08-01,Final,20230818_b6qf,NA
https://en.usports.ca/sports/fball/2023-24/boxscores/20230826_uan3.xml,0,1,0,0,2023-24,2023-08-26,Laurier,Queen's,10,11,0 ,2023-08-01,Final,20230826_uan3,NA
https://en.usports.ca/sports/fball/2023-24/boxscores/20230909_4pgu.xml,0,1,0,0,2023-24,2023-09-09,Queen's,Toronto,9,42, ,2023-09-01,Final,20230909_4pgu,NA
https://en.usports.ca/sports/fball/2023-24/boxscores/20230916_94be.xml,0,1,0,0,2023-24,2023-09-16,Western,Queen's,27,32,7 ,2023-09-01,Final,20230916_94be,NA
https://en.usports.ca/sports/fball/2023-24/boxscores/20230923_kyec.xml,0,1,0,0,2023-24,2023-09-23,Queen's,Windsor,29,5, ,2023-09-01,Final,20230923_kyec,NA
https://en.usports.ca/sports/fball/2023-24/boxscores/20230930_tqeu.xml,0,1,0,0,2023-24,2023-09-30,Queen's,York,0,87, ,2023-09-01,Final,20230930_tqeu,NA
https://en.usports.ca/sports/fball/2023-24/boxscores/20231006_j3le.xml,0,1,0,0,2023-24,2023-10-06,Carleton,Queen's,35,16,6 ,2023-10-01,Final,20231006_j3le,NA
https://en.usports.ca/sports/fball/2023-24/boxscores/20231014_g4j3.xml,0,1,0,0,2023-24,2023-10-14,Queen's,Guelph,17,24,7 ,2023-10-01,Final,20231014_g4j3,NA
https://en.usports.ca/sports/fball/2023-24/boxscores/20231021_ol8b.xml,0,1,0,0,2023-24,2023-10-21,Ottawa,Queen's,12,8, Richardson Memorial Stadium Video  ,2023-10-01,Final,20231021_ol8b,NA
https://en.usports.ca/sports/fball/2023-24/boxscores/20230824_1unm.xml,1,0,0,0,2023-24,2023-08-24,Manitoba,Regina,7,26, ,2023-08-01,Final,20230824_1unm,NA
https://en.usports.ca/sports/fball/2023-24/boxscores/20230901_mtxs.xml,0,1,0,0,2023-24,2023-09-01,UBC,Regina,10,25,0 ,2023-09-01,Final,20230901_mtxs,NA
https://en.usports.ca/sports/fball/2023-24/boxscores/20230908_oh18.xml,0,1,0,0,2023-24,2023-09-08,Regina,Saskatchewan,40,6, ,2023-09-01,Final,20230908_oh18,NA
https://en.usports.ca/sports/fball/2023-24/boxscores/20230916_k77l.xml,0,1,0,0,2023-24,2023-09-16,Calgary,Regina,23,15,5 ,2023-09-01,Final,20230916_k77l,NA
https://en.usports.ca/sports/fball/2023-24/boxscores/20230923_fdpz.xml,0,1,0,0,2023-24,2023-09-23,Regina,Manitoba,27,24,4 ,2023-09-01,Final - 2OT,20230923_fdpz,NA
https://en.usports.ca/sports/fball/2023-24/boxscores/20230929_xaoa.xml,0,1,0,0,2023-24,2023-09-29,Regina,Alberta,46,27,7 ,2023-09-01,Final,20230929_xaoa,NA
https://en.usports.ca/sports/fball/2023-24/boxscores/20231014_5uzw.xml,0,1,0,0,2023-24,2023-10-14,Manitoba,Regina,34,41,4 ,2023-10-01,Final,20231014_5uzw,NA
https://en.usports.ca/sports/fball/2023-24/boxscores/20231021_ko23.xml,0,1,0,0,2023-24,2023-10-21,Regina,UBC,31,20,0 ,2023-10-01,Final,20231021_ko23,NA
https://en.usports.ca/sports/fball/2023-24/boxscores/20231028_mhx2.xml,0,1,0,0,2023-24,2023-10-28,Saskatchewan,Regina,11,43,1 ,2023-10-01,Final,20231028_mhx2,NA
NA,1,0,0,0,2023-24,NA,Acadia,Saint Mary's,10,20,0 (Pre-Season)  Photos,2023-08-01,Final,NA,NA
https://en.usports.ca/sports/fball/2023-24/boxscores/20230902_p8da.xml,0,1,0,0,2023-24,2023-09-02,Saint Mary's,Bishop's,38,10,0 Video  More   Photos,2023-09-01,Final,20230902_p8da,NA
https://en.usports.ca/sports/fball/2023-24/boxscores/20230908_0tdz.xml,0,1,0,0,2023-24,2023-09-08,Saint Mary's,Acadia,5,13,   More   Photos,2023-09-01,Final,20230908_0tdz,NA
https://en.usports.ca/sports/fball/2023-24/boxscores/20230915_p5hi.xml,0,1,0,0,2023-24,2023-09-15,Mount Allison,Saint Mary's,10,24,0   More  Photos,2023-09-01,Final,20230915_p5hi,NA
https://en.usports.ca/sports/fball/2023-24/boxscores/20230922_5g7v.xml,0,1,0,0,2023-24,2023-09-22,Saint Mary's,StFX,51,21,1   More   Photos,2023-09-01,Final,20230922_5g7v,NA
https://en.usports.ca/sports/fball/2023-24/boxscores/20231007_oycj.xml,0,1,0,0,2023-24,2023-10-07,Bishop's,Saint Mary's,7,63,   More  Photos,2023-10-01,Final,20231007_oycj,NA
https://en.usports.ca/sports/fball/2023-24/boxscores/20231013_fc0i.xml,0,1,0,0,2023-24,2023-10-13,Acadia,Saint Mary's,33,18,8   More   Results Photos,2023-10-01,Final,20231013_fc0i,NA
https://en.usports.ca/sports/fball/2023-24/boxscores/20231021_sdl9.xml,0,1,0,0,2023-24,2023-10-21,Saint Mary's,Mount Allison,13,11,1   More   Results Photos,2023-10-01,Final,20231021_sdl9,NA
https://en.usports.ca/sports/fball/2023-24/boxscores/20231027_1iad.xml,0,1,0,0,2023-24,2023-10-27,StFX,Saint Mary's,10,40,0   More   Photos,2023-10-01,Final,20231027_1iad,NA
https://en.usports.ca/sports/fball/2023-24/boxscores/20230901_ocfk.xml,0,1,0,0,2023-24,2023-09-01,Saskatchewan,Manitoba,27,30,7 ,2023-09-01,Final,20230901_ocfk,NA
https://en.usports.ca/sports/fball/2023-24/boxscores/20230908_oh18.xml,0,1,0,0,2023-24,2023-09-08,Regina,Saskatchewan,40,6, ,2023-09-01,Final,20230908_oh18,NA
https://en.usports.ca/sports/fball/2023-24/boxscores/20230915_4ekd.xml,0,1,0,0,2023-24,2023-09-15,Alberta,Saskatchewan,22,26,2 ,2023-09-01,Final,20230915_4ekd,NA
https://en.usports.ca/sports/fball/2023-24/boxscores/20230922_o806.xml,0,1,0,0,2023-24,2023-09-22,Saskatchewan,Calgary,12,28,2 ,2023-09-01,Final,20230922_o806,NA
https://en.usports.ca/sports/fball/2023-24/boxscores/20230929_i6lt.xml,0,1,0,0,2023-24,2023-09-29,UBC,Saskatchewan,34,31,1 ,2023-09-01,Final,20230929_i6lt,NA
https://en.usports.ca/sports/fball/2023-24/boxscores/20231014_qusi.xml,0,1,0,0,2023-24,2023-10-14,Saskatchewan,Alberta,23,20,0 ,2023-10-01,Final,20231014_qusi,NA
https://en.usports.ca/sports/fball/2023-24/boxscores/20231021_v7tn.xml,0,1,0,0,2023-24,2023-10-21,Calgary,Saskatchewan,12,13,2 ,2023-10-01,Final,20231021_v7tn,NA
https://en.usports.ca/sports/fball/2023-24/boxscores/20231028_mhx2.xml,0,1,0,0,2023-24,2023-10-28,Saskatchewan,Regina,11,43,1 ,2023-10-01,Final,20231028_mhx2,NA
https://en.usports.ca/sports/fball/2023-24/boxscores/20230825_m9ty.xml,1,1,0,0,2023-24,2023-08-25,Laval,Sherbrooke,14,37,4 RSEQ #1 ,2023-08-01,Final,20230825_m9ty,NA
https://en.usports.ca/sports/fball/2023-24/boxscores/20230901_whjb.xml,1,1,0,0,2023-24,2023-09-01,Sherbrooke,McGill,26,14,4 RSEQ #4 ,2023-09-01,Final,20230901_whjb,NA
https://en.usports.ca/sports/fball/2023-24/boxscores/20230908_0uml.xml,1,1,0,0,2023-24,2023-09-08,Concordia,Sherbrooke,27,30,7 RSEQ #5 ,2023-09-01,Final - 2OT,20230908_0uml,NA
https://en.usports.ca/sports/fball/2023-24/boxscores/20230923_r1fn.xml,1,1,0,0,2023-24,2023-09-23,Sherbrooke,Montreal,59,13,3 RSEQ #9 ,2023-09-01,Final,20230923_r1fn,NA
https://en.usports.ca/sports/fball/2023-24/boxscores/20230930_8qak.xml,1,1,0,0,2023-24,2023-09-30,Montreal,Sherbrooke,13,34,3 RSEQ #12 ,2023-09-01,Final,20230930_8qak,NA
https://en.usports.ca/sports/fball/2023-24/boxscores/20231014_eum2.xml,1,1,0,0,2023-24,2023-10-14,Sherbrooke,Concordia,39,7, RSEQ #15 ,2023-10-01,Final,20231014_eum2,NA
https://en.usports.ca/sports/fball/2023-24/boxscores/20231022_9hyo.xml,1,1,0,0,2023-24,2023-10-22,Sherbrooke,Laval,27,7, RSEQ #18 ,2023-10-01,Final,20231022_9hyo,NA
https://en.usports.ca/sports/fball/2023-24/boxscores/20231028_wmsm.xml,1,1,0,0,2023-24,2023-10-28,McGill,Sherbrooke,41,28,8 RSEQ #19 ,2023-10-01,Final,20231028_wmsm,NA
NA,1,0,0,0,2023-24,NA,Mount Allison,StFX,46,7, (Non-Conference) ,2023-08-01,Final,NA,NA
https://en.usports.ca/sports/fball/2023-24/boxscores/20230826_kp4p.xml,0,1,0,0,2023-24,2023-08-26,Bishop's,StFX,22,8,   ,2023-08-01,Final,20230826_kp4p,NA
https://en.usports.ca/sports/fball/2023-24/boxscores/20230902_yw93.xml,0,1,0,0,2023-24,2023-09-02,StFX,Acadia,6,23,   More  ,2023-09-01,Final,20230902_yw93,NA
https://en.usports.ca/sports/fball/2023-24/boxscores/20230909_z9f3.xml,0,1,0,0,2023-24,2023-09-09,StFX,Mount Allison,8,43,   More  ,2023-09-01,Final,20230909_z9f3,NA
https://en.usports.ca/sports/fball/2023-24/boxscores/20230922_5g7v.xml,0,1,0,0,2023-24,2023-09-22,Saint Mary's,StFX,51,21,1   More   Photos,2023-09-01,Final,20230922_5g7v,NA
https://en.usports.ca/sports/fball/2023-24/boxscores/20230929_q27p.xml,0,1,0,0,2023-24,2023-09-29,StFX,Bishop's,31,34,1   ,2023-09-01,Final - 3OT,20230929_q27p,NA
https://en.usports.ca/sports/fball/2023-24/boxscores/20231007_ambg.xml,0,1,0,0,2023-24,2023-10-07,Acadia,StFX,42,9,   More  ,2023-10-01,Final,20231007_ambg,NA
https://en.usports.ca/sports/fball/2023-24/boxscores/20231014_n08b.xml,0,1,0,0,2023-24,2023-10-14,Mount Allison,StFX,52,7,   ,2023-10-01,Final,20231014_n08b,NA
https://en.usports.ca/sports/fball/2023-24/boxscores/20231027_1iad.xml,0,1,0,0,2023-24,2023-10-27,StFX,Saint Mary's,10,40,0   More   Photos,2023-10-01,Final,20231027_1iad,NA
https://en.usports.ca/sports/fball/2023-24/boxscores/20230513_ijy0.xml,1,0,0,0,2023-24,2023-05-13,Team West,Team East,37,0, 2023 East West Bowl Video  Results,2024-05-01,Final,20230513_ijy0,NA
https://en.usports.ca/sports/fball/2023-24/boxscores/20230513_ijy0.xml,1,0,0,0,2023-24,2023-05-13,Team East,Team West,0,37, 2023 East West Bowl Video  Results,2024-05-01,Final,20230513_ijy0,NA
https://en.usports.ca/sports/fball/2023-24/boxscores/20230826_assb.xml,0,1,0,0,2023-24,2023-08-26,Toronto,Guelph,33,10,0 ,2023-08-01,Final,20230826_assb,NA
https://en.usports.ca/sports/fball/2023-24/boxscores/20230903_egic.xml,0,1,0,0,2023-24,2023-09-03,Ottawa,Toronto,10,15,0 Varsity Stadium Video  ,2023-09-01,Final,20230903_egic,NA
https://en.usports.ca/sports/fball/2023-24/boxscores/20230909_4pgu.xml,0,1,0,0,2023-24,2023-09-09,Queen's,Toronto,9,42, ,2023-09-01,Final,20230909_4pgu,NA
https://en.usports.ca/sports/fball/2023-24/boxscores/20230923_3jo5.xml,0,1,0,0,2023-24,2023-09-23,Toronto,Carleton,46,7, ,2023-09-01,Final,20230923_3jo5,NA
https://en.usports.ca/sports/fball/2023-24/boxscores/20230930_zcrr.xml,0,1,0,0,2023-24,2023-09-30,McMaster,Toronto,33,19,9 ,2023-09-01,Final,20230930_zcrr,NA
https://en.usports.ca/sports/fball/2023-24/boxscores/20231006_9fb6.xml,0,1,0,0,2023-24,2023-10-06,Toronto,York,3,57, ,2023-10-01,Final,20231006_9fb6,NA
https://en.usports.ca/sports/fball/2023-24/boxscores/20231014_mcny.xml,0,1,0,0,2023-24,2023-10-14,Toronto,Western,66,24,4 ,2023-10-01,Final,20231014_mcny,NA
https://en.usports.ca/sports/fball/2023-24/boxscores/20231021_v8k8.xml,0,1,0,0,2023-24,2023-10-21,Waterloo,Toronto,21,26,1 ,2023-10-01,Final,20231021_v8k8,NA
https://en.usports.ca/sports/fball/2023-24/boxscores/20230901_mtxs.xml,0,1,0,0,2023-24,2023-09-01,UBC,Regina,10,25,0 ,2023-09-01,Final,20230901_mtxs,NA
https://en.usports.ca/sports/fball/2023-24/boxscores/20230909_9qyj.xml,0,1,0,0,2023-24,2023-09-09,Calgary,UBC,45,15,5 ,2023-09-01,Final,20230909_9qyj,NA
https://en.usports.ca/sports/fball/2023-24/boxscores/20230916_yt3j.xml,0,1,0,0,2023-24,2023-09-16,Manitoba,UBC,56,10,0 ,2023-09-01,Final,20230916_yt3j,NA
https://en.usports.ca/sports/fball/2023-24/boxscores/20230922_kne6.xml,0,1,0,0,2023-24,2023-09-22,Alberta,UBC,54,37,7 ,2023-09-01,Final,20230922_kne6,NA
https://en.usports.ca/sports/fball/2023-24/boxscores/20230929_i6lt.xml,0,1,0,0,2023-24,2023-09-29,UBC,Saskatchewan,34,31,1 ,2023-09-01,Final,20230929_i6lt,NA
https://en.usports.ca/sports/fball/2023-24/boxscores/20231014_39f6.xml,0,1,0,0,2023-24,2023-10-14,UBC,Calgary,20,6, ,2023-10-01,Final,20231014_39f6,NA
https://en.usports.ca/sports/fball/2023-24/boxscores/20231021_ko23.xml,0,1,0,0,2023-24,2023-10-21,Regina,UBC,31,20,0 ,2023-10-01,Final,20231021_ko23,NA
https://en.usports.ca/sports/fball/2023-24/boxscores/20231028_jy1h.xml,0,1,0,0,2023-24,2023-10-28,UBC,Alberta,10,23,0 ,2023-10-01,Final,20231028_jy1h,NA
https://en.usports.ca/sports/fball/2023-24/boxscores/20230827_jpbh.xml,0,1,0,0,2023-24,2023-08-27,Waterloo,Ottawa,29,10,0 TD Place / Place TD Video  ,2023-08-01,Final,20230827_jpbh,NA
https://en.usports.ca/sports/fball/2023-24/boxscores/20230903_xyxn.xml,0,1,0,0,2023-24,2023-09-03,York,Waterloo,53,32,2 ,2023-09-01,Final,20230903_xyxn,NA
https://en.usports.ca/sports/fball/2023-24/boxscores/20230909_cvmy.xml,0,1,0,0,2023-24,2023-09-09,Windsor,Waterloo,0,37, ,2023-09-01,Final,20230909_cvmy,NA
https://en.usports.ca/sports/fball/2023-24/boxscores/20230916_19xi.xml,0,1,0,0,2023-24,2023-09-16,Waterloo,Laurier,47,20,0 ,2023-09-01,Final,20230916_19xi,NA
https://en.usports.ca/sports/fball/2023-24/boxscores/20230930_0x7p.xml,0,1,0,0,2023-24,2023-09-30,Guelph,Waterloo,30,23,3 ,2023-09-01,Final,20230930_0x7p,NA
https://en.usports.ca/sports/fball/2023-24/boxscores/20231006_1h7g.xml,0,1,0,0,2023-24,2023-10-06,Waterloo,McMaster,31,19,9 ,2023-10-01,Final,20231006_1h7g,NA
https://en.usports.ca/sports/fball/2023-24/boxscores/20231014_9mai.xml,0,1,0,0,2023-24,2023-10-14,Carleton,Waterloo,30,31,0 ,2023-10-01,Final,20231014_9mai,NA
https://en.usports.ca/sports/fball/2023-24/boxscores/20231021_v8k8.xml,0,1,0,0,2023-24,2023-10-21,Waterloo,Toronto,21,26,1 ,2023-10-01,Final,20231021_v8k8,NA
https://en.usports.ca/sports/fball/2023-24/boxscores/20230826_pe79.xml,0,1,0,0,2023-24,2023-08-26,Western,York,0,83, ,2023-08-01,Final,20230826_pe79,NA
https://en.usports.ca/sports/fball/2023-24/boxscores/20230903_o99c.xml,0,1,0,0,2023-24,2023-09-03,McMaster,Western,34,22,2 ,2023-09-01,Final,20230903_o99c,NA
https://en.usports.ca/sports/fball/2023-24/boxscores/20230909_9g0a.xml,0,1,0,0,2023-24,2023-09-09,Western,Carleton,21,31,1 ,2023-09-01,Final,20230909_9g0a,NA
https://en.usports.ca/sports/fball/2023-24/boxscores/20230916_94be.xml,0,1,0,0,2023-24,2023-09-16,Western,Queen's,27,32,7 ,2023-09-01,Final,20230916_94be,NA
https://en.usports.ca/sports/fball/2023-24/boxscores/20230923_8bnj.xml,0,1,0,0,2023-24,2023-09-23,Ottawa,Western,50,17,7 Western Alumni Stadium Video  ,2023-09-01,Final,20230923_8bnj,NA
https://en.usports.ca/sports/fball/2023-24/boxscores/20230930_643p.xml,0,1,0,0,2023-24,2023-09-30,Western,Windsor,10,21,0 ,2023-09-01,Final,20230930_643p,NA
https://en.usports.ca/sports/fball/2023-24/boxscores/20231014_mcny.xml,0,1,0,0,2023-24,2023-10-14,Toronto,Western,66,24,4 ,2023-10-01,Final,20231014_mcny,NA
https://en.usports.ca/sports/fball/2023-24/boxscores/20231021_th91.xml,0,1,0,0,2023-24,2023-10-21,Laurier,Western,33,30,0 ,2023-10-01,Final,20231021_th91,NA
https://en.usports.ca/sports/fball/2023-24/boxscores/20230826_r87y.xml,0,1,0,0,2023-24,2023-08-26,Windsor,McMaster,17,21,7 ,2023-08-01,Final,20230826_r87y,NA
https://en.usports.ca/sports/fball/2023-24/boxscores/20230903_y4fw.xml,0,1,0,0,2023-24,2023-09-03,Guelph,Windsor,41,18,8 ,2023-09-01,Final,20230903_y4fw,NA
https://en.usports.ca/sports/fball/2023-24/boxscores/20230909_cvmy.xml,0,1,0,0,2023-24,2023-09-09,Windsor,Waterloo,0,37, ,2023-09-01,Final,20230909_cvmy,NA
https://en.usports.ca/sports/fball/2023-24/boxscores/20230916_wvtt.xml,0,1,0,0,2023-24,2023-09-16,Windsor,Ottawa,31,42,1 TD Place / Place TD Video  ,2023-09-01,Final,20230916_wvtt,NA
https://en.usports.ca/sports/fball/2023-24/boxscores/20230923_kyec.xml,0,1,0,0,2023-24,2023-09-23,Queen's,Windsor,29,5, ,2023-09-01,Final,20230923_kyec,NA
https://en.usports.ca/sports/fball/2023-24/boxscores/20230930_643p.xml,0,1,0,0,2023-24,2023-09-30,Western,Windsor,10,21,0 ,2023-09-01,Final,20230930_643p,NA
https://en.usports.ca/sports/fball/2023-24/boxscores/20231014_vfva.xml,0,1,0,0,2023-24,2023-10-14,Windsor,Laurier,40,7, ,2023-10-01,Final,20231014_vfva,NA
https://en.usports.ca/sports/fball/2023-24/boxscores/20231021_01yp.xml,0,1,0,0,2023-24,2023-10-21,York,Windsor,69,0, ,2023-10-01,Final,20231021_01yp,NA
https://en.usports.ca/sports/fball/2023-24/boxscores/20230826_pe79.xml,0,1,0,0,2023-24,2023-08-26,Western,York,0,83, ,2023-08-01,Final,20230826_pe79,NA
https://en.usports.ca/sports/fball/2023-24/boxscores/20230903_xyxn.xml,0,1,0,0,2023-24,2023-09-03,York,Waterloo,53,32,2 ,2023-09-01,Final,20230903_xyxn,NA
https://en.usports.ca/sports/fball/2023-24/boxscores/20230909_f5ry.xml,0,1,0,0,2023-24,2023-09-09,York,McMaster,71,0, ,2023-09-01,Final,20230909_f5ry,NA
https://en.usports.ca/sports/fball/2023-24/boxscores/20230916_cbx9.xml,0,1,0,0,2023-24,2023-09-16,Carleton,York,0,52, ,2023-09-01,Final,20230916_cbx9,NA
https://en.usports.ca/sports/fball/2023-24/boxscores/20230923_phdc.xml,0,1,0,0,2023-24,2023-09-23,York,Guelph,88,7, ,2023-09-01,Final,20230923_phdc,NA
https://en.usports.ca/sports/fball/2023-24/boxscores/20230930_tqeu.xml,0,1,0,0,2023-24,2023-09-30,Queen's,York,0,87, ,2023-09-01,Final,20230930_tqeu,NA
https://en.usports.ca/sports/fball/2023-24/boxscores/20231006_9fb6.xml,0,1,0,0,2023-24,2023-10-06,Toronto,York,3,57, ,2023-10-01,Final,20231006_9fb6,NA
https://en.usports.ca/sports/fball/2023-24/boxscores/20231021_01yp.xml,0,1,0,0,2023-24,2023-10-21,York,Windsor,69,0, ,2023-10-01,Final,20231021_01yp,NA
https://en.usports.ca/sports/fball/2022-23p/boxscores/20221105_jhbv.xml,0,0,1,0,2022-23p,2022-11-05,Mount Allison,Bishop's,12,15,2 AUS Semifinal (3rd at 2nd) Video  ,2022-11-01,Final,20221105_jhbv,NA
https://en.usports.ca/sports/fball/2022-23p/boxscores/20221029_ezbr.xml,0,0,1,0,2022-23p,2022-10-29,Carleton,Laurier,41,13,3 OUA Quarterfinal ,2022-10-01,Final,20221029_ezbr,NA
https://en.usports.ca/sports/fball/2022-23p/boxscores/20221105_6cnd.xml,0,0,1,0,2022-23p,2022-11-05,Concordia,Laval,38,27,7 RSEQ Semifinal / Demi-finale - TVA Sports ,2022-11-01,Final,20221105_6cnd,NA
https://en.usports.ca/sports/fball/2022-23p/boxscores/20221029_ezbr.xml,0,0,1,0,2022-23p,2022-10-29,Carleton,Laurier,41,13,3 OUA Quarterfinal ,2022-10-01,Final,20221029_ezbr,NA
https://en.usports.ca/sports/fball/2022-23p/boxscores/20221105_prrm.xml,0,0,1,0,2022-23p,2022-11-05,Laurier,Western,45,9, OUA Semifinal ,2022-11-01,Final,20221105_prrm,NA
https://en.usports.ca/sports/fball/2022-23p/boxscores/20221105_6cnd.xml,0,0,1,0,2022-23p,2022-11-05,Concordia,Laval,38,27,7 RSEQ Semifinal / Demi-finale - TVA Sports ,2022-11-01,Final,20221105_6cnd,NA
https://en.usports.ca/sports/fball/2022-23p/boxscores/20221112_28uq.xml,0,0,1,0,2022-23p,2022-11-12,Montreal,Laval,25,24,4 RSEQ Coupe Dunsmore Cup - TVA Sports ,2022-11-01,Final,20221112_28uq,NA
https://en.usports.ca/sports/fball/2022-23p/boxscores/20221105_u9g7.xml,0,0,1,0,2022-23p,2022-11-05,Manitoba,Saskatchewan,37,9, CW Semifinal ,2022-11-01,Final,20221105_u9g7,NA
https://en.usports.ca/sports/fball/2022-23p/boxscores/20221105_n1r5.xml,0,0,1,0,2022-23p,2022-11-05,Sherbrooke,Montreal,23,15,5 RSEQ Semifinal / Demi-finale - TVA Sports ,2022-11-01,Final,20221105_n1r5,NA
https://en.usports.ca/sports/fball/2022-23p/boxscores/20221112_28uq.xml,0,0,1,0,2022-23p,2022-11-12,Montreal,Laval,25,24,4 RSEQ Coupe Dunsmore Cup - TVA Sports ,2022-11-01,Final,20221112_28uq,NA
https://en.usports.ca/sports/fball/2022-23p/boxscores/20221105_jhbv.xml,0,0,1,0,2022-23p,2022-11-05,Mount Allison,Bishop's,12,15,2 AUS Semifinal (3rd at 2nd) Video  ,2022-11-01,Final,20221105_jhbv,NA
https://en.usports.ca/sports/fball/2022-23p/boxscores/20221112_eszx.xml,0,0,1,0,2022-23p,2022-11-12,Mount Allison,StFX,21,14,4 AUS Final - The Loney Bowl Video  More  ,2022-11-01,Final,20221112_eszx,NA
https://en.usports.ca/sports/fball/2022-23p/boxscores/20221029_tudb.xml,0,0,1,0,2022-23p,2022-10-29,Windsor,Ottawa,43,40,0 OUA Quarterfinal / Gee-Gees Field ,2022-10-01,Final,20221029_tudb,NA
https://en.usports.ca/sports/fball/2022-23p/boxscores/20221105_wsq0.xml,0,0,1,0,2022-23p,2022-11-05,Ottawa,Queen's,35,13,3 OUA Semifinal ,2022-11-01,Final,20221105_wsq0,NA
https://en.usports.ca/sports/fball/2022-23p/boxscores/20221029_u0vu.xml,0,0,1,0,2022-23p,2022-10-29,Toronto,Queen's,41,13,3 OUA Quarterfinal ,2022-10-01,Final,20221029_u0vu,NA
https://en.usports.ca/sports/fball/2022-23p/boxscores/20221105_wsq0.xml,0,0,1,0,2022-23p,2022-11-05,Ottawa,Queen's,35,13,3 OUA Semifinal ,2022-11-01,Final,20221105_wsq0,NA
https://en.usports.ca/sports/fball/2022-23p/boxscores/20221112_46ha.xml,0,1,1,0,2022-23p,2022-11-12,Queen's,Western,44,16,6 OUA Yates Cup ,2022-11-01,Final,20221112_46ha,NA
https://en.usports.ca/sports/fball/2022-23p/boxscores/20221105_e6t3.xml,0,0,1,0,2022-23p,2022-11-05,UBC,Regina,14,28,4 CW Semifinal ,2022-11-01,Final,20221105_e6t3,NA
https://en.usports.ca/sports/fball/2022-23p/boxscores/20221105_u9g7.xml,0,0,1,0,2022-23p,2022-11-05,Manitoba,Saskatchewan,37,9, CW Semifinal ,2022-11-01,Final,20221105_u9g7,NA
https://en.usports.ca/sports/fball/2022-23p/boxscores/20221112_217v.xml,0,0,1,0,2022-23p,2022-11-12,UBC,Saskatchewan,23,8, CW Hardy Cup ,2022-11-01,Final,20221112_217v,NA
https://en.usports.ca/sports/fball/2022-23p/boxscores/20221105_n1r5.xml,0,0,1,0,2022-23p,2022-11-05,Sherbrooke,Montreal,23,15,5 RSEQ Semifinal / Demi-finale - TVA Sports ,2022-11-01,Final,20221105_n1r5,NA
https://en.usports.ca/sports/fball/2022-23p/boxscores/20221112_eszx.xml,0,0,1,0,2022-23p,2022-11-12,Mount Allison,StFX,21,14,4 AUS Final - The Loney Bowl Video  More  ,2022-11-01,Final,20221112_eszx,NA
https://en.usports.ca/sports/fball/2022-23p/boxscores/20221029_u0vu.xml,0,0,1,0,2022-23p,2022-10-29,Toronto,Queen's,41,13,3 OUA Quarterfinal ,2022-10-01,Final,20221029_u0vu,NA
https://en.usports.ca/sports/fball/2022-23p/boxscores/20221105_e6t3.xml,0,0,1,0,2022-23p,2022-11-05,UBC,Regina,14,28,4 CW Semifinal ,2022-11-01,Final,20221105_e6t3,NA
https://en.usports.ca/sports/fball/2022-23p/boxscores/20221112_217v.xml,0,0,1,0,2022-23p,2022-11-12,UBC,Saskatchewan,23,8, CW Hardy Cup ,2022-11-01,Final,20221112_217v,NA
https://en.usports.ca/sports/fball/2022-23p/boxscores/20221105_prrm.xml,0,0,1,0,2022-23p,2022-11-05,Laurier,Western,45,9, OUA Semifinal ,2022-11-01,Final,20221105_prrm,NA
https://en.usports.ca/sports/fball/2022-23p/boxscores/20221112_46ha.xml,0,1,1,0,2022-23p,2022-11-12,Queen's,Western,44,16,6 OUA Yates Cup ,2022-11-01,Final,20221112_46ha,NA
https://en.usports.ca/sports/fball/2022-23p/boxscores/20221029_tudb.xml,0,0,1,0,2022-23p,2022-10-29,Windsor,Ottawa,43,40,0 OUA Quarterfinal / Gee-Gees Field ,2022-10-01,Final,20221029_tudb,NA
https://en.usports.ca/sports/fball/2022-23c/boxscores/20221119_0lle.xml,0,0,1,0,2022-23c,2022-11-19,Laval,Western,20,27,0 Mitchell Bowl (RSEQ at OUA)   ,2022-11-01,Final,20221119_0lle,/sports/fball/2022-23c/releases/20240301m8xtc6
https://en.usports.ca/sports/fball/2022-23c/boxscores/20221126_rrgc.xml,0,0,1,0,2022-23c,2022-11-26,Saskatchewan,Laval,30,24,4 Coupe Vanier Cup  ,2022-11-01,Final,20221126_rrgc,/sports/fball/2022-23c/releases/20240301ml0ne2
https://en.usports.ca/sports/fball/2022-23c/boxscores/20221119_yjn3.xml,0,0,1,0,2022-23c,2022-11-19,Saskatchewan,StFX,19,36,9 Uteck Bowl (CW at AUS) Video  More   ,2022-11-01,Final,20221119_yjn3,/sports/fball/2022-23c/releases/20240301mdlgr5
https://en.usports.ca/sports/fball/2022-23c/boxscores/20221126_rrgc.xml,0,0,1,0,2022-23c,2022-11-26,Laval,Saskatchewan,24,30,4 Coupe Vanier Cup  ,2022-11-01,Final,20221126_rrgc,/sports/fball/2022-23c/releases/20240301ml0ne2
https://en.usports.ca/sports/fball/2022-23c/boxscores/20221119_yjn3.xml,0,0,1,0,2022-23c,2022-11-19,Saskatchewan,StFX,19,36,9 Uteck Bowl (CW at AUS) Video  More   ,2022-11-01,Final,20221119_yjn3,/sports/fball/2022-23c/releases/20240301mdlgr5
https://en.usports.ca/sports/fball/2022-23c/boxscores/20221119_0lle.xml,0,0,1,0,2022-23c,2022-11-19,Laval,Western,20,27,0 Mitchell Bowl (RSEQ at OUA)   ,2022-11-01,Final,20221119_0lle,/sports/fball/2022-23c/releases/20240301m8xtc6
NA,1,0,0,0,2022-23,NA,StFX,Acadia,0,22, (Pre-Season),2022-08-01,Final,NA,NA
https://en.usports.ca/sports/fball/2022-23/boxscores/20220827_17c3.xml,0,1,0,0,2022-23,NA,Bishop's,Acadia,5,13,   ,2022-08-01,Final,NA,NA
https://en.usports.ca/sports/fball/2022-23/boxscores/20220902_z1t3.xml,0,1,0,0,2022-23,2022-09-02,Acadia,Saint Mary's,31,11,1   More   Photos,2022-09-01,Final,20220902_z1t3,NA
https://en.usports.ca/sports/fball/2022-23/boxscores/20220910_u27s.xml,0,1,0,0,2022-23,2022-09-10,Acadia,StFX,24,10,0   More   ,2022-09-01,Final,20220910_u27s,NA
https://en.usports.ca/sports/fball/2022-23/boxscores/20220917_1dfo.xml,0,1,0,0,2022-23,NA,Mount Allison,Acadia,9,12,  ,2022-09-01,Final,NA,NA
https://en.usports.ca/sports/fball/2022-23/boxscores/20221001_gek7.xml,0,1,0,0,2022-23,2022-10-01,Saint Mary's,Acadia,23,25,3   More   Photos,2022-10-01,Final,20221001_gek7,NA
https://en.usports.ca/sports/fball/2022-23/boxscores/20221007_n9f7.xml,0,1,0,0,2022-23,2022-10-07,Acadia,Mount Allison,19,11,1   More  ,2022-10-01,Final,20221007_n9f7,NA
https://en.usports.ca/sports/fball/2022-23/boxscores/20221015_toxy.xml,0,1,0,0,2022-23,2022-10-15,StFX,Acadia,11,46,1   More  ,2022-10-01,Final,20221015_toxy,NA
https://en.usports.ca/sports/fball/2022-23/boxscores/20221022_8wyn.xml,0,1,0,0,2022-23,2022-10-22,Acadia,Bishop's,39,8,   ,2022-10-01,Final,20221022_8wyn,NA
https://en.usports.ca/sports/fball/2022-23/boxscores/20220903_8q5m.xml,0,1,0,0,2022-23,2022-09-03,Alberta,UBC,30,21,1 Canada West ,2022-09-01,Final,20220903_8q5m,NA
https://en.usports.ca/sports/fball/2022-23/boxscores/20220909_noaw.xml,0,1,0,0,2022-23,2022-09-09,Manitoba,Alberta,34,11,1 Canada West ,2022-09-01,Final,20220909_noaw,NA
https://en.usports.ca/sports/fball/2022-23/boxscores/20220916_mue1.xml,0,1,0,0,2022-23,2022-09-16,Alberta,Calgary,23,34,3 Canada West ,2022-09-01,Final,20220916_mue1,NA
https://en.usports.ca/sports/fball/2022-23/boxscores/20220923_rz7q.xml,0,1,0,0,2022-23,2022-09-23,Saskatchewan,Alberta,16,38,6 Canada West ,2022-09-01,Final,20220923_rz7q,NA
https://en.usports.ca/sports/fball/2022-23/boxscores/20221001_0t4n.xml,0,1,0,0,2022-23,2022-10-01,Alberta,Regina,19,14,4 Canada West ,2022-10-01,Final,20221001_0t4n,NA
https://en.usports.ca/sports/fball/2022-23/boxscores/20221015_7vi1.xml,0,1,0,0,2022-23,2022-10-15,Calgary,Alberta,11,24,1 Canada West ,2022-10-01,Final,20221015_7vi1,NA
https://en.usports.ca/sports/fball/2022-23/boxscores/20221022_n4bi.xml,0,1,0,0,2022-23,2022-10-22,Alberta,Manitoba,44,30,0 Canada West ,2022-10-01,Final,20221022_n4bi,NA
https://en.usports.ca/sports/fball/2022-23/boxscores/20221029_cavr.xml,0,1,0,0,2022-23,2022-10-29,UBC,Alberta,15,12,2 Canada West ,2022-10-01,Final,20221029_cavr,NA
https://en.usports.ca/sports/fball/2022-23/boxscores/20220827_17c3.xml,0,1,0,0,2022-23,NA,Bishop's,Acadia,5,13,   ,2022-08-01,Final,NA,NA
https://en.usports.ca/sports/fball/2022-23/boxscores/20220903_ddzl.xml,0,1,0,0,2022-23,2022-09-03,Bishop's,Mount Allison,18,15,5   ,2022-09-01,Final,20220903_ddzl,NA
https://en.usports.ca/sports/fball/2022-23/boxscores/20220917_1cna.xml,0,1,0,0,2022-23,2022-09-17,StFX,Bishop's,16,21,6   ,2022-09-01,Final,20220917_1cna,NA
NA,0,1,0,0,2022-23,NA,Bishop's,Saint Mary's,,,NA,2022-09-01,Cancelled,NA,NA
https://en.usports.ca/sports/fball/2022-23/boxscores/20221001_h8rd.xml,0,1,0,0,2022-23,2022-10-01,Mount Allison,Bishop's,19,6,   More  ,2022-10-01,Final,20221001_h8rd,NA
https://en.usports.ca/sports/fball/2022-23/boxscores/20221008_aqcp.xml,0,1,0,0,2022-23,NA,Bishop's,StFX,30,10,0  ,2022-10-01,Final,NA,NA
https://en.usports.ca/sports/fball/2022-23/boxscores/20221022_8wyn.xml,0,1,0,0,2022-23,2022-10-22,Acadia,Bishop's,39,8,   ,2022-10-01,Final,20221022_8wyn,NA
https://en.usports.ca/sports/fball/2022-23/boxscores/20221029_qeld.xml,0,1,0,0,2022-23,2022-10-29,Saint Mary's,Bishop's,25,17,7 (4-point game)   More  Photos,2022-10-01,Final,20221029_qeld,NA
NA,1,0,0,0,2022-23,NA,UBC,Calgary,7,28,NA,2022-08-01,Final,NA,NA
https://en.usports.ca/sports/fball/2022-23/boxscores/20220902_jsy9.xml,0,1,0,0,2022-23,2022-09-02,Saskatchewan,Calgary,5,44, Canada West ,2022-09-01,Final,20220902_jsy9,NA
https://en.usports.ca/sports/fball/2022-23/boxscores/20220909_813x.xml,0,1,0,0,2022-23,2022-09-09,Calgary,Regina,32,24,4 Canada West ,2022-09-01,Final,20220909_813x,NA
https://en.usports.ca/sports/fball/2022-23/boxscores/20220916_mue1.xml,0,1,0,0,2022-23,2022-09-16,Alberta,Calgary,23,34,3 Canada West ,2022-09-01,Final,20220916_mue1,NA
https://en.usports.ca/sports/fball/2022-23/boxscores/20220924_l4l0.xml,0,1,0,0,2022-23,2022-09-24,Calgary,Manitoba,46,4, Canada West ,2022-09-01,Final,20220924_l4l0,NA
https://en.usports.ca/sports/fball/2022-23/boxscores/20220930_pjhn.xml,0,1,0,0,2022-23,2022-09-30,UBC,Calgary,29,39,9 Canada West ,2022-09-01,Final,20220930_pjhn,NA
https://en.usports.ca/sports/fball/2022-23/boxscores/20221015_7vi1.xml,0,1,0,0,2022-23,2022-10-15,Calgary,Alberta,11,24,1 Canada West ,2022-10-01,Final,20221015_7vi1,NA
https://en.usports.ca/sports/fball/2022-23/boxscores/20221022_hn0v.xml,0,1,0,0,2022-23,2022-10-22,Regina,Calgary,7,30, Canada West ,2022-10-01,Final,20221022_hn0v,NA
https://en.usports.ca/sports/fball/2022-23/boxscores/20221029_nz9u.xml,0,1,0,0,2022-23,2022-10-29,Calgary,Saskatchewan,24,1, Canada West ,2022-10-01,Final,20221029_nz9u,NA
https://en.usports.ca/sports/fball/2022-23/boxscores/20220827_fat2.xml,1,1,0,0,2022-23,2022-08-27,McMaster,Carleton,24,18,8 OUA #4 ,2022-08-01,Final - Forfeit Away,20220827_fat2,NA
https://en.usports.ca/sports/fball/2022-23/boxscores/20220904_wjhj.xml,1,1,0,0,2022-23,2022-09-04,Carleton,Toronto,28,13,3 OUA #10 ,2022-09-01,Final,20220904_wjhj,NA
https://en.usports.ca/sports/fball/2022-23/boxscores/20220910_gqow.xml,0,1,0,0,2022-23,2022-09-10,York,Carleton,45,14,4 Game ended early at 8:25 in the 4th due to extreme heat ,2022-09-01,Final,20220910_gqow,NA
https://en.usports.ca/sports/fball/2022-23/boxscores/20220917_dr0o.xml,1,1,0,0,2022-23,2022-09-17,Carleton,Queen's,49,17,7 OUA #17 ,2022-09-01,Final,20220917_dr0o,NA
https://en.usports.ca/sports/fball/2022-23/boxscores/20220924_q258.xml,1,1,0,0,2022-23,2022-09-24,Windsor,Carleton,24,7, OUA #25 ,2022-09-01,Final,20220924_q258,NA
https://en.usports.ca/sports/fball/2022-23/boxscores/20221001_6k5g.xml,1,1,0,0,2022-23,2022-10-01,Ottawa,Carleton,7,37, OUA #26 - Panda Game Video  More  ,2022-10-01,Final,20221001_6k5g,NA
https://en.usports.ca/sports/fball/2022-23/boxscores/20221015_mlqq.xml,1,1,0,0,2022-23,2022-10-15,Waterloo,Carleton,36,18,8 OUA #38 ,2022-10-01,Final,20221015_mlqq,NA
https://en.usports.ca/sports/fball/2022-23/boxscores/20221022_d5ul.xml,1,1,0,0,2022-23,2022-10-22,Carleton,Guelph,24,35,4 OUA #42 ,2022-10-01,Final,20221022_d5ul,NA
https://en.usports.ca/sports/fball/2022-23/boxscores/20220827_t3n1.xml,1,1,0,0,2022-23,2022-08-27,Montreal,Concordia,18,26,8 RSEQ #1 - TVA Sports ,2022-08-01,Final,20220827_t3n1,NA
https://en.usports.ca/sports/fball/2022-23/boxscores/20220903_y9p0.xml,1,1,0,0,2022-23,2022-09-03,Concordia,Sherbrooke,24,23,3 RSEQ #3 - TVA Sports ,2022-09-01,Final,20220903_y9p0,NA
https://en.usports.ca/sports/fball/2022-23/boxscores/20220917_sk2v.xml,1,1,0,0,2022-23,2022-09-17,McGill,Concordia,42,16,6 RSEQ #8 - TVA Sports ,2022-09-01,Final,20220917_sk2v,NA
https://en.usports.ca/sports/fball/2022-23/boxscores/20220925_1khi.xml,1,1,0,0,2022-23,2022-09-25,Concordia,Laval,60,14,4 RSEQ #10 ,2022-09-01,Final,20220925_1khi,NA
NA,1,1,0,0,2022-23,NA,Sherbrooke,Concordia,14,38,4 RSEQ #11 - TVA Sports,2022-10-01,Final,NA,NA
https://en.usports.ca/sports/fball/2022-23/boxscores/20221008_biz0.xml,1,1,0,0,2022-23,2022-10-08,Concordia,Montreal,31,13,3 RSEQ #14 - TVA Sports ,2022-10-01,Final,20221008_biz0,NA
https://en.usports.ca/sports/fball/2022-23/boxscores/20221021_xj18.xml,1,1,0,0,2022-23,2022-10-21,Concordia,McGill,30,37,0 RSEQ #17 ,2022-10-01,Final - OT,20221021_xj18,NA
https://en.usports.ca/sports/fball/2022-23/boxscores/20221029_nrk0.xml,1,1,0,0,2022-23,2022-10-29,Laval,Concordia,24,37,4 RSEQ #19 - TVA Sports ,2022-10-01,Final,20221029_nrk0,NA
https://en.usports.ca/sports/fball/2022-23/boxscores/20220827_63eq.xml,1,1,0,0,2022-23,2022-08-27,Guelph,Western,34,11,1 OUA #5 ,2022-08-01,Final,20220827_63eq,NA
https://en.usports.ca/sports/fball/2022-23/boxscores/20220905_up26.xml,1,1,0,0,2022-23,2022-09-05,Windsor,Guelph,24,28,4 OUA #8 ,2022-09-01,Final,20220905_up26,NA
https://en.usports.ca/sports/fball/2022-23/boxscores/20220910_xzez.xml,1,1,0,0,2022-23,2022-09-10,Guelph,Waterloo,35,41,5 OUA #15 ,2022-09-01,Final,20220910_xzez,NA
https://en.usports.ca/sports/fball/2022-23/boxscores/20220917_6d8b.xml,1,1,0,0,2022-23,2022-09-17,Guelph,Ottawa,46,10,0 OUA #18 Video  ,2022-09-01,Final,20220917_6d8b,NA
https://en.usports.ca/sports/fball/2022-23/boxscores/20220924_vs1i.xml,1,1,0,0,2022-23,2022-09-24,Queen's,Guelph,11,62,1 OUA #22 ,2022-09-01,Final,20220924_vs1i,NA
https://en.usports.ca/sports/fball/2022-23/boxscores/20221007_5r2k.xml,1,1,0,0,2022-23,2022-10-07,McMaster,Guelph,12,41,2 OUA #34 ,2022-10-01,Final,20221007_5r2k,NA
https://en.usports.ca/sports/fball/2022-23/boxscores/20221015_d2ai.xml,1,1,0,0,2022-23,2022-10-15,Guelph,Laurier,38,25,5 OUA #39 ,2022-10-01,Final,20221015_d2ai,NA
https://en.usports.ca/sports/fball/2022-23/boxscores/20221022_d5ul.xml,1,1,0,0,2022-23,2022-10-22,Carleton,Guelph,24,35,4 OUA #42 ,2022-10-01,Final,20221022_d5ul,NA
https://en.usports.ca/sports/fball/2022-23/boxscores/20220903_whgl.xml,1,1,0,0,2022-23,2022-09-03,Western,Laurier,19,34,9 OUA #9 ,2022-09-01,Final,20220903_whgl,NA
https://en.usports.ca/sports/fball/2022-23/boxscores/20220910_kvm6.xml,1,1,0,0,2022-23,2022-09-10,Laurier,Toronto,20,25,0 OUA #14 ,2022-09-01,Final,20220910_kvm6,NA
https://en.usports.ca/sports/fball/2022-23/boxscores/20220917_rh88.xml,1,1,0,0,2022-23,2022-09-17,Laurier,York,1,32, OUA #19 ,2022-09-01,Final,20220917_rh88,NA
https://en.usports.ca/sports/fball/2022-23/boxscores/20220924_rwg3.xml,1,1,0,0,2022-23,2022-09-24,Ottawa,Laurier,18,21,8 OUA #21 Video  ,2022-09-01,Final,20220924_rwg3,NA
https://en.usports.ca/sports/fball/2022-23/boxscores/20221001_rwn7.xml,1,1,0,0,2022-23,2022-10-01,Laurier,Windsor,11,49,1 OUA #29 ,2022-10-01,Final,20221001_rwn7,NA
https://en.usports.ca/sports/fball/2022-23/boxscores/20221006_0sqa.xml,1,1,0,0,2022-23,2022-10-06,Laurier,Waterloo,22,43,2 OUA #31 ,2022-10-01,Final,20221006_0sqa,NA
https://en.usports.ca/sports/fball/2022-23/boxscores/20221015_d2ai.xml,1,1,0,0,2022-23,2022-10-15,Guelph,Laurier,38,25,5 OUA #39 ,2022-10-01,Final,20221015_d2ai,NA
https://en.usports.ca/sports/fball/2022-23/boxscores/20221022_zspp.xml,1,1,0,0,2022-23,2022-10-22,Queen's,Laurier,11,30,1 OUA #40 ,2022-10-01,Final,20221022_zspp,NA
https://en.usports.ca/sports/fball/2022-23/boxscores/20220827_pkod.xml,1,1,0,0,2022-23,2022-08-27,Sherbrooke,Laval,27,3, RSEQ #2 - TVA Sports ,2022-08-01,Final,20220827_pkod,NA
NA,1,1,0,0,2022-23,NA,Laval,McGill,20,37,0 RSEQ #4 - TVA Sports,2022-09-01,Final,NA,NA
NA,1,1,0,0,2022-23,NA,Laval,Montreal,21,18,8 RSEQ #6 - TVA Sports,2022-09-01,Final,NA,NA
https://en.usports.ca/sports/fball/2022-23/boxscores/20220925_1khi.xml,1,1,0,0,2022-23,2022-09-25,Concordia,Laval,60,14,4 RSEQ #10 ,2022-09-01,Final,20220925_1khi,NA
https://en.usports.ca/sports/fball/2022-23/boxscores/20221002_bura.xml,1,1,0,0,2022-23,2022-10-02,McGill,Laval,36,17,7 RSEQ #12 - TVA Sports ,2022-10-01,Final,20221002_bura,NA
https://en.usports.ca/sports/fball/2022-23/boxscores/20221007_8ajg.xml,1,1,0,0,2022-23,2022-10-07,Laval,Sherbrooke,10,37,0 RSEQ #13 - TVA Sports ,2022-10-01,Final,20221007_8ajg,NA
https://en.usports.ca/sports/fball/2022-23/boxscores/20221016_wpzq.xml,1,1,0,0,2022-23,2022-10-16,Montreal,Laval,22,3, RSEQ #16 - TVA Sports ,2022-10-01,Final,20221016_wpzq,NA
https://en.usports.ca/sports/fball/2022-23/boxscores/20221029_nrk0.xml,1,1,0,0,2022-23,2022-10-29,Laval,Concordia,24,37,4 RSEQ #19 - TVA Sports ,2022-10-01,Final,20221029_nrk0,NA
https://en.usports.ca/sports/fball/2022-23/boxscores/20220902_x9nb.xml,0,1,0,0,2022-23,2022-09-02,Regina,Manitoba,23,33,3 Canada West ,2022-09-01,Final,20220902_x9nb,NA
https://en.usports.ca/sports/fball/2022-23/boxscores/20220909_noaw.xml,0,1,0,0,2022-23,2022-09-09,Manitoba,Alberta,34,11,1 Canada West ,2022-09-01,Final,20220909_noaw,NA
https://en.usports.ca/sports/fball/2022-23/boxscores/20220916_54ro.xml,0,1,0,0,2022-23,2022-09-16,UBC,Manitoba,21,16,6 Canada West ,2022-09-01,Final,20220916_54ro,NA
https://en.usports.ca/sports/fball/2022-23/boxscores/20220924_l4l0.xml,0,1,0,0,2022-23,2022-09-24,Calgary,Manitoba,46,4, Canada West ,2022-09-01,Final,20220924_l4l0,NA
https://en.usports.ca/sports/fball/2022-23/boxscores/20220930_amqc.xml,0,1,0,0,2022-23,2022-09-30,Manitoba,Saskatchewan,43,22,2 Canada West ,2022-09-01,Final,20220930_amqc,NA
https://en.usports.ca/sports/fball/2022-23/boxscores/20221015_r2se.xml,0,1,0,0,2022-23,2022-10-15,Manitoba,UBC,27,21,1 Canada West ,2022-10-01,Final,20221015_r2se,NA
https://en.usports.ca/sports/fball/2022-23/boxscores/20221022_n4bi.xml,0,1,0,0,2022-23,2022-10-22,Alberta,Manitoba,44,30,0 Canada West ,2022-10-01,Final,20221022_n4bi,NA
https://en.usports.ca/sports/fball/2022-23/boxscores/20221029_i1bj.xml,0,1,0,0,2022-23,2022-10-29,Manitoba,Regina,30,44,0 Canada West ,2022-10-01,Final,20221029_i1bj,NA
https://en.usports.ca/sports/fball/2022-23/boxscores/20220820_gzhx.xml,1,0,0,0,2022-23,2022-08-20,McGill,Queen's,19,12,2 (Pre-Season) ,2022-08-01,Final,20220820_gzhx,NA
NA,1,1,0,0,2022-23,NA,Laval,McGill,20,37,0 RSEQ #4 - TVA Sports,2022-09-01,Final,NA,NA
https://en.usports.ca/sports/fball/2022-23/boxscores/20220909_zqyc.xml,1,1,0,0,2022-23,2022-09-09,McGill,Sherbrooke,21,13,3 RSEQ #5 ,2022-09-01,Final,20220909_zqyc,NA
https://en.usports.ca/sports/fball/2022-23/boxscores/20220917_sk2v.xml,1,1,0,0,2022-23,2022-09-17,McGill,Concordia,42,16,6 RSEQ #8 - TVA Sports ,2022-09-01,Final,20220917_sk2v,NA
https://en.usports.ca/sports/fball/2022-23/boxscores/20220924_eazg.xml,1,1,0,0,2022-23,2022-09-24,Montreal,McGill,12,29,2 RSEQ #9 ,2022-09-01,Final,20220924_eazg,NA
https://en.usports.ca/sports/fball/2022-23/boxscores/20221002_bura.xml,1,1,0,0,2022-23,2022-10-02,McGill,Laval,36,17,7 RSEQ #12 - TVA Sports ,2022-10-01,Final,20221002_bura,NA
https://en.usports.ca/sports/fball/2022-23/boxscores/20221015_fqdi.xml,1,1,0,0,2022-23,2022-10-15,Sherbrooke,McGill,50,36,6 RSEQ #15 ,2022-10-01,Final,20221015_fqdi,NA
https://en.usports.ca/sports/fball/2022-23/boxscores/20221021_xj18.xml,1,1,0,0,2022-23,2022-10-21,Concordia,McGill,30,37,0 RSEQ #17 ,2022-10-01,Final - OT,20221021_xj18,NA
https://en.usports.ca/sports/fball/2022-23/boxscores/20221029_z8ti.xml,1,1,0,0,2022-23,2022-10-29,McGill,Montreal,24,9, RSEQ #20 ,2022-10-01,Final,20221029_z8ti,NA
https://en.usports.ca/sports/fball/2022-23/boxscores/20220827_fat2.xml,1,1,0,0,2022-23,2022-08-27,McMaster,Carleton,24,18,8 OUA #4 ,2022-08-01,Final - Forfeit Away,20220827_fat2,NA
https://en.usports.ca/sports/fball/2022-23/boxscores/20220903_p34q.xml,1,1,0,0,2022-23,2022-09-03,York,McMaster,0,1, OUA #6 - McMaster forfeits win due to the use of an ineligible player ,2022-09-01,Final - Forfeit Home,20220903_p34q,NA
https://en.usports.ca/sports/fball/2022-23/boxscores/20220910_kvzk.xml,1,1,0,0,2022-23,2022-09-10,Ottawa,McMaster,14,20,4 OUA #13 Video  ,2022-09-01,Final,20220910_kvzk,NA
https://en.usports.ca/sports/fball/2022-23/boxscores/20220917_qrei.xml,1,1,0,0,2022-23,2022-09-17,McMaster,Waterloo,0,43, OUA #16 ,2022-09-01,Final,20220917_qrei,NA
https://en.usports.ca/sports/fball/2022-23/boxscores/20221001_9zif.xml,1,1,0,0,2022-23,2022-10-01,Western,McMaster,14,47,4 OUA #30 ,2022-10-01,Final,20221001_9zif,NA
https://en.usports.ca/sports/fball/2022-23/boxscores/20221007_5r2k.xml,1,1,0,0,2022-23,2022-10-07,McMaster,Guelph,12,41,2 OUA #34 ,2022-10-01,Final,20221007_5r2k,NA
https://en.usports.ca/sports/fball/2022-23/boxscores/20221015_1iur.xml,1,1,0,0,2022-23,2022-10-15,McMaster,Queen's,14,10,0 OUA #37 ,2022-10-01,Final,20221015_1iur,NA
https://en.usports.ca/sports/fball/2022-23/boxscores/20221022_eb7i.xml,1,1,0,0,2022-23,2022-10-22,Toronto,McMaster,10,13,0 OUA #41 ,2022-10-01,Final,20221022_eb7i,NA
https://en.usports.ca/sports/fball/2022-23/boxscores/20220827_t3n1.xml,1,1,0,0,2022-23,2022-08-27,Montreal,Concordia,18,26,8 RSEQ #1 - TVA Sports ,2022-08-01,Final,20220827_t3n1,NA
NA,1,1,0,0,2022-23,NA,Laval,Montreal,21,18,8 RSEQ #6 - TVA Sports,2022-09-01,Final,NA,NA
NA,1,1,0,0,2022-23,NA,Sherbrooke,Montreal,24,20,0 RSEQ #7 - TVA Sports  ,2022-09-01,Final,NA,NA
https://en.usports.ca/sports/fball/2022-23/boxscores/20220924_eazg.xml,1,1,0,0,2022-23,2022-09-24,Montreal,McGill,12,29,2 RSEQ #9 ,2022-09-01,Final,20220924_eazg,NA
https://en.usports.ca/sports/fball/2022-23/boxscores/20221008_biz0.xml,1,1,0,0,2022-23,2022-10-08,Concordia,Montreal,31,13,3 RSEQ #14 - TVA Sports ,2022-10-01,Final,20221008_biz0,NA
https://en.usports.ca/sports/fball/2022-23/boxscores/20221016_wpzq.xml,1,1,0,0,2022-23,2022-10-16,Montreal,Laval,22,3, RSEQ #16 - TVA Sports ,2022-10-01,Final,20221016_wpzq,NA
https://en.usports.ca/sports/fball/2022-23/boxscores/20221022_7l4l.xml,1,1,0,0,2022-23,2022-10-22,Montreal,Sherbrooke,12,5, RSEQ #18 - TVA Sports ,2022-10-01,Final,20221022_7l4l,NA
https://en.usports.ca/sports/fball/2022-23/boxscores/20221029_z8ti.xml,1,1,0,0,2022-23,2022-10-29,McGill,Montreal,24,9, RSEQ #20 ,2022-10-01,Final,20221029_z8ti,NA
https://en.usports.ca/sports/fball/2022-23/boxscores/20220820_trt2.xml,1,0,0,0,2022-23,2022-08-20,Saint Mary's,Mount Allison,26,15,5 (Pre-Season) Video  ,2022-08-01,Final,20220820_trt2,NA
https://en.usports.ca/sports/fball/2022-23/boxscores/20220903_ddzl.xml,0,1,0,0,2022-23,2022-09-03,Bishop's,Mount Allison,18,15,5   ,2022-09-01,Final,20220903_ddzl,NA
https://en.usports.ca/sports/fball/2022-23/boxscores/20220910_848m.xml,0,1,0,0,2022-23,2022-09-10,Saint Mary's,Mount Allison,10,6,   More   Photos,2022-09-01,Final,20220910_848m,NA
https://en.usports.ca/sports/fball/2022-23/boxscores/20220917_1dfo.xml,0,1,0,0,2022-23,NA,Mount Allison,Acadia,9,12,  ,2022-09-01,Final,NA,NA
NA,0,1,0,0,2022-23,NA,StFX,Mount Allison,7,26,   ,2022-09-01,Final,NA,NA
https://en.usports.ca/sports/fball/2022-23/boxscores/20221001_h8rd.xml,0,1,0,0,2022-23,2022-10-01,Mount Allison,Bishop's,19,6,   More  ,2022-10-01,Final,20221001_h8rd,NA
https://en.usports.ca/sports/fball/2022-23/boxscores/20221007_n9f7.xml,0,1,0,0,2022-23,2022-10-07,Acadia,Mount Allison,19,11,1   More  ,2022-10-01,Final,20221007_n9f7,NA
https://en.usports.ca/sports/fball/2022-23/boxscores/20221014_ostl.xml,0,1,0,0,2022-23,2022-10-14,Mount Allison,Saint Mary's,21,13,3   More  Photos,2022-10-01,Final,20221014_ostl,NA
https://en.usports.ca/sports/fball/2022-23/boxscores/20221029_u1ic.xml,0,1,0,0,2022-23,2022-10-29,Mount Allison,StFX,37,13,3   ,2022-10-01,Final,20221029_u1ic,NA
https://en.usports.ca/sports/fball/2022-23/boxscores/20220827_7buk.xml,1,1,0,0,2022-23,2022-08-27,Ottawa,Windsor,16,19,6 OUA #2 Video  ,2022-08-01,Final,20220827_7buk,NA
https://en.usports.ca/sports/fball/2022-23/boxscores/20220903_cise.xml,1,1,0,0,2022-23,2022-09-03,Queen's,Ottawa,16,26,6 OUA #7 Video  More  ,2022-09-01,Final,20220903_cise,NA
https://en.usports.ca/sports/fball/2022-23/boxscores/20220910_kvzk.xml,1,1,0,0,2022-23,2022-09-10,Ottawa,McMaster,14,20,4 OUA #13 Video  ,2022-09-01,Final,20220910_kvzk,NA
https://en.usports.ca/sports/fball/2022-23/boxscores/20220917_6d8b.xml,1,1,0,0,2022-23,2022-09-17,Guelph,Ottawa,46,10,0 OUA #18 Video  ,2022-09-01,Final,20220917_6d8b,NA
https://en.usports.ca/sports/fball/2022-23/boxscores/20220924_rwg3.xml,1,1,0,0,2022-23,2022-09-24,Ottawa,Laurier,18,21,8 OUA #21 Video  ,2022-09-01,Final,20220924_rwg3,NA
https://en.usports.ca/sports/fball/2022-23/boxscores/20221001_6k5g.xml,1,1,0,0,2022-23,2022-10-01,Carleton,Ottawa,37,7, OUA #26 - Panda Game Video  More  ,2022-10-01,Final,20221001_6k5g,NA
https://en.usports.ca/sports/fball/2022-23/boxscores/20221015_kkbx.xml,1,1,0,0,2022-23,2022-10-15,Ottawa,York,0,66, OUA #36 Video  ,2022-10-01,Final,20221015_kkbx,NA
https://en.usports.ca/sports/fball/2022-23/boxscores/20221022_qpvf.xml,1,1,0,0,2022-23,2022-10-22,Western,Ottawa,18,38,8 OUA #43 Video  ,2022-10-01,Final,20221022_qpvf,NA
https://en.usports.ca/sports/fball/2022-23/boxscores/20220820_gzhx.xml,1,0,0,0,2022-23,2022-08-20,McGill,Queen's,19,12,2 (Pre-Season) ,2022-08-01,Final,20220820_gzhx,NA
https://en.usports.ca/sports/fball/2022-23/boxscores/20220827_uz4r.xml,1,1,0,0,2022-23,2022-08-27,Toronto,Queen's,47,25,5 OUA #1 ,2022-08-01,Final,20220827_uz4r,NA
https://en.usports.ca/sports/fball/2022-23/boxscores/20220903_cise.xml,1,1,0,0,2022-23,2022-09-03,Queen's,Ottawa,16,26,6 OUA #7 Video  More  ,2022-09-01,Final,20220903_cise,NA
https://en.usports.ca/sports/fball/2022-23/boxscores/20220910_r2u6.xml,1,1,0,0,2022-23,2022-09-10,Queen's,Western,35,11,1 OUA #11 ,2022-09-01,Final,20220910_r2u6,NA
https://en.usports.ca/sports/fball/2022-23/boxscores/20220917_dr0o.xml,1,1,0,0,2022-23,2022-09-17,Carleton,Queen's,49,17,7 OUA #17 ,2022-09-01,Final,20220917_dr0o,NA
https://en.usports.ca/sports/fball/2022-23/boxscores/20220924_vs1i.xml,1,1,0,0,2022-23,2022-09-24,Queen's,Guelph,11,62,1 OUA #22 ,2022-09-01,Final,20220924_vs1i,NA
https://en.usports.ca/sports/fball/2022-23/boxscores/20221001_sc4u.xml,1,1,0,0,2022-23,2022-10-01,York,Queen's,61,2, OUA #28 ,2022-10-01,Final,20221001_sc4u,NA
https://en.usports.ca/sports/fball/2022-23/boxscores/20221015_1iur.xml,1,1,0,0,2022-23,2022-10-15,McMaster,Queen's,14,10,0 OUA #37 ,2022-10-01,Final,20221015_1iur,NA
https://en.usports.ca/sports/fball/2022-23/boxscores/20221022_zspp.xml,1,1,0,0,2022-23,2022-10-22,Queen's,Laurier,11,30,1 OUA #40 ,2022-10-01,Final,20221022_zspp,NA
https://en.usports.ca/sports/fball/2022-23/boxscores/20220902_x9nb.xml,0,1,0,0,2022-23,2022-09-02,Regina,Manitoba,23,33,3 Canada West ,2022-09-01,Final,20220902_x9nb,NA
https://en.usports.ca/sports/fball/2022-23/boxscores/20220909_813x.xml,0,1,0,0,2022-23,2022-09-09,Calgary,Regina,32,24,4 Canada West ,2022-09-01,Final,20220909_813x,NA
https://en.usports.ca/sports/fball/2022-23/boxscores/20220917_mi9q.xml,0,1,0,0,2022-23,2022-09-17,Saskatchewan,Regina,10,11,0 Canada West ,2022-09-01,Final,20220917_mi9q,NA
https://en.usports.ca/sports/fball/2022-23/boxscores/20220923_ire0.xml,0,1,0,0,2022-23,2022-09-23,Regina,UBC,13,21,3 Canada West ,2022-09-01,Final,20220923_ire0,NA
https://en.usports.ca/sports/fball/2022-23/boxscores/20221001_0t4n.xml,0,1,0,0,2022-23,2022-10-01,Alberta,Regina,19,14,4 Canada West ,2022-10-01,Final,20221001_0t4n,NA
https://en.usports.ca/sports/fball/2022-23/boxscores/20221015_bhpc.xml,0,1,0,0,2022-23,2022-10-15,Regina,Saskatchewan,23,20,0 Canada West ,2022-10-01,Final,20221015_bhpc,NA
https://en.usports.ca/sports/fball/2022-23/boxscores/20221022_hn0v.xml,0,1,0,0,2022-23,2022-10-22,Regina,Calgary,7,30, Canada West ,2022-10-01,Final,20221022_hn0v,NA
https://en.usports.ca/sports/fball/2022-23/boxscores/20221029_i1bj.xml,0,1,0,0,2022-23,2022-10-29,Manitoba,Regina,30,44,0 Canada West ,2022-10-01,Final,20221029_i1bj,NA
https://en.usports.ca/sports/fball/2022-23/boxscores/20220820_trt2.xml,1,0,0,0,2022-23,2022-08-20,Saint Mary's,Mount Allison,26,15,5 (Pre-Season) Video  ,2022-08-01,Final,20220820_trt2,NA
NA,0,1,0,0,2022-23,NA,Saint Mary's,StFX,25,12,2   More  Photos,2022-08-01,Final,NA,NA
https://en.usports.ca/sports/fball/2022-23/boxscores/20220902_z1t3.xml,0,1,0,0,2022-23,2022-09-02,Acadia,Saint Mary's,31,11,1   More   Photos,2022-09-01,Final,20220902_z1t3,NA
https://en.usports.ca/sports/fball/2022-23/boxscores/20220910_848m.xml,0,1,0,0,2022-23,2022-09-10,Saint Mary's,Mount Allison,10,6,   More   Photos,2022-09-01,Final,20220910_848m,NA
NA,0,1,0,0,2022-23,NA,Bishop's,Saint Mary's,,,NA,2022-09-01,Cancelled,NA,NA
https://en.usports.ca/sports/fball/2022-23/boxscores/20221001_gek7.xml,0,1,0,0,2022-23,2022-10-01,Saint Mary's,Acadia,23,25,3   More   Photos,2022-10-01,Final,20221001_gek7,NA
https://en.usports.ca/sports/fball/2022-23/boxscores/20221014_ostl.xml,0,1,0,0,2022-23,2022-10-14,Mount Allison,Saint Mary's,21,13,3   More  Photos,2022-10-01,Final,20221014_ostl,NA
https://en.usports.ca/sports/fball/2022-23/boxscores/20221022_ruu3.xml,0,1,0,0,2022-23,2022-10-22,StFX,Saint Mary's,4,52,   More   Photos,2022-10-01,Final,20221022_ruu3,NA
https://en.usports.ca/sports/fball/2022-23/boxscores/20221029_qeld.xml,0,1,0,0,2022-23,2022-10-29,Saint Mary's,Bishop's,25,17,7 (4-point game)   More  Photos,2022-10-01,Final,20221029_qeld,NA
https://en.usports.ca/sports/fball/2022-23/boxscores/20220902_jsy9.xml,0,1,0,0,2022-23,2022-09-02,Saskatchewan,Calgary,5,44, Canada West ,2022-09-01,Final,20220902_jsy9,NA
https://en.usports.ca/sports/fball/2022-23/boxscores/20220909_5525.xml,0,1,0,0,2022-23,2022-09-09,UBC,Saskatchewan,29,10,0 Canada West ,2022-09-01,Final,20220909_5525,NA
https://en.usports.ca/sports/fball/2022-23/boxscores/20220917_mi9q.xml,0,1,0,0,2022-23,2022-09-17,Saskatchewan,Regina,10,11,0 Canada West ,2022-09-01,Final,20220917_mi9q,NA
https://en.usports.ca/sports/fball/2022-23/boxscores/20220923_rz7q.xml,0,1,0,0,2022-23,2022-09-23,Saskatchewan,Alberta,16,38,6 Canada West ,2022-09-01,Final,20220923_rz7q,NA
https://en.usports.ca/sports/fball/2022-23/boxscores/20220930_amqc.xml,0,1,0,0,2022-23,2022-09-30,Manitoba,Saskatchewan,43,22,2 Canada West ,2022-09-01,Final,20220930_amqc,NA
https://en.usports.ca/sports/fball/2022-23/boxscores/20221015_bhpc.xml,0,1,0,0,2022-23,2022-10-15,Regina,Saskatchewan,23,20,0 Canada West ,2022-10-01,Final,20221015_bhpc,NA
https://en.usports.ca/sports/fball/2022-23/boxscores/20221022_ngtl.xml,0,1,0,0,2022-23,2022-10-22,Saskatchewan,UBC,35,29,9 Canada West ,2022-10-01,Final,20221022_ngtl,NA
https://en.usports.ca/sports/fball/2022-23/boxscores/20221029_nz9u.xml,0,1,0,0,2022-23,2022-10-29,Calgary,Saskatchewan,24,1, Canada West ,2022-10-01,Final,20221029_nz9u,NA
https://en.usports.ca/sports/fball/2022-23/boxscores/20220827_pkod.xml,1,1,0,0,2022-23,2022-08-27,Sherbrooke,Laval,27,3, RSEQ #2 - TVA Sports ,2022-08-01,Final,20220827_pkod,NA
https://en.usports.ca/sports/fball/2022-23/boxscores/20220903_y9p0.xml,1,1,0,0,2022-23,2022-09-03,Concordia,Sherbrooke,24,23,3 RSEQ #3 - TVA Sports ,2022-09-01,Final,20220903_y9p0,NA
https://en.usports.ca/sports/fball/2022-23/boxscores/20220909_zqyc.xml,1,1,0,0,2022-23,2022-09-09,McGill,Sherbrooke,21,13,3 RSEQ #5 ,2022-09-01,Final,20220909_zqyc,NA
NA,1,1,0,0,2022-23,NA,Sherbrooke,Montreal,24,20,0 RSEQ #7 - TVA Sports  ,2022-09-01,Final,NA,NA
NA,1,1,0,0,2022-23,NA,Sherbrooke,Concordia,14,38,4 RSEQ #11 - TVA Sports,2022-10-01,Final,NA,NA
https://en.usports.ca/sports/fball/2022-23/boxscores/20221007_8ajg.xml,1,1,0,0,2022-23,2022-10-07,Laval,Sherbrooke,10,37,0 RSEQ #13 - TVA Sports ,2022-10-01,Final,20221007_8ajg,NA
https://en.usports.ca/sports/fball/2022-23/boxscores/20221015_fqdi.xml,1,1,0,0,2022-23,2022-10-15,Sherbrooke,McGill,50,36,6 RSEQ #15 ,2022-10-01,Final,20221015_fqdi,NA
https://en.usports.ca/sports/fball/2022-23/boxscores/20221022_7l4l.xml,1,1,0,0,2022-23,2022-10-22,Montreal,Sherbrooke,12,5, RSEQ #18 - TVA Sports ,2022-10-01,Final,20221022_7l4l,NA
NA,1,0,0,0,2022-23,NA,Acadia,StFX,22,0, (Pre-Season),2022-08-01,Final,NA,NA
https://en.usports.ca/sports/fball/2022-23/boxscores/20220827_2px2.xml,0,1,0,0,2022-23,NA,Saint Mary's,StFX,25,12,2   More  Photos,2022-08-01,Final,NA,NA
https://en.usports.ca/sports/fball/2022-23/boxscores/20220910_u27s.xml,0,1,0,0,2022-23,2022-09-10,Acadia,StFX,24,10,0   More   ,2022-09-01,Final,20220910_u27s,NA
https://en.usports.ca/sports/fball/2022-23/boxscores/20220917_1cna.xml,0,1,0,0,2022-23,2022-09-17,StFX,Bishop's,16,21,6   ,2022-09-01,Final,20220917_1cna,NA
https://en.usports.ca/sports/fball/2022-23/boxscores/20220925_1r88.xml,0,1,0,0,2022-23,NA,StFX,Mount Allison,7,26,   ,2022-09-01,Final,NA,NA
https://en.usports.ca/sports/fball/2022-23/boxscores/20221008_aqcp.xml,0,1,0,0,2022-23,NA,Bishop's,StFX,30,10,0  ,2022-10-01,Final,NA,NA
https://en.usports.ca/sports/fball/2022-23/boxscores/20221015_toxy.xml,0,1,0,0,2022-23,2022-10-15,StFX,Acadia,11,46,1   More  ,2022-10-01,Final,20221015_toxy,NA
https://en.usports.ca/sports/fball/2022-23/boxscores/20221022_ruu3.xml,0,1,0,0,2022-23,2022-10-22,StFX,Saint Mary's,4,52,   More   Photos,2022-10-01,Final,20221022_ruu3,NA
https://en.usports.ca/sports/fball/2022-23/boxscores/20221029_u1ic.xml,0,1,0,0,2022-23,2022-10-29,Mount Allison,StFX,37,13,3   ,2022-10-01,Final,20221029_u1ic,NA
https://en.usports.ca/sports/fball/2022-23/boxscores/20220827_uz4r.xml,1,1,0,0,2022-23,2022-08-27,Toronto,Queen's,47,25,5 OUA #1 ,2022-08-01,Final,20220827_uz4r,NA
https://en.usports.ca/sports/fball/2022-23/boxscores/20220904_wjhj.xml,1,1,0,0,2022-23,2022-09-04,Carleton,Toronto,28,13,3 OUA #10 ,2022-09-01,Final,20220904_wjhj,NA
https://en.usports.ca/sports/fball/2022-23/boxscores/20220910_kvm6.xml,1,1,0,0,2022-23,2022-09-10,Laurier,Toronto,20,25,0 OUA #14 ,2022-09-01,Final,20220910_kvm6,NA
https://en.usports.ca/sports/fball/2022-23/boxscores/20220917_r0fy.xml,1,1,0,0,2022-23,2022-09-17,Toronto,Windsor,37,7, OUA #20 ,2022-09-01,Final,20220917_r0fy,NA
https://en.usports.ca/sports/fball/2022-23/boxscores/20220924_wg3f.xml,1,1,0,0,2022-23,2022-09-24,York,Toronto,39,7, OUA #23 ,2022-09-01,Final,20220924_wg3f,NA
https://en.usports.ca/sports/fball/2022-23/boxscores/20221001_vaxm.xml,1,1,0,0,2022-23,2022-10-01,Toronto,Waterloo,24,32,4 OUA #27 ,2022-10-01,Final,20221001_vaxm,NA
https://en.usports.ca/sports/fball/2022-23/boxscores/20221007_gqe8.xml,1,1,0,0,2022-23,2022-10-07,Western,Toronto,21,56,1 OUA #32 ,2022-10-01,Final,20221007_gqe8,NA
https://en.usports.ca/sports/fball/2022-23/boxscores/20221022_eb7i.xml,1,1,0,0,2022-23,2022-10-22,Toronto,McMaster,10,13,0 OUA #41 ,2022-10-01,Final,20221022_eb7i,NA
NA,1,0,0,0,2022-23,NA,Calgary,UBC,28,7,NA,2022-08-01,Final,NA,NA
https://en.usports.ca/sports/fball/2022-23/boxscores/20220903_8q5m.xml,0,1,0,0,2022-23,2022-09-03,Alberta,UBC,30,21,1 Canada West ,2022-09-01,Final,20220903_8q5m,NA
https://en.usports.ca/sports/fball/2022-23/boxscores/20220909_5525.xml,0,1,0,0,2022-23,2022-09-09,UBC,Saskatchewan,29,10,0 Canada West ,2022-09-01,Final,20220909_5525,NA
https://en.usports.ca/sports/fball/2022-23/boxscores/20220916_54ro.xml,0,1,0,0,2022-23,2022-09-16,UBC,Manitoba,21,16,6 Canada West ,2022-09-01,Final,20220916_54ro,NA
https://en.usports.ca/sports/fball/2022-23/boxscores/20220923_ire0.xml,0,1,0,0,2022-23,2022-09-23,Regina,UBC,13,21,3 Canada West ,2022-09-01,Final,20220923_ire0,NA
https://en.usports.ca/sports/fball/2022-23/boxscores/20220930_pjhn.xml,0,1,0,0,2022-23,2022-09-30,UBC,Calgary,29,39,9 Canada West ,2022-09-01,Final,20220930_pjhn,NA
https://en.usports.ca/sports/fball/2022-23/boxscores/20221015_r2se.xml,0,1,0,0,2022-23,2022-10-15,Manitoba,UBC,27,21,1 Canada West ,2022-10-01,Final,20221015_r2se,NA
https://en.usports.ca/sports/fball/2022-23/boxscores/20221022_ngtl.xml,0,1,0,0,2022-23,2022-10-22,Saskatchewan,UBC,35,29,9 Canada West ,2022-10-01,Final,20221022_ngtl,NA
https://en.usports.ca/sports/fball/2022-23/boxscores/20221029_cavr.xml,0,1,0,0,2022-23,2022-10-29,UBC,Alberta,15,12,2 Canada West ,2022-10-01,Final,20221029_cavr,NA
https://en.usports.ca/sports/fball/2022-23/boxscores/20220827_sk51.xml,1,1,0,0,2022-23,2022-08-27,Waterloo,York,8,41, OUA #3 ,2022-08-01,Final,20220827_sk51,NA
https://en.usports.ca/sports/fball/2022-23/boxscores/20220910_xzez.xml,1,1,0,0,2022-23,2022-09-10,Guelph,Waterloo,35,41,5 OUA #15 ,2022-09-01,Final,20220910_xzez,NA
https://en.usports.ca/sports/fball/2022-23/boxscores/20220917_qrei.xml,1,1,0,0,2022-23,2022-09-17,McMaster,Waterloo,0,43, OUA #16 ,2022-09-01,Final,20220917_qrei,NA
https://en.usports.ca/sports/fball/2022-23/boxscores/20220924_zzuu.xml,1,1,0,0,2022-23,2022-09-24,Waterloo,Western,66,3, OUA #24 ,2022-09-01,Final,20220924_zzuu,NA
https://en.usports.ca/sports/fball/2022-23/boxscores/20221001_vaxm.xml,1,1,0,0,2022-23,2022-10-01,Toronto,Waterloo,24,32,4 OUA #27 ,2022-10-01,Final,20221001_vaxm,NA
https://en.usports.ca/sports/fball/2022-23/boxscores/20221006_0sqa.xml,1,1,0,0,2022-23,2022-10-06,Laurier,Waterloo,22,43,2 OUA #31 ,2022-10-01,Final,20221006_0sqa,NA
https://en.usports.ca/sports/fball/2022-23/boxscores/20221015_mlqq.xml,1,1,0,0,2022-23,2022-10-15,Waterloo,Carleton,36,18,8 OUA #38 ,2022-10-01,Final,20221015_mlqq,NA
https://en.usports.ca/sports/fball/2022-23/boxscores/20221022_aru2.xml,1,1,0,0,2022-23,2022-10-22,Waterloo,Windsor,39,11,1 OUA #44 ,2022-10-01,Final,20221022_aru2,NA
https://en.usports.ca/sports/fball/2022-23/boxscores/20220827_63eq.xml,1,1,0,0,2022-23,2022-08-27,Guelph,Western,34,11,1 OUA #5 ,2022-08-01,Final,20220827_63eq,NA
https://en.usports.ca/sports/fball/2022-23/boxscores/20220903_whgl.xml,1,1,0,0,2022-23,2022-09-03,Western,Laurier,19,34,9 OUA #9 ,2022-09-01,Final,20220903_whgl,NA
https://en.usports.ca/sports/fball/2022-23/boxscores/20220910_r2u6.xml,1,1,0,0,2022-23,2022-09-10,Queen's,Western,35,11,1 OUA #11 ,2022-09-01,Final,20220910_r2u6,NA
https://en.usports.ca/sports/fball/2022-23/boxscores/20220924_zzuu.xml,1,1,0,0,2022-23,2022-09-24,Waterloo,Western,66,3, OUA #24 ,2022-09-01,Final,20220924_zzuu,NA
https://en.usports.ca/sports/fball/2022-23/boxscores/20221001_9zif.xml,1,1,0,0,2022-23,2022-10-01,Western,McMaster,14,47,4 OUA #30 ,2022-10-01,Final,20221001_9zif,NA
https://en.usports.ca/sports/fball/2022-23/boxscores/20221007_gqe8.xml,1,1,0,0,2022-23,2022-10-07,Western,Toronto,21,56,1 OUA #32 ,2022-10-01,Final,20221007_gqe8,NA
https://en.usports.ca/sports/fball/2022-23/boxscores/20221015_fq5u.xml,1,1,0,0,2022-23,2022-10-15,Windsor,Western,50,18,8 OUA #35 ,2022-10-01,Final,20221015_fq5u,NA
https://en.usports.ca/sports/fball/2022-23/boxscores/20221022_qpvf.xml,1,1,0,0,2022-23,2022-10-22,Western,Ottawa,18,38,8 OUA #43 Video  ,2022-10-01,Final,20221022_qpvf,NA
https://en.usports.ca/sports/fball/2022-23/boxscores/20220827_7buk.xml,1,1,0,0,2022-23,2022-08-27,Ottawa,Windsor,16,19,6 OUA #2 Video  ,2022-08-01,Final,20220827_7buk,NA
https://en.usports.ca/sports/fball/2022-23/boxscores/20220905_up26.xml,1,1,0,0,2022-23,2022-09-05,Windsor,Guelph,24,28,4 OUA #8 ,2022-09-01,Final,20220905_up26,NA
https://en.usports.ca/sports/fball/2022-23/boxscores/20220917_r0fy.xml,1,1,0,0,2022-23,2022-09-17,Toronto,Windsor,37,7, OUA #20 ,2022-09-01,Final,20220917_r0fy,NA
https://en.usports.ca/sports/fball/2022-23/boxscores/20220924_q258.xml,1,1,0,0,2022-23,2022-09-24,Windsor,Carleton,24,7, OUA #25 ,2022-09-01,Final,20220924_q258,NA
https://en.usports.ca/sports/fball/2022-23/boxscores/20221001_rwn7.xml,1,1,0,0,2022-23,2022-10-01,Laurier,Windsor,11,49,1 OUA #29 ,2022-10-01,Final,20221001_rwn7,NA
https://en.usports.ca/sports/fball/2022-23/boxscores/20221007_vgr2.xml,1,1,0,0,2022-23,2022-10-07,Windsor,York,10,33,0 OUA #33 ,2022-10-01,Final,20221007_vgr2,NA
https://en.usports.ca/sports/fball/2022-23/boxscores/20221015_fq5u.xml,1,1,0,0,2022-23,2022-10-15,Windsor,Western,50,18,8 OUA #35 ,2022-10-01,Final,20221015_fq5u,NA
https://en.usports.ca/sports/fball/2022-23/boxscores/20221022_aru2.xml,1,1,0,0,2022-23,2022-10-22,Waterloo,Windsor,39,11,1 OUA #44 ,2022-10-01,Final,20221022_aru2,NA
https://en.usports.ca/sports/fball/2022-23/boxscores/20220827_sk51.xml,1,1,0,0,2022-23,2022-08-27,Waterloo,York,8,41, OUA #3 ,2022-08-01,Final,20220827_sk51,NA
https://en.usports.ca/sports/fball/2022-23/boxscores/20220903_p34q.xml,1,1,0,0,2022-23,2022-09-03,York,McMaster,0,1, OUA #6 - McMaster forfeits win due to the use of an ineligible player ,2022-09-01,Final - Forfeit Home,20220903_p34q,NA
https://en.usports.ca/sports/fball/2022-23/boxscores/20220910_gqow.xml,0,1,0,0,2022-23,2022-09-10,York,Carleton,45,14,4 Game ended early at 8:25 in the 4th due to extreme heat ,2022-09-01,Final,20220910_gqow,NA
https://en.usports.ca/sports/fball/2022-23/boxscores/20220917_rh88.xml,1,1,0,0,2022-23,2022-09-17,Laurier,York,1,32, OUA #19 ,2022-09-01,Final,20220917_rh88,NA
https://en.usports.ca/sports/fball/2022-23/boxscores/20220924_wg3f.xml,1,1,0,0,2022-23,2022-09-24,York,Toronto,39,7, OUA #23 ,2022-09-01,Final,20220924_wg3f,NA
https://en.usports.ca/sports/fball/2022-23/boxscores/20221001_sc4u.xml,1,1,0,0,2022-23,2022-10-01,York,Queen's,61,2, OUA #28 ,2022-10-01,Final,20221001_sc4u,NA
https://en.usports.ca/sports/fball/2022-23/boxscores/20221007_vgr2.xml,1,1,0,0,2022-23,2022-10-07,Windsor,York,10,33,0 OUA #33 ,2022-10-01,Final,20221007_vgr2,NA
https://en.usports.ca/sports/fball/2022-23/boxscores/20221015_kkbx.xml,1,1,0,0,2022-23,2022-10-15,Ottawa,York,0,66, OUA #36 Video  ,2022-10-01,Final,20221015_kkbx,NA
https://en.usports.ca/sports/fball/2021-22p/boxscores/20211113_8liv.xml,0,1,1,0,2021-22p,2021-11-13,Acadia,StFX,27,22,2 AUS Semifinal Video  More   ,2021-11-01,Final,20211113_8liv,NA
https://en.usports.ca/sports/fball/2021-22p/boxscores/20211113_3592.xml,0,0,1,0,2021-22p,2021-11-13,Alberta,Manitoba,43,17,7 CW Semifinal ,2021-11-01,Final,20211113_3592,NA
https://en.usports.ca/sports/fball/2021-22p/boxscores/20211113_alne.xml,0,0,1,0,2021-22p,2021-11-13,Bishop's,Mount Allison,5,23, AUS Semifinal Video Video More   ,2021-11-01,Final,20211113_alne,NA
https://en.usports.ca/sports/fball/2021-22p/boxscores/20211120_v9y4.xml,0,0,1,0,2021-22p,2021-11-20,Bishop's,StFX,25,17,7 AUS Final - Loney Bowl Video  More  ,2021-11-01,Final,20211120_v9y4,NA
https://en.usports.ca/sports/fball/2021-22p/boxscores/20211106_qz4u.xml,0,0,1,0,2021-22p,2021-11-06,Carleton,Queen's,41,14,4 OUA East Semifinal Video ,2021-11-01,Final,20211106_qz4u,NA
https://en.usports.ca/sports/fball/2021-22p/boxscores/20211106_ppf4.xml,0,0,1,0,2021-22p,2021-11-06,Concordia,Laval,30,10,0 Demifinale RSEQ Semifinal ,2021-11-01,Final,20211106_ppf4,NA
https://en.usports.ca/sports/fball/2021-22p/boxscores/20211106_60iw.xml,0,1,1,0,2021-22p,2021-11-06,Guelph,Laurier,18,31,8 OUA West Semifinal Video ,2021-11-01,Final,20211106_60iw,NA
https://en.usports.ca/sports/fball/2021-22p/boxscores/20211113_vxuc.xml,0,0,1,0,2021-22p,2021-11-13,Guelph,Western,33,12,2 OUA West Final ,2021-11-01,Final,20211113_vxuc,NA
https://en.usports.ca/sports/fball/2021-22p/boxscores/20211106_60iw.xml,0,1,1,0,2021-22p,2021-11-06,Guelph,Laurier,18,31,8 OUA West Semifinal Video ,2021-11-01,Final,20211106_60iw,NA
https://en.usports.ca/sports/fball/2021-22p/boxscores/20211106_ppf4.xml,0,0,1,0,2021-22p,2021-11-06,Concordia,Laval,30,10,0 Demifinale RSEQ Semifinal ,2021-11-01,Final,20211106_ppf4,NA
https://en.usports.ca/sports/fball/2021-22p/boxscores/20211114_a226.xml,0,1,1,0,2021-22p,2021-11-14,Laval,Montreal,28,19,9 Coupe Dunsmore Cup (RSEQ) ,2021-11-01,Final,20211114_a226,NA
https://en.usports.ca/sports/fball/2021-22p/boxscores/20211113_3592.xml,0,0,1,0,2021-22p,2021-11-13,Alberta,Manitoba,43,17,7 CW Semifinal ,2021-11-01,Final,20211113_3592,NA
https://en.usports.ca/sports/fball/2021-22p/boxscores/20211120_72vy.xml,0,0,1,0,2021-22p,2021-11-20,Manitoba,Saskatchewan,45,17,7 Hardy Cup Video ($) ,2021-11-01,Final,20211120_72vy,NA
https://en.usports.ca/sports/fball/2021-22p/boxscores/20211106_lkxt.xml,0,1,1,0,2021-22p,2021-11-06,Sherbrooke,Montreal,31,3, Demi-finale RSEQ semi-final ,2021-11-01,Final,20211106_lkxt,NA
https://en.usports.ca/sports/fball/2021-22p/boxscores/20211114_a226.xml,0,1,1,0,2021-22p,2021-11-14,Laval,Montreal,28,19,9 Coupe Dunsmore Cup (RSEQ) ,2021-11-01,Final,20211114_a226,NA
https://en.usports.ca/sports/fball/2021-22p/boxscores/20211113_alne.xml,0,0,1,0,2021-22p,2021-11-13,Bishop's,Mount Allison,5,23, AUS Semifinal Video Video More   ,2021-11-01,Final,20211113_alne,NA
https://en.usports.ca/sports/fball/2021-22p/boxscores/20211106_xwbb.xml,0,0,1,0,2021-22p,2021-11-06,Ottawa,Toronto,17,27,7 OUA East Semifinal Video ,2021-11-01,Final,20211106_xwbb,NA
https://en.usports.ca/sports/fball/2021-22p/boxscores/20211113_wfwd.xml,0,0,1,0,2021-22p,2021-11-13,Ottawa,Queen's,32,15,5 OUA East Final ,2021-11-01,Final,20211113_wfwd,NA
https://en.usports.ca/sports/fball/2021-22p/boxscores/20211106_qz4u.xml,0,0,1,0,2021-22p,2021-11-06,Carleton,Queen's,41,14,4 OUA East Semifinal Video ,2021-11-01,Final,20211106_qz4u,NA
https://en.usports.ca/sports/fball/2021-22p/boxscores/20211113_wfwd.xml,0,0,1,0,2021-22p,2021-11-13,Ottawa,Queen's,32,15,5 OUA East Final ,2021-11-01,Final,20211113_wfwd,NA
https://en.usports.ca/sports/fball/2021-22p/boxscores/20211120_2xd0.xml,0,0,1,0,2021-22p,2021-11-20,Western,Queen's,0,29, 113th Yates Cup Video ,2021-11-01,Final,20211120_2xd0,NA
https://en.usports.ca/sports/fball/2021-22p/boxscores/20211113_ugkc.xml,0,0,1,0,2021-22p,2021-11-13,UBC,Saskatchewan,39,17,7 CW Semifinal ,2021-11-01,Final,20211113_ugkc,NA
https://en.usports.ca/sports/fball/2021-22p/boxscores/20211120_72vy.xml,0,0,1,0,2021-22p,2021-11-20,Manitoba,Saskatchewan,45,17,7 Hardy Cup Video ($) ,2021-11-01,Final,20211120_72vy,NA
https://en.usports.ca/sports/fball/2021-22p/boxscores/20211106_lkxt.xml,0,1,1,0,2021-22p,2021-11-06,Sherbrooke,Montreal,31,3, Demi-finale RSEQ semi-final ,2021-11-01,Final,20211106_lkxt,NA
https://en.usports.ca/sports/fball/2021-22p/boxscores/20211113_8liv.xml,0,1,1,0,2021-22p,2021-11-13,Acadia,StFX,27,22,2 AUS Semifinal Video  More   ,2021-11-01,Final,20211113_8liv,NA
https://en.usports.ca/sports/fball/2021-22p/boxscores/20211120_v9y4.xml,0,0,1,0,2021-22p,2021-11-20,Bishop's,StFX,25,17,7 AUS Final - Loney Bowl Video  More  ,2021-11-01,Final,20211120_v9y4,NA
https://en.usports.ca/sports/fball/2021-22p/boxscores/20211106_xwbb.xml,0,0,1,0,2021-22p,2021-11-06,Ottawa,Toronto,17,27,7 OUA East Semifinal Video ,2021-11-01,Final,20211106_xwbb,NA
https://en.usports.ca/sports/fball/2021-22p/boxscores/20211113_ugkc.xml,0,0,1,0,2021-22p,2021-11-13,UBC,Saskatchewan,39,17,7 CW Semifinal ,2021-11-01,Final,20211113_ugkc,NA
https://en.usports.ca/sports/fball/2021-22p/boxscores/20211106_udgd.xml,0,1,1,0,2021-22p,2021-11-06,Waterloo,Western,51,24,4 OUA West Semifinal Video ,2021-11-01,Final,20211106_udgd,NA
https://en.usports.ca/sports/fball/2021-22p/boxscores/20211106_udgd.xml,0,1,1,0,2021-22p,2021-11-06,Waterloo,Western,51,24,4 OUA West Semifinal Video ,2021-11-01,Final,20211106_udgd,NA
https://en.usports.ca/sports/fball/2021-22p/boxscores/20211113_vxuc.xml,0,0,1,0,2021-22p,2021-11-13,Guelph,Western,33,12,2 OUA West Final ,2021-11-01,Final,20211113_vxuc,NA
https://en.usports.ca/sports/fball/2021-22p/boxscores/20211120_2xd0.xml,0,0,1,0,2021-22p,2021-11-20,Western,Queen's,0,29, 113th Yates Cup Video ,2021-11-01,Final,20211120_2xd0,NA
https://en.usports.ca/sports/fball/2021-22c/boxscores/20211127_xmf0.xml,0,0,1,0,2021-22c,2021-11-27,Saskatchewan,Montreal,10,14,0 Coupe Uteck Bowl Video (EN) Video (FR) More CBC Gem  ,2021-11-01,Final,20211127_xmf0,/sports/fball/2021-22c/releases/20240319p5n6j8
https://en.usports.ca/sports/fball/2021-22c/boxscores/20211127_xmf0.xml,0,0,1,0,2021-22c,2021-11-27,Saskatchewan,Montreal,10,14,0 Coupe Uteck Bowl Video (EN) Video (FR) More CBC Gem  ,2021-11-01,Final,20211127_xmf0,/sports/fball/2021-22c/releases/20240319p5n6j8
https://en.usports.ca/sports/fball/2021-22c/boxscores/20211204_dab8.xml,0,0,1,0,2021-22c,2021-12-04,Western,Saskatchewan,21,27,1 Coupe Vanier Cup CBC Gem Video (FR) More Video (EN)   Game Book,2021-12-01,Final,20211204_dab8,/sports/fball/2021-22c/releases/20240319owghik
https://en.usports.ca/sports/fball/2021-22c/boxscores/20211127_3j8z.xml,0,0,1,0,2021-22c,2021-11-27,StFX,Western,61,6, Coupe Mitchell Bowl CBC Sports Video (FR) More CHCH CBC Gem Video   ,2021-11-01,Final,20211127_3j8z,/sports/fball/2021-22c/releases/20240319pd061z
https://en.usports.ca/sports/fball/2021-22c/boxscores/20211127_3j8z.xml,0,0,1,0,2021-22c,2021-11-27,StFX,Western,61,6, Coupe Mitchell Bowl CBC Sports Video (FR) More CHCH CBC Gem Video   ,2021-11-01,Final,20211127_3j8z,/sports/fball/2021-22c/releases/20240319pd061z
https://en.usports.ca/sports/fball/2021-22c/boxscores/20211204_dab8.xml,0,0,1,0,2021-22c,2021-12-04,Saskatchewan,Western,27,21,1 Coupe Vanier Cup CBC Gem Video (FR) More Video (EN)   Game Book,2021-12-01,Final,20211204_dab8,/sports/fball/2021-22c/releases/20240319owghik
NA,1,0,0,0,2021-22,NA,Acadia,StFX,23,14,4 (Pre-Season) Video ,2021-09-01,Final,NA,NA
https://en.usports.ca/sports/fball/2021-22/boxscores/20210918_yq9a.xml,0,1,0,0,2021-22,2021-09-18,Acadia,Mount Allison,10,9, AUS Regular Season AUStv  More    Photos,2021-09-01,Final,20210918_yq9a,NA
https://en.usports.ca/sports/fball/2021-22/boxscores/20210925_2d25.xml,0,1,0,0,2021-22,2021-09-25,Saint Mary's,Acadia,0,1, AUS Regular Season - *Acadia forfeits Sept. 25 win vs. Saint Mary's due to use of an ineligible player. Game is recorded as a 1-0 win for Saint Mary's. AUStv  More  ,2021-09-01,Final,20210925_2d25,NA
https://en.usports.ca/sports/fball/2021-22/boxscores/20211002_agow.xml,0,1,0,0,2021-22,2021-10-02,Acadia,Saint Mary's,7,14, AUS Regular Season AUStv  ,2021-10-01,Final,20211002_agow,NA
https://en.usports.ca/sports/fball/2021-22/boxscores/20211016_uca7.xml,0,1,0,0,2021-22,2021-10-16,Bishop's,Acadia,14,15,4 AUS Regular Season AUStv  More  ,2021-10-01,Final,20211016_uca7,NA
https://en.usports.ca/sports/fball/2021-22/boxscores/20211030_5sab.xml,0,1,0,0,2021-22,2021-10-30,Mount Allison,Acadia,8,13, AUS Regular Season AUStv  More    Photos,2021-10-01,Final,20211030_5sab,NA
https://en.usports.ca/sports/fball/2021-22/boxscores/20211106_55mu.xml,0,1,0,0,2021-22,2021-11-06,Acadia,StFX,13,7, AUS Regular Season AUstv  More   ,2021-11-01,Final,20211106_55mu,NA
NA,1,0,0,0,2021-22,NA,Regina,Alberta,25,34,5 Non-conference,2021-09-01,Final,NA,NA
https://en.usports.ca/sports/fball/2021-22/boxscores/20210925_2sei.xml,0,1,0,0,2021-22,2021-09-25,UBC,Alberta,44,19,9 CW Regular Season CW TV Pres. by Co-op ,2021-09-01,Final,20210925_2sei,NA
https://en.usports.ca/sports/fball/2021-22/boxscores/20211001_ldik.xml,0,1,0,0,2021-22,2021-10-01,Manitoba,Alberta,17,31,7 CW Regular Season CW TV Pres. by Co-op ,2021-10-01,Final,20211001_ldik,NA
https://en.usports.ca/sports/fball/2021-22/boxscores/20211016_6887.xml,0,1,0,0,2021-22,2021-10-16,Alberta,Saskatchewan,54,27,7 CW Regular Season CW TV Pres. by Co-op ,2021-10-01,Final,20211016_6887,NA
https://en.usports.ca/sports/fball/2021-22/boxscores/20211024_9c6v.xml,0,1,0,0,2021-22,2021-10-24,Alberta,Calgary,30,36,0 CW Regular Season CW TV Pres. by Co-op ,2021-10-01,Final,20211024_9c6v,NA
https://en.usports.ca/sports/fball/2021-22/boxscores/20211030_wvk9.xml,0,1,0,0,2021-22,2021-10-30,Regina,Alberta,23,22,2 CW Regular Season CW TV Pres. by Co-op ,2021-10-01,Final,20211030_wvk9,NA
https://en.usports.ca/sports/fball/2021-22/boxscores/20211106_wrjg.xml,0,1,0,0,2021-22,2021-11-06,Alberta,UBC,30,27,7 CW Regular Season CW TV Pres. by Co-op ,2021-11-01,Final,20211106_wrjg,NA
https://en.usports.ca/sports/fball/2021-22/boxscores/20210925_dy31.xml,0,1,0,0,2021-22,2021-09-25,Mount Allison,Bishop's,7,10, AUS Regular Season Video  More   Photos,2021-09-01,Final,20210925_dy31,NA
https://en.usports.ca/sports/fball/2021-22/boxscores/20211002_g5ck.xml,0,1,0,0,2021-22,2021-10-02,Bishop's,StFX,32,29,9 AUS Regular Season AUStv  More  ,2021-10-01,Final,20211002_g5ck,NA
https://en.usports.ca/sports/fball/2021-22/boxscores/20211008_gxzu.xml,0,1,0,0,2021-22,2021-10-08,Saint Mary's,Bishop's,14,13,3 AUS Regular Season Video ,2021-10-01,Final,20211008_gxzu,NA
https://en.usports.ca/sports/fball/2021-22/boxscores/20211016_uca7.xml,0,1,0,0,2021-22,2021-10-16,Bishop's,Acadia,14,15,4 AUS Regular Season AUStv  More  ,2021-10-01,Final,20211016_uca7,NA
https://en.usports.ca/sports/fball/2021-22/boxscores/20211023_g5lk.xml,0,1,0,0,2021-22,2021-10-23,StFX,Bishop's,21,48,1 AUS Regular Season Video  More  ,2021-10-01,Final,20211023_g5lk,NA
https://en.usports.ca/sports/fball/2021-22/boxscores/20211106_1wre.xml,0,1,0,0,2021-22,2021-11-06,Bishop's,Mount Allison,18,2, AUS Regular Season AUstv  More   Photos,2021-11-01,Final,20211106_1wre,NA
https://en.usports.ca/sports/fball/2021-22/boxscores/20210925_xhc5.xml,0,1,0,0,2021-22,2021-09-25,Saskatchewan,Calgary,34,20,0 CW Regular Season CW TV Pres. by Co-op ,2021-09-01,Final,20210925_xhc5,NA
https://en.usports.ca/sports/fball/2021-22/boxscores/20211002_efmq.xml,0,1,0,0,2021-22,2021-10-02,Calgary,Regina,34,21,1 CW Regular Season CW TV Pres. by Co-op ,2021-10-01,Final,20211002_efmq,NA
https://en.usports.ca/sports/fball/2021-22/boxscores/20211016_zhtx.xml,0,1,0,0,2021-22,2021-10-16,Calgary,Manitoba,28,20,0 CW Regular Season CW TV Pres. by Co-op ,2021-10-01,Final,20211016_zhtx,NA
https://en.usports.ca/sports/fball/2021-22/boxscores/20211024_9c6v.xml,0,1,0,0,2021-22,2021-10-24,Alberta,Calgary,30,36,0 CW Regular Season CW TV Pres. by Co-op ,2021-10-01,Final,20211024_9c6v,NA
https://en.usports.ca/sports/fball/2021-22/boxscores/20211030_hhqa.xml,0,1,0,0,2021-22,2021-10-30,UBC,Calgary,53,14,4 CW Regular Season CW TV Pres. by Co-op ,2021-10-01,Final,20211030_hhqa,NA
https://en.usports.ca/sports/fball/2021-22/boxscores/20211106_oygy.xml,0,1,0,0,2021-22,2021-11-06,Calgary,Saskatchewan,31,23,3 CW Regular Season CW TV Pres. by Co-op ,2021-11-01,Final,20211106_oygy,NA
https://en.usports.ca/sports/fball/2021-22/boxscores/20210918_n0ky.xml,0,1,0,0,2021-22,2021-09-18,Queen's,Carleton,6,18, OUA Regular Season OUA TV ,2021-09-01,Final,20210918_n0ky,NA
https://en.usports.ca/sports/fball/2021-22/boxscores/20210925_v5jx.xml,0,1,0,0,2021-22,2021-09-25,Carleton,York,17,30,7 OUA Regular Season OUA TV ,2021-09-01,Final,20210925_v5jx,NA
https://en.usports.ca/sports/fball/2021-22/boxscores/20211002_za6a.xml,0,1,0,0,2021-22,2021-10-02,Ottawa,Carleton,17,19,7 OUA - 52nd Panda Game OUA TV  ,2021-10-01,Final,20211002_za6a,NA
https://en.usports.ca/sports/fball/2021-22/boxscores/20211008_j27g.xml,0,1,0,0,2021-22,2021-10-08,Toronto,Carleton,27,24,4 OUA Regular Season OUA TV ,2021-10-01,Final,20211008_j27g,NA
https://en.usports.ca/sports/fball/2021-22/boxscores/20211016_hdn3.xml,0,1,0,0,2021-22,2021-10-16,Carleton,Queen's,45,0, OUA Regular Season OUA TV ,2021-10-01,Final,20211016_hdn3,NA
https://en.usports.ca/sports/fball/2021-22/boxscores/20211028_idth.xml,0,1,0,0,2021-22,2021-10-28,Carleton,Ottawa,24,19,9 OUA Regular Season / Saison du SUO OUA TV  More  ,2021-10-01,Final,20211028_idth,NA
https://en.usports.ca/sports/fball/2021-22/boxscores/20210904_u8vk.xml,0,1,0,0,2021-22,2021-09-04,Laval,Concordia,7,33, Saison régulière RSEQ Regular Season YARE tv (Video) TVA Sports More  CHYZ (Audio),2021-09-01,Final,20210904_u8vk,NA
https://en.usports.ca/sports/fball/2021-22/boxscores/20210910_5vsp.xml,0,1,0,0,2021-22,2021-09-10,Concordia,Montreal,28,31,8 RSEQ ,2021-09-01,Final,20210910_5vsp,NA
https://en.usports.ca/sports/fball/2021-22/boxscores/20210917_izth.xml,0,1,0,0,2021-22,2021-09-17,Concordia,McGill,33,36,3 (52nd Shaughnessy Cup) Saison régulière RSEQ Regular Season YARE tv (Video)  ,2021-09-01,Final - OT,20210917_izth,NA
https://en.usports.ca/sports/fball/2021-22/boxscores/20210925_68ob.xml,0,1,0,0,2021-22,2021-09-25,Sherbrooke,Concordia,42,39,9 Saison régulière RSEQ Regular Season YARE tv (Video) ,2021-09-01,Final - OT,20210925_68ob,NA
https://en.usports.ca/sports/fball/2021-22/boxscores/20211010_8nxt.xml,0,1,0,0,2021-22,2021-10-10,Concordia,Laval,36,10,0 Saison régulière RSEQ Regular Season  CHYZ (Audio),2021-10-01,Final,20211010_8nxt,NA
https://en.usports.ca/sports/fball/2021-22/boxscores/20211016_x5cp.xml,0,1,0,0,2021-22,2021-10-16,Montreal,Concordia,19,31,9 Saison régulière RSEQ Regular Season YARE tv (Video) ,2021-10-01,Final,20211016_x5cp,NA
https://en.usports.ca/sports/fball/2021-22/boxscores/20211023_ykwf.xml,0,1,0,0,2021-22,2021-10-23,McGill,Concordia,31,3, Saison régulière RSEQ Regular Season YARE tv (Video) ,2021-10-01,Final,20211023_ykwf,NA
https://en.usports.ca/sports/fball/2021-22/boxscores/20211030_ax9v.xml,0,1,0,0,2021-22,2021-10-30,Concordia,Sherbrooke,40,33,3 Saison régulière RSEQ Regular Season TVA Sports ,2021-10-01,Final,20211030_ax9v,NA
https://en.usports.ca/sports/fball/2021-22/boxscores/20210925_93k7.xml,0,1,0,0,2021-22,2021-09-25,Western,Guelph,23,21,1 OUA Regular Season OUA TV ,2021-09-01,Final,20210925_93k7,NA
https://en.usports.ca/sports/fball/2021-22/boxscores/20211002_177s.xml,0,1,0,0,2021-22,2021-10-02,Guelph,Windsor,14,12,2 OUA Regular Season YourTV (Video) OUA TV ,2021-10-01,Final,20211002_177s,NA
https://en.usports.ca/sports/fball/2021-22/boxscores/20211008_b3wm.xml,0,1,0,0,2021-22,2021-10-08,Guelph,Queen's,14,8, OUA Regular Season OUA TV ,2021-10-01,Final,20211008_b3wm,NA
https://en.usports.ca/sports/fball/2021-22/boxscores/20211016_lp8k.xml,0,1,0,0,2021-22,2021-10-16,Waterloo,Guelph,27,10,0 OUA Regular Season OUA TV ,2021-10-01,Final,20211016_lp8k,NA
https://en.usports.ca/sports/fball/2021-22/boxscores/20211023_crcu.xml,0,1,0,0,2021-22,2021-10-23,Toronto,Guelph,48,0, OUA Regular Season OUA TV ,2021-10-01,Final,20211023_crcu,NA
https://en.usports.ca/sports/fball/2021-22/boxscores/20211030_g0ze.xml,0,1,0,0,2021-22,2021-10-30,Guelph,McMaster,27,22,2 OUA Regular Season OUA TV ,2021-10-01,Final,20211030_g0ze,NA
https://en.usports.ca/sports/fball/2021-22/boxscores/20210918_cxc7.xml,0,1,0,0,2021-22,2021-09-18,York,Laurier,37,6, OUA Regular Season OUA TV ,2021-09-01,Final,20210918_cxc7,NA
https://en.usports.ca/sports/fball/2021-22/boxscores/20210925_v448.xml,0,1,0,0,2021-22,2021-09-25,Waterloo,Laurier,12,36,2 OUA Regular Season OUA TV ,2021-09-01,Final,20210925_v448,NA
https://en.usports.ca/sports/fball/2021-22/boxscores/20211002_z90i.xml,0,1,0,0,2021-22,2021-10-02,Laurier,Western,36,15,5 OUA Regular Season OUA TV ,2021-10-01,Final,20211002_z90i,NA
https://en.usports.ca/sports/fball/2021-22/boxscores/20211016_gylb.xml,0,1,0,0,2021-22,2021-10-16,Laurier,McMaster,0,22, OUA Regular Season OUA TV ,2021-10-01,Final,20211016_gylb,NA
https://en.usports.ca/sports/fball/2021-22/boxscores/20211023_7t5d.xml,0,1,0,0,2021-22,2021-10-23,Windsor,Laurier,33,8, OUA Regular Season OUA TV ,2021-10-01,Final,20211023_7t5d,NA
https://en.usports.ca/sports/fball/2021-22/boxscores/20211030_6ybe.xml,0,1,0,0,2021-22,2021-10-30,Laurier,Waterloo,36,8, OUA Regular Season OUA TV ,2021-10-01,Final,20211030_6ybe,NA
https://en.usports.ca/sports/fball/2021-22/boxscores/20210829_095w.xml,0,1,0,0,2021-22,2021-08-29,McGill,Laval,17,11,1 Saison régulière RSEQ Regular Season   CHYZ (Audio),2021-08-01,Final,20210829_095w,NA
https://en.usports.ca/sports/fball/2021-22/boxscores/20210904_u8vk.xml,0,1,0,0,2021-22,2021-09-04,Laval,Concordia,7,33, Saison régulière RSEQ Regular Season YARE tv (Video) TVA Sports More  CHYZ (Audio),2021-09-01,Final,20210904_u8vk,NA
https://en.usports.ca/sports/fball/2021-22/boxscores/20210911_1zg8.xml,0,1,0,0,2021-22,2021-09-11,Laval,Sherbrooke,23,17,7 RSEQ TVA Sports  CHYZ (Audio),2021-09-01,Final,20210911_1zg8,NA
https://en.usports.ca/sports/fball/2021-22/boxscores/20210918_srps.xml,0,1,0,0,2021-22,2021-09-18,Montreal,Laval,17,18,7 Saison régulière RSEQ Regular Season TVA Sports  CHYZ (Audio),2021-09-01,Final,20210918_srps,NA
https://en.usports.ca/sports/fball/2021-22/boxscores/20211002_bdgw.xml,0,1,0,0,2021-22,2021-10-02,Laval,McGill,2,55, Saison régulière RSEQ Regular Season YARE tv (Video)  CHYZ (Audio),2021-10-01,Final,20211002_bdgw,NA
https://en.usports.ca/sports/fball/2021-22/boxscores/20211010_8nxt.xml,0,1,0,0,2021-22,2021-10-10,Concordia,Laval,36,10,0 Saison régulière RSEQ Regular Season  CHYZ (Audio),2021-10-01,Final,20211010_8nxt,NA
https://en.usports.ca/sports/fball/2021-22/boxscores/20211017_r6yv.xml,0,1,0,0,2021-22,2021-10-17,Sherbrooke,Laval,45,2, Saison régulière RSEQ Regular Season TVA Sports  CHYZ (Audio),2021-10-01,Final,20211017_r6yv,NA
https://en.usports.ca/sports/fball/2021-22/boxscores/20211024_b1m1.xml,0,1,0,0,2021-22,2021-10-24,Laval,Montreal,35,14,4 RSEQ TVA Sports  CHYZ (Audio),2021-10-01,Final,20211024_b1m1,NA
NA,1,0,0,0,2021-22,NA,Manitoba,Saskatchewan,31,14,4 Preseason,2021-09-01,Final,NA,NA
https://en.usports.ca/sports/fball/2021-22/boxscores/20210925_crwh.xml,0,1,0,0,2021-22,2021-09-25,Regina,Manitoba,21,17,7 CW Regular Season CW TV Pres. by Co-op ,2021-09-01,Final,20210925_crwh,NA
https://en.usports.ca/sports/fball/2021-22/boxscores/20211001_ldik.xml,0,1,0,0,2021-22,2021-10-01,Manitoba,Alberta,17,31,7 CW Regular Season CW TV Pres. by Co-op ,2021-10-01,Final,20211001_ldik,NA
https://en.usports.ca/sports/fball/2021-22/boxscores/20211016_zhtx.xml,0,1,0,0,2021-22,2021-10-16,Calgary,Manitoba,28,20,0 CW Regular Season CW TV Pres. by Co-op ,2021-10-01,Final,20211016_zhtx,NA
https://en.usports.ca/sports/fball/2021-22/boxscores/20211023_ssgp.xml,0,1,0,0,2021-22,2021-10-23,Manitoba,UBC,26,24,4 CW Regular Season CW TV Pres. by Co-op ,2021-10-01,Final,20211023_ssgp,NA
https://en.usports.ca/sports/fball/2021-22/boxscores/20211030_ytjf.xml,0,1,0,0,2021-22,2021-10-30,Saskatchewan,Manitoba,12,41,2 CW Regular Season CW TV Pres. by Co-op ,2021-10-01,Final,20211030_ytjf,NA
https://en.usports.ca/sports/fball/2021-22/boxscores/20211106_67rv.xml,0,1,0,0,2021-22,2021-11-06,Manitoba,Regina,3,22, CW Regular Season CW TV Pres. by Co-op ,2021-11-01,Final,20211106_67rv,NA
https://en.usports.ca/sports/fball/2021-22/boxscores/20210829_095w.xml,0,1,0,0,2021-22,2021-08-29,McGill,Laval,17,11,1 Saison régulière RSEQ Regular Season   CHYZ (Audio),2021-08-01,Final,20210829_095w,NA
https://en.usports.ca/sports/fball/2021-22/boxscores/20210904_xkax.xml,0,1,0,0,2021-22,2021-09-04,Sherbrooke,McGill,21,18,8 RSEQ YARE tv (Video)  ,2021-09-01,Final,20210904_xkax,NA
https://en.usports.ca/sports/fball/2021-22/boxscores/20210917_izth.xml,0,1,0,0,2021-22,2021-09-17,Concordia,McGill,33,36,3 (52nd Shaughnessy Cup) Saison régulière RSEQ Regular Season YARE tv (Video)  ,2021-09-01,Final - OT,20210917_izth,NA
https://en.usports.ca/sports/fball/2021-22/boxscores/20210925_ishp.xml,0,1,0,0,2021-22,2021-09-25,McGill,Montreal,31,7, Saison régulière RSEQ Regular Season  ,2021-09-01,Final,20210925_ishp,NA
https://en.usports.ca/sports/fball/2021-22/boxscores/20211002_bdgw.xml,0,1,0,0,2021-22,2021-10-02,Laval,McGill,2,55, Saison régulière RSEQ Regular Season YARE tv (Video)  CHYZ (Audio),2021-10-01,Final,20211002_bdgw,NA
https://en.usports.ca/sports/fball/2021-22/boxscores/20211009_w2i3.xml,0,1,0,0,2021-22,2021-10-09,McGill,Sherbrooke,21,13,3 Saison régulière RSEQ Regular Season TVA Sports  ,2021-10-01,Final,20211009_w2i3,NA
https://en.usports.ca/sports/fball/2021-22/boxscores/20211023_ykwf.xml,0,1,0,0,2021-22,2021-10-23,McGill,Concordia,31,3, Saison régulière RSEQ Regular Season YARE tv (Video) ,2021-10-01,Final,20211023_ykwf,NA
https://en.usports.ca/sports/fball/2021-22/boxscores/20211029_sn4t.xml,0,1,0,0,2021-22,2021-10-29,Montreal,McGill,9,14, Saison régulière RSEQ Regular Season YARE tv (Video) ,2021-10-01,Final,20211029_sn4t,NA
https://en.usports.ca/sports/fball/2021-22/boxscores/20210918_wkys.xml,0,1,0,0,2021-22,2021-09-18,McMaster,Western,41,13,3 OUA Regular Season OUA TV ,2021-09-01,Final,20210918_wkys,NA
https://en.usports.ca/sports/fball/2021-22/boxscores/20211002_fkac.xml,0,1,0,0,2021-22,2021-10-02,Waterloo,McMaster,34,13,3 OUA Regular Season OUA TV ,2021-10-01,Final,20211002_fkac,NA
https://en.usports.ca/sports/fball/2021-22/boxscores/20211009_e674.xml,0,1,0,0,2021-22,2021-10-09,McMaster,Windsor,27,24,4 OUA Regular Season OUA TV YourTV (Video) ,2021-10-01,Final - OT,20211009_e674,NA
https://en.usports.ca/sports/fball/2021-22/boxscores/20211016_gylb.xml,0,1,0,0,2021-22,2021-10-16,Laurier,McMaster,0,22, OUA Regular Season OUA TV ,2021-10-01,Final,20211016_gylb,NA
https://en.usports.ca/sports/fball/2021-22/boxscores/20211023_farw.xml,0,1,0,0,2021-22,2021-10-23,McMaster,York,0,48, OUA Regular Season OUA TV ,2021-10-01,Final,20211023_farw,NA
https://en.usports.ca/sports/fball/2021-22/boxscores/20211030_g0ze.xml,0,1,0,0,2021-22,2021-10-30,Guelph,McMaster,27,22,2 OUA Regular Season OUA TV ,2021-10-01,Final,20211030_g0ze,NA
https://en.usports.ca/sports/fball/2021-22/boxscores/20210828_gdzg.xml,0,1,0,0,2021-22,2021-08-28,Montreal,Sherbrooke,9,26, Saison régulière RSEQ Regular Season TVA Sports ,2021-08-01,Final,20210828_gdzg,NA
https://en.usports.ca/sports/fball/2021-22/boxscores/20210910_5vsp.xml,0,1,0,0,2021-22,2021-09-10,Concordia,Montreal,28,31,8 RSEQ ,2021-09-01,Final,20210910_5vsp,NA
https://en.usports.ca/sports/fball/2021-22/boxscores/20210918_srps.xml,0,1,0,0,2021-22,2021-09-18,Montreal,Laval,17,18,7 Saison régulière RSEQ Regular Season TVA Sports  CHYZ (Audio),2021-09-01,Final,20210918_srps,NA
https://en.usports.ca/sports/fball/2021-22/boxscores/20210925_ishp.xml,0,1,0,0,2021-22,2021-09-25,McGill,Montreal,31,7, Saison régulière RSEQ Regular Season  ,2021-09-01,Final,20210925_ishp,NA
https://en.usports.ca/sports/fball/2021-22/boxscores/20211002_9dfi.xml,0,1,0,0,2021-22,2021-10-02,Sherbrooke,Montreal,43,7, Saison régulière RSEQ Regular Season TVA Sports ,2021-10-01,Final,20211002_9dfi,NA
https://en.usports.ca/sports/fball/2021-22/boxscores/20211016_x5cp.xml,0,1,0,0,2021-22,2021-10-16,Montreal,Concordia,19,31,9 Saison régulière RSEQ Regular Season YARE tv (Video) ,2021-10-01,Final,20211016_x5cp,NA
https://en.usports.ca/sports/fball/2021-22/boxscores/20211024_b1m1.xml,0,1,0,0,2021-22,2021-10-24,Laval,Montreal,35,14,4 RSEQ TVA Sports  CHYZ (Audio),2021-10-01,Final,20211024_b1m1,NA
https://en.usports.ca/sports/fball/2021-22/boxscores/20211029_sn4t.xml,0,1,0,0,2021-22,2021-10-29,Montreal,McGill,9,14, Saison régulière RSEQ Regular Season YARE tv (Video) ,2021-10-01,Final,20211029_sn4t,NA
https://en.usports.ca/sports/fball/2021-22/boxscores/20210910_rhr0.xml,1,0,0,0,2021-22,2021-09-10,Mount Allison,Saint Mary's,26,6, (Pre-Season)   Photos,2021-09-01,Final,20210910_rhr0,NA
https://en.usports.ca/sports/fball/2021-22/boxscores/20210918_yq9a.xml,0,1,0,0,2021-22,2021-09-18,Acadia,Mount Allison,10,9, AUS Regular Season AUStv  More    Photos,2021-09-01,Final,20210918_yq9a,NA
https://en.usports.ca/sports/fball/2021-22/boxscores/20210925_dy31.xml,0,1,0,0,2021-22,2021-09-25,Mount Allison,Bishop's,7,10, AUS Regular Season Video  More   Photos,2021-09-01,Final,20210925_dy31,NA
https://en.usports.ca/sports/fball/2021-22/boxscores/20211008_ppva.xml,0,1,0,0,2021-22,2021-10-08,StFX,Mount Allison,19,21,9 AUS Regular Season AUStv  More    Photos,2021-10-01,Final,20211008_ppva,NA
https://en.usports.ca/sports/fball/2021-22/boxscores/20211016_e7qb.xml,0,1,0,0,2021-22,2021-10-16,Mount Allison,Saint Mary's,14,24,4 AUS Regular Season AUStv  More   Photos,2021-10-01,Final,20211016_e7qb,NA
https://en.usports.ca/sports/fball/2021-22/boxscores/20211030_5sab.xml,0,1,0,0,2021-22,2021-10-30,Mount Allison,Acadia,8,13, AUS Regular Season AUStv  More    Photos,2021-10-01,Final,20211030_5sab,NA
https://en.usports.ca/sports/fball/2021-22/boxscores/20211106_1wre.xml,0,1,0,0,2021-22,2021-11-06,Bishop's,Mount Allison,18,2, AUS Regular Season AUstv  More   Photos,2021-11-01,Final,20211106_1wre,NA
https://en.usports.ca/sports/fball/2021-22/boxscores/20210918_3dfd.xml,0,1,0,0,2021-22,2021-09-18,Ottawa,Toronto,11,10,0 OUA OUA TV  More  ,2021-09-01,Final,20210918_3dfd,NA
https://en.usports.ca/sports/fball/2021-22/boxscores/20210925_rt5u.xml,0,1,0,0,2021-22,2021-09-25,Ottawa,Queen's,30,7, OUA OUA TV  ,2021-09-01,Final,20210925_rt5u,NA
https://en.usports.ca/sports/fball/2021-22/boxscores/20211002_za6a.xml,0,1,0,0,2021-22,2021-10-02,Carleton,Ottawa,19,17,7 OUA - 52nd Panda Game OUA TV  ,2021-10-01,Final,20211002_za6a,NA
https://en.usports.ca/sports/fball/2021-22/boxscores/20211009_vb7l.xml,0,1,0,0,2021-22,2021-10-09,York,Ottawa,20,17,7 OUA Regular Season / Saison du SUO OUA TV  More  ,2021-10-01,Final,20211009_vb7l,NA
https://en.usports.ca/sports/fball/2021-22/boxscores/20211021_9jzl.xml,0,1,0,0,2021-22,2021-10-21,Queen's,Ottawa,12,30,2 OUA OUA TV  More  ,2021-10-01,Final,20211021_9jzl,NA
https://en.usports.ca/sports/fball/2021-22/boxscores/20211028_idth.xml,0,1,0,0,2021-22,2021-10-28,Carleton,Ottawa,24,19,9 OUA Regular Season / Saison du SUO OUA TV  More  ,2021-10-01,Final,20211028_idth,NA
https://en.usports.ca/sports/fball/2021-22/boxscores/20210918_n0ky.xml,0,1,0,0,2021-22,2021-09-18,Queen's,Carleton,6,18, OUA Regular Season OUA TV ,2021-09-01,Final,20210918_n0ky,NA
https://en.usports.ca/sports/fball/2021-22/boxscores/20210925_rt5u.xml,0,1,0,0,2021-22,2021-09-25,Ottawa,Queen's,30,7, OUA OUA TV  ,2021-09-01,Final,20210925_rt5u,NA
https://en.usports.ca/sports/fball/2021-22/boxscores/20211002_nnkm.xml,0,1,0,0,2021-22,2021-10-02,Queen's,Toronto,11,35,1 OUA Regular Season OUA TV ,2021-10-01,Final,20211002_nnkm,NA
https://en.usports.ca/sports/fball/2021-22/boxscores/20211008_b3wm.xml,0,1,0,0,2021-22,2021-10-08,Guelph,Queen's,14,8, OUA Regular Season OUA TV ,2021-10-01,Final,20211008_b3wm,NA
https://en.usports.ca/sports/fball/2021-22/boxscores/20211016_hdn3.xml,0,1,0,0,2021-22,2021-10-16,Carleton,Queen's,45,0, OUA Regular Season OUA TV ,2021-10-01,Final,20211016_hdn3,NA
https://en.usports.ca/sports/fball/2021-22/boxscores/20211021_9jzl.xml,0,1,0,0,2021-22,2021-10-21,Queen's,Ottawa,12,30,2 OUA OUA TV  More  ,2021-10-01,Final,20211021_9jzl,NA
NA,1,0,0,0,2021-22,NA,Alberta,Regina,34,25,5 Non-conference,2021-09-01,Final,NA,NA
https://en.usports.ca/sports/fball/2021-22/boxscores/20210925_crwh.xml,0,1,0,0,2021-22,2021-09-25,Regina,Manitoba,21,17,7 CW Regular Season CW TV Pres. by Co-op ,2021-09-01,Final,20210925_crwh,NA
https://en.usports.ca/sports/fball/2021-22/boxscores/20211002_efmq.xml,0,1,0,0,2021-22,2021-10-02,Calgary,Regina,34,21,1 CW Regular Season CW TV Pres. by Co-op ,2021-10-01,Final,20211002_efmq,NA
https://en.usports.ca/sports/fball/2021-22/boxscores/20211016_z5u8.xml,0,1,0,0,2021-22,2021-10-16,UBC,Regina,30,31,0 CW Regular Season CW TV Pres. by Co-op ,2021-10-01,Final - OT,20211016_z5u8,NA
https://en.usports.ca/sports/fball/2021-22/boxscores/20211023_tnas.xml,0,1,0,0,2021-22,2021-10-23,Regina,Saskatchewan,28,17,7 CW Regular Season CW TV Pres. by Co-op ,2021-10-01,Final,20211023_tnas,NA
https://en.usports.ca/sports/fball/2021-22/boxscores/20211030_wvk9.xml,0,1,0,0,2021-22,2021-10-30,Regina,Alberta,23,22,2 CW Regular Season CW TV Pres. by Co-op ,2021-10-01,Final,20211030_wvk9,NA
https://en.usports.ca/sports/fball/2021-22/boxscores/20211106_67rv.xml,0,1,0,0,2021-22,2021-11-06,Manitoba,Regina,3,22, CW Regular Season CW TV Pres. by Co-op ,2021-11-01,Final,20211106_67rv,NA
https://en.usports.ca/sports/fball/2021-22/boxscores/20210910_rhr0.xml,1,0,0,0,2021-22,2021-09-10,Mount Allison,Saint Mary's,26,6, (Pre-Season)   Photos,2021-09-01,Final,20210910_rhr0,NA
https://en.usports.ca/sports/fball/2021-22/boxscores/20210917_hl2l.xml,0,1,0,0,2021-22,2021-09-17,StFX,Saint Mary's,23,33,3 AUS Regular Season AUStv  More  ,2021-09-01,Final,20210917_hl2l,NA
https://en.usports.ca/sports/fball/2021-22/boxscores/20210925_2d25.xml,0,1,0,0,2021-22,2021-09-25,Saint Mary's,Acadia,0,1, AUS Regular Season - *Acadia forfeits Sept. 25 win vs. Saint Mary's due to use of an ineligible player. Game is recorded as a 1-0 win for Saint Mary's. AUStv  More  ,2021-09-01,Final,20210925_2d25,NA
https://en.usports.ca/sports/fball/2021-22/boxscores/20211002_agow.xml,0,1,0,0,2021-22,2021-10-02,Acadia,Saint Mary's,7,14, AUS Regular Season AUStv  ,2021-10-01,Final,20211002_agow,NA
https://en.usports.ca/sports/fball/2021-22/boxscores/20211008_gxzu.xml,0,1,0,0,2021-22,2021-10-08,Saint Mary's,Bishop's,14,13,3 AUS Regular Season Video ,2021-10-01,Final,20211008_gxzu,NA
https://en.usports.ca/sports/fball/2021-22/boxscores/20211016_e7qb.xml,0,1,0,0,2021-22,2021-10-16,Mount Allison,Saint Mary's,14,24,4 AUS Regular Season AUStv  More   Photos,2021-10-01,Final,20211016_e7qb,NA
https://en.usports.ca/sports/fball/2021-22/boxscores/20211030_sb1g.xml,0,1,0,0,2021-22,2021-10-30,Saint Mary's,StFX,46,0, AUS Regular Season AUStv  More   ,2021-10-01,Final,20211030_sb1g,NA
NA,1,0,0,0,2021-22,NA,Manitoba,Saskatchewan,31,14,4 Preseason,2021-09-01,Final,NA,NA
https://en.usports.ca/sports/fball/2021-22/boxscores/20210925_xhc5.xml,0,1,0,0,2021-22,2021-09-25,Saskatchewan,Calgary,34,20,0 CW Regular Season CW TV Pres. by Co-op ,2021-09-01,Final,20210925_xhc5,NA
https://en.usports.ca/sports/fball/2021-22/boxscores/20211001_o6hv.xml,0,1,0,0,2021-22,2021-10-01,Saskatchewan,UBC,15,43,5 CW Regular Season CW TV Pres. by Co-op ,2021-10-01,Final,20211001_o6hv,NA
https://en.usports.ca/sports/fball/2021-22/boxscores/20211016_6887.xml,0,1,0,0,2021-22,2021-10-16,Alberta,Saskatchewan,54,27,7 CW Regular Season CW TV Pres. by Co-op ,2021-10-01,Final,20211016_6887,NA
https://en.usports.ca/sports/fball/2021-22/boxscores/20211023_tnas.xml,0,1,0,0,2021-22,2021-10-23,Regina,Saskatchewan,28,17,7 CW Regular Season CW TV Pres. by Co-op ,2021-10-01,Final,20211023_tnas,NA
https://en.usports.ca/sports/fball/2021-22/boxscores/20211030_ytjf.xml,0,1,0,0,2021-22,2021-10-30,Saskatchewan,Manitoba,12,41,2 CW Regular Season CW TV Pres. by Co-op ,2021-10-01,Final,20211030_ytjf,NA
https://en.usports.ca/sports/fball/2021-22/boxscores/20211106_oygy.xml,0,1,0,0,2021-22,2021-11-06,Calgary,Saskatchewan,31,23,3 CW Regular Season CW TV Pres. by Co-op ,2021-11-01,Final,20211106_oygy,NA
https://en.usports.ca/sports/fball/2021-22/boxscores/20210828_gdzg.xml,0,1,0,0,2021-22,2021-08-28,Montreal,Sherbrooke,9,26, Saison régulière RSEQ Regular Season TVA Sports ,2021-08-01,Final,20210828_gdzg,NA
https://en.usports.ca/sports/fball/2021-22/boxscores/20210904_xkax.xml,0,1,0,0,2021-22,2021-09-04,Sherbrooke,McGill,21,18,8 RSEQ YARE tv (Video)  ,2021-09-01,Final,20210904_xkax,NA
https://en.usports.ca/sports/fball/2021-22/boxscores/20210911_1zg8.xml,0,1,0,0,2021-22,2021-09-11,Laval,Sherbrooke,23,17,7 RSEQ TVA Sports  CHYZ (Audio),2021-09-01,Final,20210911_1zg8,NA
https://en.usports.ca/sports/fball/2021-22/boxscores/20210925_68ob.xml,0,1,0,0,2021-22,2021-09-25,Sherbrooke,Concordia,42,39,9 Saison régulière RSEQ Regular Season YARE tv (Video) ,2021-09-01,Final - OT,20210925_68ob,NA
https://en.usports.ca/sports/fball/2021-22/boxscores/20211002_9dfi.xml,0,1,0,0,2021-22,2021-10-02,Sherbrooke,Montreal,43,7, Saison régulière RSEQ Regular Season TVA Sports ,2021-10-01,Final,20211002_9dfi,NA
https://en.usports.ca/sports/fball/2021-22/boxscores/20211009_w2i3.xml,0,1,0,0,2021-22,2021-10-09,McGill,Sherbrooke,21,13,3 Saison régulière RSEQ Regular Season TVA Sports  ,2021-10-01,Final,20211009_w2i3,NA
https://en.usports.ca/sports/fball/2021-22/boxscores/20211017_r6yv.xml,0,1,0,0,2021-22,2021-10-17,Sherbrooke,Laval,45,2, Saison régulière RSEQ Regular Season TVA Sports  CHYZ (Audio),2021-10-01,Final,20211017_r6yv,NA
https://en.usports.ca/sports/fball/2021-22/boxscores/20211030_ax9v.xml,0,1,0,0,2021-22,2021-10-30,Concordia,Sherbrooke,40,33,3 Saison régulière RSEQ Regular Season TVA Sports ,2021-10-01,Final,20211030_ax9v,NA
NA,1,0,0,0,2021-22,NA,Acadia,StFX,23,14,4 (Pre-Season) Video ,2021-09-01,Final,NA,NA
https://en.usports.ca/sports/fball/2021-22/boxscores/20210917_hl2l.xml,0,1,0,0,2021-22,2021-09-17,StFX,Saint Mary's,23,33,3 AUS Regular Season AUStv  More  ,2021-09-01,Final,20210917_hl2l,NA
https://en.usports.ca/sports/fball/2021-22/boxscores/20211002_g5ck.xml,0,1,0,0,2021-22,2021-10-02,Bishop's,StFX,32,29,9 AUS Regular Season AUStv  More  ,2021-10-01,Final,20211002_g5ck,NA
https://en.usports.ca/sports/fball/2021-22/boxscores/20211008_ppva.xml,0,1,0,0,2021-22,2021-10-08,StFX,Mount Allison,19,21,9 AUS Regular Season AUStv  More    Photos,2021-10-01,Final,20211008_ppva,NA
https://en.usports.ca/sports/fball/2021-22/boxscores/20211023_g5lk.xml,0,1,0,0,2021-22,2021-10-23,StFX,Bishop's,21,48,1 AUS Regular Season Video  More  ,2021-10-01,Final,20211023_g5lk,NA
https://en.usports.ca/sports/fball/2021-22/boxscores/20211030_sb1g.xml,0,1,0,0,2021-22,2021-10-30,Saint Mary's,StFX,46,0, AUS Regular Season AUStv  More   ,2021-10-01,Final,20211030_sb1g,NA
https://en.usports.ca/sports/fball/2021-22/boxscores/20211106_55mu.xml,0,1,0,0,2021-22,2021-11-06,Acadia,StFX,13,7, AUS Regular Season AUstv  More   ,2021-11-01,Final,20211106_55mu,NA
https://en.usports.ca/sports/fball/2021-22/boxscores/20210918_3dfd.xml,0,1,0,0,2021-22,2021-09-18,Ottawa,Toronto,11,10,0 OUA OUA TV  More  ,2021-09-01,Final,20210918_3dfd,NA
https://en.usports.ca/sports/fball/2021-22/boxscores/20211002_nnkm.xml,0,1,0,0,2021-22,2021-10-02,Queen's,Toronto,11,35,1 OUA Regular Season OUA TV ,2021-10-01,Final,20211002_nnkm,NA
https://en.usports.ca/sports/fball/2021-22/boxscores/20211008_j27g.xml,0,1,0,0,2021-22,2021-10-08,Toronto,Carleton,27,24,4 OUA Regular Season OUA TV ,2021-10-01,Final,20211008_j27g,NA
https://en.usports.ca/sports/fball/2021-22/boxscores/20211016_sk1o.xml,0,1,0,0,2021-22,2021-10-16,York,Toronto,25,2, OUA Regular Season OUA TV ,2021-10-01,Final,20211016_sk1o,NA
https://en.usports.ca/sports/fball/2021-22/boxscores/20211023_crcu.xml,0,1,0,0,2021-22,2021-10-23,Toronto,Guelph,48,0, OUA Regular Season OUA TV ,2021-10-01,Final,20211023_crcu,NA
https://en.usports.ca/sports/fball/2021-22/boxscores/20211030_6p4j.xml,0,1,0,0,2021-22,2021-10-30,Toronto,York,7,41, OUA Regular Season OUA TV ,2021-10-01,Final,20211030_6p4j,NA
https://en.usports.ca/sports/fball/2021-22/boxscores/20210925_2sei.xml,0,1,0,0,2021-22,2021-09-25,UBC,Alberta,44,19,9 CW Regular Season CW TV Pres. by Co-op ,2021-09-01,Final,20210925_2sei,NA
https://en.usports.ca/sports/fball/2021-22/boxscores/20211001_o6hv.xml,0,1,0,0,2021-22,2021-10-01,Saskatchewan,UBC,15,43,5 CW Regular Season CW TV Pres. by Co-op ,2021-10-01,Final,20211001_o6hv,NA
https://en.usports.ca/sports/fball/2021-22/boxscores/20211016_z5u8.xml,0,1,0,0,2021-22,2021-10-16,UBC,Regina,30,31,0 CW Regular Season CW TV Pres. by Co-op ,2021-10-01,Final - OT,20211016_z5u8,NA
https://en.usports.ca/sports/fball/2021-22/boxscores/20211023_ssgp.xml,0,1,0,0,2021-22,2021-10-23,Manitoba,UBC,26,24,4 CW Regular Season CW TV Pres. by Co-op ,2021-10-01,Final,20211023_ssgp,NA
https://en.usports.ca/sports/fball/2021-22/boxscores/20211030_hhqa.xml,0,1,0,0,2021-22,2021-10-30,UBC,Calgary,53,14,4 CW Regular Season CW TV Pres. by Co-op ,2021-10-01,Final,20211030_hhqa,NA
https://en.usports.ca/sports/fball/2021-22/boxscores/20211106_wrjg.xml,0,1,0,0,2021-22,2021-11-06,Alberta,UBC,30,27,7 CW Regular Season CW TV Pres. by Co-op ,2021-11-01,Final,20211106_wrjg,NA
https://en.usports.ca/sports/fball/2021-22/boxscores/20210918_y1pt.xml,0,1,0,0,2021-22,2021-09-18,Windsor,Waterloo,42,14,4 OUA Regular Season OUA TV ,2021-09-01,Final,20210918_y1pt,NA
https://en.usports.ca/sports/fball/2021-22/boxscores/20210925_v448.xml,0,1,0,0,2021-22,2021-09-25,Waterloo,Laurier,12,36,2 OUA Regular Season OUA TV ,2021-09-01,Final,20210925_v448,NA
https://en.usports.ca/sports/fball/2021-22/boxscores/20211002_fkac.xml,0,1,0,0,2021-22,2021-10-02,Waterloo,McMaster,34,13,3 OUA Regular Season OUA TV ,2021-10-01,Final,20211002_fkac,NA
https://en.usports.ca/sports/fball/2021-22/boxscores/20211016_lp8k.xml,0,1,0,0,2021-22,2021-10-16,Waterloo,Guelph,27,10,0 OUA Regular Season OUA TV ,2021-10-01,Final,20211016_lp8k,NA
https://en.usports.ca/sports/fball/2021-22/boxscores/20211023_ap7r.xml,0,1,0,0,2021-22,2021-10-23,Western,Waterloo,13,48,3 OUA Regular Season OUA TV ,2021-10-01,Final,20211023_ap7r,NA
https://en.usports.ca/sports/fball/2021-22/boxscores/20211030_6ybe.xml,0,1,0,0,2021-22,2021-10-30,Laurier,Waterloo,36,8, OUA Regular Season OUA TV ,2021-10-01,Final,20211030_6ybe,NA
https://en.usports.ca/sports/fball/2021-22/boxscores/20210918_wkys.xml,0,1,0,0,2021-22,2021-09-18,McMaster,Western,41,13,3 OUA Regular Season OUA TV ,2021-09-01,Final,20210918_wkys,NA
https://en.usports.ca/sports/fball/2021-22/boxscores/20210925_93k7.xml,0,1,0,0,2021-22,2021-09-25,Western,Guelph,23,21,1 OUA Regular Season OUA TV ,2021-09-01,Final,20210925_93k7,NA
https://en.usports.ca/sports/fball/2021-22/boxscores/20211002_z90i.xml,0,1,0,0,2021-22,2021-10-02,Laurier,Western,36,15,5 OUA Regular Season OUA TV ,2021-10-01,Final,20211002_z90i,NA
https://en.usports.ca/sports/fball/2021-22/boxscores/20211016_zj7e.xml,0,1,0,0,2021-22,2021-10-16,Windsor,Western,54,4, OUA Regular Season OUA TV ,2021-10-01,Final,20211016_zj7e,NA
https://en.usports.ca/sports/fball/2021-22/boxscores/20211023_ap7r.xml,0,1,0,0,2021-22,2021-10-23,Western,Waterloo,13,48,3 OUA Regular Season OUA TV ,2021-10-01,Final,20211023_ap7r,NA
https://en.usports.ca/sports/fball/2021-22/boxscores/20211030_1abv.xml,0,1,0,0,2021-22,2021-10-30,Western,Windsor,0,66, OUA Regular Season OUA TV YourTV (Video) ,2021-10-01,Final,20211030_1abv,NA
https://en.usports.ca/sports/fball/2021-22/boxscores/20210918_y1pt.xml,0,1,0,0,2021-22,2021-09-18,Windsor,Waterloo,42,14,4 OUA Regular Season OUA TV ,2021-09-01,Final,20210918_y1pt,NA
https://en.usports.ca/sports/fball/2021-22/boxscores/20211002_177s.xml,0,1,0,0,2021-22,2021-10-02,Guelph,Windsor,14,12,2 OUA Regular Season YourTV (Video) OUA TV ,2021-10-01,Final,20211002_177s,NA
https://en.usports.ca/sports/fball/2021-22/boxscores/20211009_e674.xml,0,1,0,0,2021-22,2021-10-09,McMaster,Windsor,27,24,4 OUA Regular Season OUA TV YourTV (Video) ,2021-10-01,Final - OT,20211009_e674,NA
https://en.usports.ca/sports/fball/2021-22/boxscores/20211016_zj7e.xml,0,1,0,0,2021-22,2021-10-16,Windsor,Western,54,4, OUA Regular Season OUA TV ,2021-10-01,Final,20211016_zj7e,NA
https://en.usports.ca/sports/fball/2021-22/boxscores/20211023_7t5d.xml,0,1,0,0,2021-22,2021-10-23,Windsor,Laurier,33,8, OUA Regular Season OUA TV ,2021-10-01,Final,20211023_7t5d,NA
https://en.usports.ca/sports/fball/2021-22/boxscores/20211030_1abv.xml,0,1,0,0,2021-22,2021-10-30,Western,Windsor,0,66, OUA Regular Season OUA TV YourTV (Video) ,2021-10-01,Final,20211030_1abv,NA
https://en.usports.ca/sports/fball/2021-22/boxscores/20210918_cxc7.xml,0,1,0,0,2021-22,2021-09-18,York,Laurier,37,6, OUA Regular Season OUA TV ,2021-09-01,Final,20210918_cxc7,NA
https://en.usports.ca/sports/fball/2021-22/boxscores/20210925_v5jx.xml,0,1,0,0,2021-22,2021-09-25,Carleton,York,17,30,7 OUA Regular Season OUA TV ,2021-09-01,Final,20210925_v5jx,NA
https://en.usports.ca/sports/fball/2021-22/boxscores/20211009_vb7l.xml,0,1,0,0,2021-22,2021-10-09,York,Ottawa,20,17,7 OUA Regular Season / Saison du SUO OUA TV  More  ,2021-10-01,Final,20211009_vb7l,NA
https://en.usports.ca/sports/fball/2021-22/boxscores/20211016_sk1o.xml,0,1,0,0,2021-22,2021-10-16,York,Toronto,25,2, OUA Regular Season OUA TV ,2021-10-01,Final,20211016_sk1o,NA
https://en.usports.ca/sports/fball/2021-22/boxscores/20211023_farw.xml,0,1,0,0,2021-22,2021-10-23,McMaster,York,0,48, OUA Regular Season OUA TV ,2021-10-01,Final,20211023_farw,NA
https://en.usports.ca/sports/fball/2021-22/boxscores/20211030_6p4j.xml,0,1,0,0,2021-22,2021-10-30,Toronto,York,7,41, OUA Regular Season OUA TV ,2021-10-01,Final,20211030_6p4j,NA
NA,0,1,0,0,2020-21,NA,Saint Mary's,Acadia,,,NA,2020-08-01,2:00 PM ADT,NA,NA
NA,0,1,0,0,2020-21,NA,Acadia,Bishop's,,,NA,2020-09-01,2:00 PM ADT,NA,NA
NA,0,1,0,0,2020-21,NA,Acadia,Mount Allison,,,NA,2020-09-01,2:00 PM ADT,NA,NA
NA,0,1,0,0,2020-21,NA,StFX,Acadia,,,NA,2020-09-01,2:00 PM ADT,NA,NA
NA,0,1,0,0,2020-21,NA,Acadia,Saint Mary's,,,NA,2020-10-01,2:00 PM ADT,NA,NA
NA,0,1,0,0,2020-21,NA,Bishop's,Acadia,,,NA,2020-10-01,3:00 PM ADT,NA,NA
NA,0,1,0,0,2020-21,NA,Mount Allison,Acadia,,,NA,2020-10-01,2:00 PM ADT,NA,NA
NA,0,1,0,0,2020-21,NA,Acadia,StFX,,,NA,2020-10-01,2:00 PM ADT,NA,NA
NA,0,1,0,0,2020-21,NA,StFX,Bishop's,,,NA,2020-08-01,2:00 PM ADT,NA,NA
NA,0,1,0,0,2020-21,NA,Bishop's,Saint Mary's,,,NA,2020-09-01,7:00 PM ADT,NA,NA
NA,0,1,0,0,2020-21,NA,Acadia,Bishop's,,,NA,2020-09-01,2:00 PM ADT,NA,NA
NA,0,1,0,0,2020-21,NA,Mount Allison,Bishop's,,,NA,2020-09-01,2:00 PM ADT,NA,NA
NA,0,1,0,0,2020-21,NA,Bishop's,StFX,,,NA,2020-10-01,3:00 PM ADT,NA,NA
NA,0,1,0,0,2020-21,NA,Saint Mary's,Bishop's,,,NA,2020-10-01,7:00 PM ADT,NA,NA
NA,0,1,0,0,2020-21,NA,Bishop's,Acadia,,,NA,2020-10-01,3:00 PM ADT,NA,NA
NA,0,1,0,0,2020-21,NA,Bishop's,Mount Allison,,,NA,2020-10-01,3:00 PM ADT,NA,NA
NA,0,1,0,0,2020-21,NA,York,Carleton,,,NA,2020-09-01,6:00 PM EDT,NA,NA
NA,0,1,0,0,2020-21,NA,Carleton,Waterloo,,,NA,2020-09-01,1:00 PM EDT,NA,NA
NA,0,1,0,0,2020-21,NA,Carleton,McMaster,,,NA,2020-09-01,1:00 PM EDT,NA,NA
NA,0,1,0,0,2020-21,NA,Windsor,Carleton,,,NA,2020-09-01,1:00 PM EDT,NA,NA
NA,0,1,0,0,2020-21,NA,Ottawa,Carleton,,,NA,2020-10-01,12:00 PM EDT,NA,NA
NA,0,1,0,0,2020-21,NA,Carleton,Western,,,NA,2020-10-01,1:00 PM EDT,NA,NA
NA,0,1,0,0,2020-21,NA,Carleton,Guelph,,,NA,2020-10-01,1:00 PM EDT,NA,NA
NA,0,1,0,0,2020-21,NA,Queen's,Carleton,,,NA,2020-10-01,1:00 PM EDT,NA,NA
NA,0,1,0,0,2020-21,NA,Guelph,York,,,NA,2020-08-01,1:00 PM EDT,NA,NA
NA,0,1,0,0,2020-21,NA,Waterloo,Guelph,,,NA,2020-09-01,6:00 PM EDT,NA,NA
NA,0,1,0,0,2020-21,NA,Laurier,Guelph,,,NA,2020-09-01,1:00 PM EDT,NA,NA
NA,0,1,0,0,2020-21,NA,Guelph,Western,,,NA,2020-09-01,7:00 PM EDT,NA,NA
NA,0,1,0,0,2020-21,NA,Toronto,Guelph,,,NA,2020-09-01,1:00 PM EDT,NA,NA
NA,0,1,0,0,2020-21,NA,Guelph,McMaster,,,NA,2020-10-01,1:00 PM EDT,NA,NA
NA,0,1,0,0,2020-21,NA,Guelph,Ottawa,,,NA,2020-10-01,7:00 PM EDT,NA,NA
NA,0,1,0,0,2020-21,NA,Carleton,Guelph,,,NA,2020-10-01,1:00 PM EDT,NA,NA
NA,0,1,0,0,2020-21,NA,Laurier,Toronto,,,NA,2020-08-01,7:00 PM EDT,NA,NA
NA,0,1,0,0,2020-21,NA,Windsor,Laurier,,,NA,2020-09-01,7:00 PM EDT,NA,NA
NA,0,1,0,0,2020-21,NA,Laurier,Guelph,,,NA,2020-09-01,1:00 PM EDT,NA,NA
NA,0,1,0,0,2020-21,NA,Laurier,Queen's,,,NA,2020-09-01,1:00 PM EDT,NA,NA
NA,0,1,0,0,2020-21,NA,Ottawa,Laurier,,,NA,2020-09-01,1:00 PM EDT,NA,NA
NA,0,1,0,0,2020-21,NA,York,Laurier,,,NA,2020-10-01,7:00 PM EDT,NA,NA
NA,0,1,0,0,2020-21,NA,Laurier,Western,,,NA,2020-10-01,2:00 PM EDT,NA,NA
NA,0,1,0,0,2020-21,NA,Waterloo,Laurier,,,NA,2020-10-01,1:00 PM EDT,NA,NA
NA,0,1,0,0,2020-21,NA,Queen's,McMaster,,,NA,2020-08-01,4:00 PM EDT,NA,NA
NA,0,1,0,0,2020-21,NA,McMaster,Western,,,NA,2020-09-01,7:00 PM EDT,NA,NA
NA,0,1,0,0,2020-21,NA,McMaster,Ottawa,,,NA,2020-09-01,1:00 PM EDT,NA,NA
NA,0,1,0,0,2020-21,NA,Carleton,McMaster,,,NA,2020-09-01,1:00 PM EDT,NA,NA
NA,0,1,0,0,2020-21,NA,McMaster,Waterloo,,,NA,2020-09-01,1:00 PM EDT,NA,NA
NA,0,1,0,0,2020-21,NA,Guelph,McMaster,,,NA,2020-10-01,1:00 PM EDT,NA,NA
NA,0,1,0,0,2020-21,NA,Toronto,McMaster,,,NA,2020-10-01,1:00 PM EDT,NA,NA
NA,0,1,0,0,2020-21,NA,McMaster,Windsor,,,NA,2020-10-01,1:00 PM EDT,NA,NA
NA,0,1,0,0,2020-21,NA,Mount Allison,StFX,,,NA,2020-09-01,7:00 PM ADT,NA,NA
NA,0,1,0,0,2020-21,NA,Saint Mary's,Mount Allison,,,NA,2020-09-01,2:00 PM ADT,NA,NA
NA,0,1,0,0,2020-21,NA,Acadia,Mount Allison,,,NA,2020-09-01,2:00 PM ADT,NA,NA
NA,0,1,0,0,2020-21,NA,Mount Allison,Bishop's,,,NA,2020-09-01,2:00 PM ADT,NA,NA
NA,0,1,0,0,2020-21,NA,StFX,Mount Allison,,,NA,2020-10-01,2:00 PM ADT,NA,NA
NA,0,1,0,0,2020-21,NA,Mount Allison,Saint Mary's,,,NA,2020-10-01,2:00 PM ADT,NA,NA
NA,0,1,0,0,2020-21,NA,Mount Allison,Acadia,,,NA,2020-10-01,2:00 PM ADT,NA,NA
NA,0,1,0,0,2020-21,NA,Bishop's,Mount Allison,,,NA,2020-10-01,3:00 PM ADT,NA,NA
NA,0,1,0,0,2020-21,NA,Ottawa,Windsor,,,NA,2020-08-01,1:00 PM EDT,NA,NA
NA,0,1,0,0,2020-21,NA,McMaster,Ottawa,,,NA,2020-09-01,1:00 PM EDT,NA,NA
NA,0,1,0,0,2020-21,NA,York,Ottawa,,,NA,2020-09-01,1:00 PM EDT,NA,NA
NA,0,1,0,0,2020-21,NA,Ottawa,Laurier,,,NA,2020-09-01,1:00 PM EDT,NA,NA
NA,0,1,0,0,2020-21,NA,Ottawa,Carleton,,,NA,2020-10-01,12:00 PM EDT,NA,NA
NA,0,1,0,0,2020-21,NA,Guelph,Ottawa,,,NA,2020-10-01,7:00 PM EDT,NA,NA
NA,0,1,0,0,2020-21,NA,Ottawa,Queen's,,,NA,2020-10-01,1:00 PM EDT,NA,NA
NA,0,1,0,0,2020-21,NA,Western,Ottawa,,,NA,2020-10-01,1:00 PM EDT,NA,NA
NA,0,1,0,0,2020-21,NA,Queen's,McMaster,,,NA,2020-08-01,4:00 PM EDT,NA,NA
NA,0,1,0,0,2020-21,NA,Toronto,Queen's,,,NA,2020-09-01,6:00 PM EDT,NA,NA
NA,0,1,0,0,2020-21,NA,Queen's,York,,,NA,2020-09-01,1:00 PM EDT,NA,NA
NA,0,1,0,0,2020-21,NA,Laurier,Queen's,,,NA,2020-09-01,1:00 PM EDT,NA,NA
NA,0,1,0,0,2020-21,NA,Western,Queen's,,,NA,2020-09-01,6:00 PM EDT,NA,NA
NA,0,1,0,0,2020-21,NA,Queen's,Windsor,,,NA,2020-10-01,1:00 PM EDT,NA,NA
NA,0,1,0,0,2020-21,NA,Ottawa,Queen's,,,NA,2020-10-01,1:00 PM EDT,NA,NA
NA,0,1,0,0,2020-21,NA,Queen's,Carleton,,,NA,2020-10-01,1:00 PM EDT,NA,NA
NA,0,1,0,0,2020-21,NA,Saint Mary's,Acadia,,,NA,2020-08-01,2:00 PM ADT,NA,NA
NA,0,1,0,0,2020-21,NA,Bishop's,Saint Mary's,,,NA,2020-09-01,7:00 PM ADT,NA,NA
NA,0,1,0,0,2020-21,NA,Saint Mary's,Mount Allison,,,NA,2020-09-01,2:00 PM ADT,NA,NA
NA,0,1,0,0,2020-21,NA,StFX,Saint Mary's,,,NA,2020-09-01,7:00 PM ADT,NA,NA
NA,0,1,0,0,2020-21,NA,Acadia,Saint Mary's,,,NA,2020-10-01,2:00 PM ADT,NA,NA
NA,0,1,0,0,2020-21,NA,Saint Mary's,Bishop's,,,NA,2020-10-01,7:00 PM ADT,NA,NA
NA,0,1,0,0,2020-21,NA,Mount Allison,Saint Mary's,,,NA,2020-10-01,2:00 PM ADT,NA,NA
NA,0,1,0,0,2020-21,NA,Saint Mary's,StFX,,,NA,2020-10-01,2:00 PM ADT,NA,NA
NA,0,1,0,0,2020-21,NA,StFX,Bishop's,,,NA,2020-08-01,2:00 PM ADT,NA,NA
NA,0,1,0,0,2020-21,NA,Mount Allison,StFX,,,NA,2020-09-01,7:00 PM ADT,NA,NA
NA,0,1,0,0,2020-21,NA,StFX,Saint Mary's,,,NA,2020-09-01,7:00 PM ADT,NA,NA
NA,0,1,0,0,2020-21,NA,StFX,Acadia,,,NA,2020-09-01,2:00 PM ADT,NA,NA
NA,0,1,0,0,2020-21,NA,Bishop's,StFX,,,NA,2020-10-01,3:00 PM ADT,NA,NA
NA,0,1,0,0,2020-21,NA,StFX,Mount Allison,,,NA,2020-10-01,2:00 PM ADT,NA,NA
NA,0,1,0,0,2020-21,NA,Saint Mary's,StFX,,,NA,2020-10-01,2:00 PM ADT,NA,NA
NA,0,1,0,0,2020-21,NA,Acadia,StFX,,,NA,2020-10-01,2:00 PM ADT,NA,NA
NA,0,1,0,0,2020-21,NA,Laurier,Toronto,,,NA,2020-08-01,7:00 PM EDT,NA,NA
NA,0,1,0,0,2020-21,NA,Toronto,Queen's,,,NA,2020-09-01,6:00 PM EDT,NA,NA
NA,0,1,0,0,2020-21,NA,Toronto,Windsor,,,NA,2020-09-01,1:00 PM EDT,NA,NA
NA,0,1,0,0,2020-21,NA,Waterloo,Toronto,,,NA,2020-09-01,1:00 PM EDT,NA,NA
NA,0,1,0,0,2020-21,NA,Toronto,Guelph,,,NA,2020-09-01,1:00 PM EDT,NA,NA
NA,0,1,0,0,2020-21,NA,Western,Toronto,,,NA,2020-10-01,1:00 PM EDT,NA,NA
NA,0,1,0,0,2020-21,NA,Toronto,McMaster,,,NA,2020-10-01,1:00 PM EDT,NA,NA
NA,0,1,0,0,2020-21,NA,York,Toronto,,,NA,2020-10-01,1:00 PM EDT,NA,NA
NA,0,1,0,0,2020-21,NA,Western,Waterloo,,,NA,2020-08-01,7:00 PM EDT,NA,NA
NA,0,1,0,0,2020-21,NA,Waterloo,Guelph,,,NA,2020-09-01,6:00 PM EDT,NA,NA
NA,0,1,0,0,2020-21,NA,Carleton,Waterloo,,,NA,2020-09-01,1:00 PM EDT,NA,NA
NA,0,1,0,0,2020-21,NA,Waterloo,Toronto,,,NA,2020-09-01,1:00 PM EDT,NA,NA
NA,0,1,0,0,2020-21,NA,McMaster,Waterloo,,,NA,2020-09-01,1:00 PM EDT,NA,NA
NA,0,1,0,0,2020-21,NA,Waterloo,York,,,NA,2020-10-01,5:00 PM EDT,NA,NA
NA,0,1,0,0,2020-21,NA,Windsor,Waterloo,,,NA,2020-10-01,7:00 PM EDT,NA,NA
NA,0,1,0,0,2020-21,NA,Waterloo,Laurier,,,NA,2020-10-01,1:00 PM EDT,NA,NA
NA,0,1,0,0,2020-21,NA,Western,Waterloo,,,NA,2020-08-01,7:00 PM EDT,NA,NA
NA,0,1,0,0,2020-21,NA,McMaster,Western,,,NA,2020-09-01,7:00 PM EDT,NA,NA
NA,0,1,0,0,2020-21,NA,Guelph,Western,,,NA,2020-09-01,7:00 PM EDT,NA,NA
NA,0,1,0,0,2020-21,NA,Western,Queen's,,,NA,2020-09-01,6:00 PM EDT,NA,NA
NA,0,1,0,0,2020-21,NA,Western,Toronto,,,NA,2020-10-01,1:00 PM EDT,NA,NA
NA,0,1,0,0,2020-21,NA,Carleton,Western,,,NA,2020-10-01,1:00 PM EDT,NA,NA
NA,0,1,0,0,2020-21,NA,Laurier,Western,,,NA,2020-10-01,2:00 PM EDT,NA,NA
NA,0,1,0,0,2020-21,NA,Western,Ottawa,,,NA,2020-10-01,1:00 PM EDT,NA,NA
NA,0,1,0,0,2020-21,NA,Ottawa,Windsor,,,NA,2020-08-01,1:00 PM EDT,NA,NA
NA,0,1,0,0,2020-21,NA,Windsor,Laurier,,,NA,2020-09-01,7:00 PM EDT,NA,NA
NA,0,1,0,0,2020-21,NA,Toronto,Windsor,,,NA,2020-09-01,1:00 PM EDT,NA,NA
NA,0,1,0,0,2020-21,NA,Windsor,Carleton,,,NA,2020-09-01,1:00 PM EDT,NA,NA
NA,0,1,0,0,2020-21,NA,Queen's,Windsor,,,NA,2020-10-01,1:00 PM EDT,NA,NA
NA,0,1,0,0,2020-21,NA,Windsor,Waterloo,,,NA,2020-10-01,7:00 PM EDT,NA,NA
NA,0,1,0,0,2020-21,NA,Windsor,York,,,NA,2020-10-01,7:00 PM EDT,NA,NA
NA,0,1,0,0,2020-21,NA,McMaster,Windsor,,,NA,2020-10-01,1:00 PM EDT,NA,NA
NA,0,1,0,0,2020-21,NA,Guelph,York,,,NA,2020-08-01,1:00 PM EDT,NA,NA
NA,0,1,0,0,2020-21,NA,York,Carleton,,,NA,2020-09-01,6:00 PM EDT,NA,NA
NA,0,1,0,0,2020-21,NA,Queen's,York,,,NA,2020-09-01,1:00 PM EDT,NA,NA
NA,0,1,0,0,2020-21,NA,York,Ottawa,,,NA,2020-09-01,1:00 PM EDT,NA,NA
NA,0,1,0,0,2020-21,NA,Waterloo,York,,,NA,2020-10-01,5:00 PM EDT,NA,NA
NA,0,1,0,0,2020-21,NA,York,Laurier,,,NA,2020-10-01,7:00 PM EDT,NA,NA
NA,0,1,0,0,2020-21,NA,Windsor,York,,,NA,2020-10-01,7:00 PM EDT,NA,NA
NA,0,1,0,0,2020-21,NA,York,Toronto,,,NA,2020-10-01,1:00 PM EDT,NA,NA
https://en.usports.ca/sports/fball/2019-20p/boxscores/20191109_s0sm.xml,0,1,1,0,2019-20p,2019-11-09,Bishop's,Acadia,31,1, AUS Final - The Loney Bowl  ,2019-11-01,Final,20191109_s0sm,NA
https://en.usports.ca/sports/fball/2019-20p/boxscores/20191102_65am.xml,1,0,1,0,2019-20p,2019-11-02,Alberta,Saskatchewan,28,23,3 CW Semi Final #2 ,2019-11-01,Final,20191102_65am,NA
https://en.usports.ca/sports/fball/2019-20p/boxscores/20191102_k2tw.xml,0,1,1,0,2019-20p,2019-11-02,Mount Allison,Bishop's,28,18,8 AUS Semifinal   ,2019-11-01,Final,20191102_k2tw,NA
https://en.usports.ca/sports/fball/2019-20p/boxscores/20191109_s0sm.xml,0,1,1,0,2019-20p,2019-11-09,Bishop's,Acadia,31,1, AUS Final - The Loney Bowl  ,2019-11-01,Final,20191109_s0sm,NA
https://en.usports.ca/sports/fball/2019-20p/boxscores/20191102_k6rs.xml,1,0,1,0,2019-20p,2019-11-02,Manitoba,Calgary,47,46,6 CW Semi Final #1 ,2019-11-01,Final,20191102_k6rs,NA
https://en.usports.ca/sports/fball/2019-20p/boxscores/20191109_tozf.xml,0,0,1,0,2019-20p,2019-11-09,Saskatchewan,Calgary,29,4, ,2019-11-01,Final,20191109_tozf,NA
https://en.usports.ca/sports/fball/2019-20p/boxscores/20191026_1yum.xml,0,1,1,0,2019-20p,2019-10-26,Carleton,Guelph,22,17,7 Quarterfinal - Alumni Stadium ,2019-10-01,Final,20191026_1yum,NA
https://en.usports.ca/sports/fball/2019-20p/boxscores/20191102_2cpy.xml,0,0,1,0,2019-20p,2019-11-02,Concordia,Laval,40,8, Demi-finale ,2019-11-01,Final,20191102_2cpy,NA
https://en.usports.ca/sports/fball/2019-20p/boxscores/20191026_1yum.xml,0,1,1,0,2019-20p,2019-10-26,Carleton,Guelph,22,17,7 Quarterfinal - Alumni Stadium ,2019-10-01,Final,20191026_1yum,NA
https://en.usports.ca/sports/fball/2019-20p/boxscores/20191102_ymwp.xml,0,1,1,0,2019-20p,2019-11-02,Guelph,McMaster,19,9, Semifinal - Ron Joyce Stadium ,2019-11-01,Final,20191102_ymwp,NA
https://en.usports.ca/sports/fball/2019-20p/boxscores/20191102_2cpy.xml,0,0,1,0,2019-20p,2019-11-02,Concordia,Laval,40,8, Demi-finale ,2019-11-01,Final,20191102_2cpy,NA
https://en.usports.ca/sports/fball/2019-20/boxscores/20191109_f9fu.xml,0,0,1,0,2019-20p,NA,Montreal,Laval,10,25,0 Dunsmore Cup - TVA Sports,2019-11-01,Final,NA,NA
https://en.usports.ca/sports/fball/2019-20p/boxscores/20191102_k6rs.xml,1,0,1,0,2019-20p,2019-11-02,Manitoba,Calgary,47,46,6 CW Semi Final #1 ,2019-11-01,Final,20191102_k6rs,NA
https://en.usports.ca/sports/fball/2019-20p/boxscores/20191102_40pi.xml,0,1,1,0,2019-20p,2019-11-02,McGill,Montreal,39,6, Demi-finale ,2019-11-01,Final,20191102_40pi,NA
https://en.usports.ca/sports/fball/2019-20p/boxscores/20191102_ymwp.xml,0,1,1,0,2019-20p,2019-11-02,Guelph,McMaster,19,9, Semifinal - Ron Joyce Stadium ,2019-11-01,Final,20191102_ymwp,NA
https://en.usports.ca/sports/fball/2019-20p/boxscores/20191109_7n49.xml,0,0,1,0,2019-20p,2019-11-09,McMaster,Western,15,29,5 112th Yates Cup - TD Stadium ,2019-11-01,Final,20191109_7n49,NA
https://en.usports.ca/sports/fball/2019-20p/boxscores/20191102_40pi.xml,0,1,1,0,2019-20p,2019-11-02,McGill,Montreal,39,6, Demi-finale ,2019-11-01,Final,20191102_40pi,NA
https://en.usports.ca/sports/fball/2019-20/boxscores/20191109_f9fu.xml,0,0,1,0,2019-20p,NA,Montreal,Laval,10,25,0 Dunsmore Cup - TVA Sports,2019-11-01,Final,NA,NA
https://en.usports.ca/sports/fball/2019-20p/boxscores/20191102_k2tw.xml,0,1,1,0,2019-20p,2019-11-02,Mount Allison,Bishop's,28,18,8 AUS Semifinal   ,2019-11-01,Final,20191102_k2tw,NA
https://en.usports.ca/sports/fball/2019-20p/boxscores/20191026_u0mq.xml,0,1,1,0,2019-20p,2019-10-26,Waterloo,Ottawa,21,44,1 Quarterfinal - Gee-Gees Field  ,2019-10-01,Final,20191026_u0mq,NA
https://en.usports.ca/sports/fball/2019-20p/boxscores/20191102_65am.xml,1,0,1,0,2019-20p,2019-11-02,Alberta,Saskatchewan,28,23,3 CW Semi Final #2 ,2019-11-01,Final,20191102_65am,NA
https://en.usports.ca/sports/fball/2019-20p/boxscores/20191109_tozf.xml,0,0,1,0,2019-20p,2019-11-09,Saskatchewan,Calgary,29,4, ,2019-11-01,Final,20191109_tozf,NA
https://en.usports.ca/sports/fball/2019-20p/boxscores/20191026_u0mq.xml,0,1,1,0,2019-20p,2019-10-26,Waterloo,Ottawa,21,44,1 Quarterfinal - Gee-Gees Field  ,2019-10-01,Final,20191026_u0mq,NA
https://en.usports.ca/sports/fball/2019-20p/boxscores/20191102_9d6z.xml,0,1,1,0,2019-20p,2019-11-02,Waterloo,Western,30,24,4 Semifinal - TD Stadium ,2019-11-01,Final,20191102_9d6z,NA
https://en.usports.ca/sports/fball/2019-20p/boxscores/20191102_9d6z.xml,0,1,1,0,2019-20p,2019-11-02,Waterloo,Western,30,24,4 Semifinal - TD Stadium ,2019-11-01,Final,20191102_9d6z,NA
https://en.usports.ca/sports/fball/2019-20p/boxscores/20191109_7n49.xml,0,0,1,0,2019-20p,2019-11-09,McMaster,Western,15,29,5 112th Yates Cup - TD Stadium ,2019-11-01,Final,20191109_7n49,NA
https://en.usports.ca/sports/fball/2019-20c/boxscores/20191116_g2cp.xml,0,0,1,0,2019-20c,2019-11-16,Montreal,Acadia,0,38, UTECK BOWL Video  More   ,2019-11-01,Final,20191116_g2cp,/sports/fball/2019-20c/releases/20240321x7dxna
https://en.usports.ca/sports/fball/2019-20c/boxscores/20191116_a186.xml,0,0,1,0,2019-20c,2019-11-16,McMaster,Calgary,30,17,7 MITCHELL BOWL Video  More  ,2019-11-01,Final,20191116_a186,/sports/fball/2019-20c/releases/20240321y5lqkn
https://en.usports.ca/sports/fball/2019-20/boxscores/20191123_ueer.xml,0,0,1,0,2019-20c,NA,Montreal,Calgary,27,13,3 55th Vanier Cup présentée par Promutuel Assurance  ,2019-11-01,Final,NA,/sports/fball/2019-20c/releases/20240321yn3i3u
https://en.usports.ca/sports/fball/2019-20c/boxscores/20191116_a186.xml,0,0,1,0,2019-20c,2019-11-16,McMaster,Calgary,30,17,7 MITCHELL BOWL Video  More  ,2019-11-01,Final,20191116_a186,/sports/fball/2019-20c/releases/20240321y5lqkn
https://en.usports.ca/sports/fball/2019-20c/boxscores/20191116_g2cp.xml,0,0,1,0,2019-20c,2019-11-16,Montreal,Acadia,0,38, UTECK BOWL Video  More   ,2019-11-01,Final,20191116_g2cp,/sports/fball/2019-20c/releases/20240321x7dxna
https://en.usports.ca/sports/fball/2019-20/boxscores/20191123_ueer.xml,0,0,1,0,2019-20c,NA,Calgary,Montreal,13,27,3 55th Vanier Cup présentée par Promutuel Assurance  ,2019-11-01,Final,NA,/sports/fball/2019-20c/releases/20240321yn3i3u
NA,1,0,0,0,2019-20,NA,Acadia,Mount Allison,29,13,3 (Pre-season) Video  ,2019-08-01,Final,NA,NA
https://en.usports.ca/sports/fball/2019-20/boxscores/20190824_nh1w.xml,0,1,0,0,2019-20,2019-08-24,Bishop's,Acadia,53,13,3 Video  More  ,2019-08-01,Final,20190824_nh1w,NA
https://en.usports.ca/sports/fball/2019-20/boxscores/20190906_6d9y.xml,0,1,0,0,2019-20,2019-09-06,Acadia,StFX,19,54,9 Video  More   ,2019-09-01,Final,20190906_6d9y,NA
https://en.usports.ca/sports/fball/2019-20/boxscores/20190913_lj1v.xml,0,1,0,0,2019-20,2019-09-13,Acadia,Saint Mary's,32,51,2 Video  More   ,2019-09-01,Final,20190913_lj1v,NA
https://en.usports.ca/sports/fball/2019-20/boxscores/20190921_iito.xml,0,1,0,0,2019-20,2019-09-21,Mount Allison,Acadia,22,15,5 Video  More   ,2019-09-01,Final,20190921_iito,NA
https://en.usports.ca/sports/fball/2019-20/boxscores/20190928_xgk9.xml,0,1,0,0,2019-20,2019-09-28,Acadia,Bishop's,12,24,2 Video  More  ,2019-09-01,Final,20190928_xgk9,NA
https://en.usports.ca/sports/fball/2019-20/boxscores/20191011_lrdk.xml,0,1,0,0,2019-20,2019-10-11,StFX,Acadia,44,25,5 Video  More   ,2019-10-01,Final,20191011_lrdk,NA
https://en.usports.ca/sports/fball/2019-20/boxscores/20191019_8aod.xml,0,1,0,0,2019-20,2019-10-19,Saint Mary's,Acadia,28,18,8 Video  More   ,2019-10-01,Final,20191019_8aod,NA
https://en.usports.ca/sports/fball/2019-20/boxscores/20191026_k5f5.xml,0,1,0,0,2019-20,2019-10-26,Acadia,Mount Allison,31,33,1 Video  More   ,2019-10-01,Final,20191026_k5f5,NA
https://en.usports.ca/sports/fball/2019-20/boxscores/20190830_nezh.xml,0,1,0,0,2019-20,2019-08-30,Calgary,Alberta,31,41,1 ,2019-08-01,Final,20190830_nezh,NA
https://en.usports.ca/sports/fball/2019-20/boxscores/20190906_7vjw.xml,0,1,0,0,2019-20,2019-09-06,Alberta,Regina,17,18,7 ,2019-09-01,Final,20190906_7vjw,NA
https://en.usports.ca/sports/fball/2019-20/boxscores/20190913_413h.xml,0,1,0,0,2019-20,2019-09-13,Manitoba,Alberta,29,26,6 ,2019-09-01,Final,20190913_413h,NA
https://en.usports.ca/sports/fball/2019-20/boxscores/20190921_ui9g.xml,0,1,0,0,2019-20,2019-09-21,Saskatchewan,Alberta,19,17,7 ,2019-09-01,Final,20190921_ui9g,NA
https://en.usports.ca/sports/fball/2019-20/boxscores/20190928_bnxi.xml,0,1,0,0,2019-20,2019-09-28,Alberta,UBC,20,40,0 ,2019-09-01,Final,20190928_bnxi,NA
https://en.usports.ca/sports/fball/2019-20/boxscores/20191005_m1s5.xml,0,1,0,0,2019-20,2019-10-05,Alberta,Calgary,34,16,6 ,2019-10-01,Final,20191005_m1s5,NA
https://en.usports.ca/sports/fball/2019-20/boxscores/20191019_ffpi.xml,0,1,0,0,2019-20,2019-10-19,Regina,Alberta,17,31,7 ,2019-10-01,Final,20191019_ffpi,NA
https://en.usports.ca/sports/fball/2019-20/boxscores/20191026_hzrn.xml,0,1,0,0,2019-20,2019-10-26,Alberta,Saskatchewan,22,9, ,2019-10-01,Final,20191026_hzrn,NA
https://en.usports.ca/sports/fball/2019-20/boxscores/20191102_rw6q.xml,1,0,0,0,2019-20,2019-11-02,Alberta,Saskatchewan,28,23,3 ,2019-11-01,Final,20191102_rw6q,NA
https://en.usports.ca/sports/fball/2019-20/boxscores/20190824_nh1w.xml,0,1,0,0,2019-20,2019-08-24,Bishop's,Acadia,53,13,3 Video  More  ,2019-08-01,Final,20190824_nh1w,NA
https://en.usports.ca/sports/fball/2019-20/boxscores/20190831_fxnn.xml,0,1,0,0,2019-20,2019-08-31,StFX,Bishop's,32,19,9 Video  More  ,2019-08-01,Final,20190831_fxnn,NA
https://en.usports.ca/sports/fball/2019-20/boxscores/20190906_9m34.xml,0,1,0,0,2019-20,2019-09-06,Bishop's,Saint Mary's,30,13,3 Video  More  ,2019-09-01,Final,20190906_9m34,NA
https://en.usports.ca/sports/fball/2019-20/boxscores/20190914_lerp.xml,0,1,0,0,2019-20,2019-09-14,Mount Allison,Bishop's,27,23,3 Video  More  ,2019-09-01,Final,20190914_lerp,NA
https://en.usports.ca/sports/fball/2019-20/boxscores/20190928_xgk9.xml,0,1,0,0,2019-20,2019-09-28,Acadia,Bishop's,12,24,2 Video  More  ,2019-09-01,Final,20190928_xgk9,NA
https://en.usports.ca/sports/fball/2019-20/boxscores/20191004_y527.xml,0,1,0,0,2019-20,2019-10-04,Bishop's,StFX,11,17,1 Video  More  ,2019-10-01,Final,20191004_y527,NA
https://en.usports.ca/sports/fball/2019-20/boxscores/20191011_8qkg.xml,0,1,0,0,2019-20,2019-10-11,Saint Mary's,Bishop's,23,15,5 Video  More  ,2019-10-01,Final,20191011_8qkg,NA
https://en.usports.ca/sports/fball/2019-20/boxscores/20191019_o77d.xml,0,1,0,0,2019-20,2019-10-19,Bishop's,Mount Allison,35,13,3 Video  More  ,2019-10-01,Final,20191019_o77d,NA
https://en.usports.ca/sports/fball/2019-20/boxscores/20190830_nezh.xml,0,1,0,0,2019-20,2019-08-30,Calgary,Alberta,31,41,1 ,2019-08-01,Final,20190830_nezh,NA
https://en.usports.ca/sports/fball/2019-20/boxscores/20190906_5tqp.xml,0,1,0,0,2019-20,2019-09-06,Manitoba,Calgary,24,10,0 ,2019-09-01,Final,20190906_5tqp,NA
https://en.usports.ca/sports/fball/2019-20/boxscores/20190914_hmhb.xml,0,1,0,0,2019-20,2019-09-14,Calgary,UBC,13,47,3 ,2019-09-01,Final,20190914_hmhb,NA
https://en.usports.ca/sports/fball/2019-20/boxscores/20190920_jy88.xml,0,1,0,0,2019-20,2019-09-20,Regina,Calgary,20,7, ,2019-09-01,Final,20190920_jy88,NA
https://en.usports.ca/sports/fball/2019-20/boxscores/20190927_zxgw.xml,0,1,0,0,2019-20,2019-09-27,Calgary,Saskatchewan,29,15,5 ,2019-09-01,Final,20190927_zxgw,NA
https://en.usports.ca/sports/fball/2019-20/boxscores/20191005_m1s5.xml,0,1,0,0,2019-20,2019-10-05,Alberta,Calgary,34,16,6 ,2019-10-01,Final,20191005_m1s5,NA
https://en.usports.ca/sports/fball/2019-20/boxscores/20191019_h00i.xml,0,1,0,0,2019-20,2019-10-19,Calgary,Manitoba,43,29,9 ,2019-10-01,Final,20191019_h00i,NA
https://en.usports.ca/sports/fball/2019-20/boxscores/20191026_keal.xml,0,1,0,0,2019-20,2019-10-26,UBC,Calgary,36,17,7 ,2019-10-01,Final,20191026_keal,NA
https://en.usports.ca/sports/fball/2019-20/boxscores/20191102_am3q.xml,1,0,0,0,2019-20,2019-11-02,Manitoba,Calgary,47,46,6 ,2019-11-01,Final,20191102_am3q,NA
https://en.usports.ca/sports/fball/2019-20/boxscores/20191109_70l7.xml,1,0,0,0,2019-20,2019-11-09,Saskatchewan,Calgary,29,4, CW Final ,2019-11-01,Final,20191109_70l7,NA
https://en.usports.ca/sports/fball/2019-20/boxscores/20191116_g7pe.xml,1,0,0,0,2019-20,2019-11-16,McMaster,Calgary,30,17,7 MITCHELL BOWL Video ,2019-11-01,Final,20191116_g7pe,NA
https://en.usports.ca/sports/fball/2019-20/boxscores/20191123_ueer.xml,1,0,0,0,2019-20,2019-11-23,Montreal,Calgary,13,27,3 55th Vanier Cup présentée par Promutuel Assurance ,2019-11-01,Final,20191123_ueer,NA
https://en.usports.ca/sports/fball/2019-20/boxscores/20190825_4h0m.xml,0,1,0,0,2019-20,2019-08-25,Carleton,Queen's,12,18,2 Richardson Memorial Stadium Video ,2019-08-01,Final,20190825_4h0m,NA
https://en.usports.ca/sports/fball/2019-20/boxscores/20190901_joex.xml,0,1,0,0,2019-20,2019-09-01,Guelph,Carleton,20,37,0 MNP Park Video ,2019-09-01,Final,20190901_joex,NA
https://en.usports.ca/sports/fball/2019-20/boxscores/20190914_880p.xml,0,1,0,0,2019-20,2019-09-14,Carleton,Western,40,23,3 TD Stadium Video ,2019-09-01,Final,20190914_880p,NA
https://en.usports.ca/sports/fball/2019-20/boxscores/20190921_jr1z.xml,0,1,0,0,2019-20,2019-09-21,Waterloo,Carleton,24,34,4 MNP Park Video ,2019-09-01,Final,20190921_jr1z,NA
https://en.usports.ca/sports/fball/2019-20/boxscores/20190928_xj48.xml,0,1,0,0,2019-20,2019-09-28,Toronto,Carleton,29,19,9 MNP Park Video ,2019-09-01,Final,20190928_xj48,NA
https://en.usports.ca/sports/fball/2019-20/boxscores/20191005_yxlb.xml,0,1,0,0,2019-20,2019-10-05,Ottawa,Carleton,10,32,0 TD Place - Panda Game Video  ,2019-10-01,Final,20191005_yxlb,NA
https://en.usports.ca/sports/fball/2019-20/boxscores/20191011_rjyq.xml,0,1,0,0,2019-20,2019-10-11,McMaster,Carleton,35,30,0 MNP Park Video ,2019-10-01,Final,20191011_rjyq,NA
https://en.usports.ca/sports/fball/2019-20/boxscores/20191018_4oty.xml,0,1,0,0,2019-20,2019-10-18,Carleton,Laurier,10,22,0 University Stadium Video ,2019-10-01,Final,20191018_4oty,NA
https://en.usports.ca/sports/fball/2019-20/boxscores/20190823_doax.xml,0,1,0,0,2019-20,2019-08-23,Montreal,Concordia,3,10, Concordia Stadium ,2019-08-01,Final,20190823_doax,NA
https://en.usports.ca/sports/fball/2019-20/boxscores/20190830_m9oo.xml,0,1,0,0,2019-20,2019-08-30,Concordia,McGill,40,14,4 51st Shaughnessy Cup; at Percival Molson Stadium) ,2019-08-01,Final,20190830_m9oo,NA
https://en.usports.ca/sports/fball/2019-20/boxscores/20190907_i2zh.xml,0,1,0,0,2019-20,2019-09-07,Laval,Concordia,6,41, TVA Sports ,2019-09-01,Final,20190907_i2zh,NA
https://en.usports.ca/sports/fball/2019-20/boxscores/20190921_z07h.xml,0,1,0,0,2019-20,2019-09-21,Sherbrooke,Concordia,37,35,5 Concordia Stadium ,2019-09-01,Final,20190921_z07h,NA
https://en.usports.ca/sports/fball/2019-20/boxscores/20190927_5z52.xml,0,1,0,0,2019-20,2019-09-27,Concordia,Montreal,20,17,7 CEPSUM ,2019-09-01,Final,20190927_5z52,NA
https://en.usports.ca/sports/fball/2019-20/boxscores/20191006_gjd7.xml,0,1,0,0,2019-20,2019-10-06,Concordia,Laval,74,0, Stade TELUS-UL ,2019-10-01,Final,20191006_gjd7,NA
https://en.usports.ca/sports/fball/2019-20/boxscores/20191019_g2la.xml,0,1,0,0,2019-20,2019-10-19,Concordia,Sherbrooke,19,27,9 Stade de l'Universite ,2019-10-01,Final,20191019_g2la,NA
https://en.usports.ca/sports/fball/2019-20/boxscores/20191026_a496.xml,0,1,0,0,2019-20,2019-10-26,McGill,Concordia,17,23,7 Concordia Stadium ,2019-10-01,Final,20191026_a496,NA
https://en.usports.ca/sports/fball/2019-20/boxscores/20190825_q6po.xml,0,1,0,0,2019-20,2019-08-25,McMaster,Guelph,10,25,0 Alumni Stadium Video ,2019-08-01,Final,20190825_q6po,NA
https://en.usports.ca/sports/fball/2019-20/boxscores/20190901_joex.xml,0,1,0,0,2019-20,2019-09-01,Guelph,Carleton,20,37,0 MNP Park Video ,2019-09-01,Final,20190901_joex,NA
https://en.usports.ca/sports/fball/2019-20/boxscores/20190907_p9b1.xml,0,1,0,0,2019-20,2019-09-07,York,Guelph,53,19,9 Alumni Stadium Video ,2019-09-01,Final,20190907_p9b1,NA
https://en.usports.ca/sports/fball/2019-20/boxscores/20190914_vk9y.xml,0,1,0,0,2019-20,2019-09-14,Guelph,Waterloo,13,39,3 Warrior Field Video ,2019-09-01,Final,20190914_vk9y,NA
https://en.usports.ca/sports/fball/2019-20/boxscores/20190921_mv0l.xml,0,1,0,0,2019-20,2019-09-21,Western,Guelph,3,9, Alumni Stadium Video ,2019-09-01,Final,20190921_mv0l,NA
https://en.usports.ca/sports/fball/2019-20/boxscores/20190928_u9e0.xml,0,1,0,0,2019-20,2019-09-28,Ottawa,Guelph,33,6, Alumni Stadium Video Video More  ,2019-09-01,Final,20190928_u9e0,NA
https://en.usports.ca/sports/fball/2019-20/boxscores/20191010_7p5z.xml,0,1,0,0,2019-20,2019-10-10,Guelph,Queen's,24,27,4 Richardson Memorial Stadium Video ,2019-10-01,Final,20191010_7p5z,NA
https://en.usports.ca/sports/fball/2019-20/boxscores/20191019_s9ev.xml,0,1,0,0,2019-20,2019-10-19,Guelph,Toronto,26,40,6 Varsity Stadium Video ,2019-10-01,Final,20191019_s9ev,NA
https://en.usports.ca/sports/fball/2019-20/boxscores/20190825_x7kz.xml,0,1,0,0,2019-20,2019-08-25,Western,Laurier,19,32,9 University Stadium ,2019-08-01,Final,20190825_x7kz,NA
https://en.usports.ca/sports/fball/2019-20/boxscores/20190902_7m6l.xml,0,1,0,0,2019-20,2019-09-02,Laurier,York,10,18,0 Alumni Field Video ,2019-09-01,Final,20190902_7m6l,NA
https://en.usports.ca/sports/fball/2019-20/boxscores/20190907_kny7.xml,0,1,0,0,2019-20,2019-09-07,Toronto,Laurier,34,38,4 University Stadium Video ,2019-09-01,Final,20190907_kny7,NA
https://en.usports.ca/sports/fball/2019-20/boxscores/20190914_yfma.xml,0,1,0,0,2019-20,2019-09-14,Laurier,Ottawa,25,22,2 Gee-Gees Field Video  ,2019-09-01,Final,20190914_yfma,NA
https://en.usports.ca/sports/fball/2019-20/boxscores/20190928_l4dd.xml,0,1,0,0,2019-20,2019-09-28,Queen's,Laurier,52,16,6 University Stadium Video ,2019-09-01,Final,20190928_l4dd,NA
https://en.usports.ca/sports/fball/2019-20/boxscores/20191005_clb3.xml,0,1,0,0,2019-20,2019-10-05,Laurier,Windsor,10,52,0 Alumni Field Video ,2019-10-01,Final,20191005_clb3,NA
https://en.usports.ca/sports/fball/2019-20/boxscores/20191010_v36b.xml,0,1,0,0,2019-20,2019-10-10,Laurier,Waterloo,50,53,0 Warrior Field Video ,2019-10-01,Final - 3OT,20191010_v36b,NA
https://en.usports.ca/sports/fball/2019-20/boxscores/20191018_4oty.xml,0,1,0,0,2019-20,2019-10-18,Carleton,Laurier,10,22,0 University Stadium Video ,2019-10-01,Final,20191018_4oty,NA
https://en.usports.ca/sports/fball/2019-20/boxscores/20190825_6qbq.xml,0,1,0,0,2019-20,2019-08-25,Sherbrooke,Laval,41,10,0 TVA Sports ,2019-08-01,Final,20190825_6qbq,NA
https://en.usports.ca/sports/fball/2019-20/boxscores/20190907_i2zh.xml,0,1,0,0,2019-20,2019-09-07,Laval,Concordia,6,41, TVA Sports ,2019-09-01,Final,20190907_i2zh,NA
https://en.usports.ca/sports/fball/2019-20/boxscores/20190914_v4h7.xml,0,1,0,0,2019-20,2019-09-14,Laval,Montreal,23,18,8 TVA Sports ,2019-09-01,Final,20190914_v4h7,NA
https://en.usports.ca/sports/fball/2019-20/boxscores/20190922_jtor.xml,0,1,0,0,2019-20,2019-09-22,McGill,Laval,37,17,7 Stade TELUS-UL ,2019-09-01,Final,20190922_jtor,NA
https://en.usports.ca/sports/fball/2019-20/boxscores/20191006_gjd7.xml,0,1,0,0,2019-20,2019-10-06,Concordia,Laval,74,0, Stade TELUS-UL ,2019-10-01,Final,20191006_gjd7,NA
https://en.usports.ca/sports/fball/2019-20/boxscores/20191012_xs5h.xml,0,1,0,0,2019-20,2019-10-12,Laval,McGill,3,39, Percival Molson Stadium ,2019-10-01,Final,20191012_xs5h,NA
https://en.usports.ca/sports/fball/2019-20/boxscores/20191020_ifbq.xml,0,1,0,0,2019-20,2019-10-20,Montreal,Laval,16,3, TVA Sports ,2019-10-01,Final,20191020_ifbq,NA
https://en.usports.ca/sports/fball/2019-20/boxscores/20191026_565b.xml,0,1,0,0,2019-20,2019-10-26,Laval,Sherbrooke,10,35,0 Stade de l'Universite ,2019-10-01,Final,20191026_565b,NA
https://en.usports.ca/sports/fball/2019-20/boxscores/20191109_f9fu.xml,1,0,0,0,2019-20,2019-11-09,Montreal,Laval,10,25,0 RSEQ Final ,2019-11-01,Final,20191109_f9fu,NA
https://en.usports.ca/sports/fball/2019-20/boxscores/20190821_lbks.xml,1,0,0,0,2019-20,2019-08-21,Manitoba,Regina,9,12, ,2019-08-01,Final,20190821_lbks,NA
https://en.usports.ca/sports/fball/2019-20/boxscores/20190830_39fa.xml,0,1,0,0,2019-20,2019-08-30,Saskatchewan,Manitoba,43,19,9 ,2019-08-01,Final,20190830_39fa,NA
https://en.usports.ca/sports/fball/2019-20/boxscores/20190906_5tqp.xml,0,1,0,0,2019-20,2019-09-06,Manitoba,Calgary,24,10,0 ,2019-09-01,Final,20190906_5tqp,NA
https://en.usports.ca/sports/fball/2019-20/boxscores/20190913_413h.xml,0,1,0,0,2019-20,2019-09-13,Manitoba,Alberta,29,26,6 ,2019-09-01,Final,20190913_413h,NA
https://en.usports.ca/sports/fball/2019-20/boxscores/20190921_ic8r.xml,0,1,0,0,2019-20,2019-09-21,UBC,Manitoba,37,19,9 ,2019-09-01,Final,20190921_ic8r,NA
https://en.usports.ca/sports/fball/2019-20/boxscores/20190928_ssub.xml,0,1,0,0,2019-20,2019-09-28,Regina,Manitoba,27,26,6 ,2019-09-01,Final,20190928_ssub,NA
https://en.usports.ca/sports/fball/2019-20/boxscores/20191004_994b.xml,0,1,0,0,2019-20,2019-10-04,Manitoba,Saskatchewan,49,21,1 ,2019-10-01,Final,20191004_994b,NA
https://en.usports.ca/sports/fball/2019-20/boxscores/20191019_h00i.xml,0,1,0,0,2019-20,2019-10-19,Calgary,Manitoba,43,29,9 ,2019-10-01,Final,20191019_h00i,NA
https://en.usports.ca/sports/fball/2019-20/boxscores/20191025_wwqh.xml,0,1,0,0,2019-20,2019-10-25,Manitoba,Regina,47,14,4 ,2019-10-01,Final,20191025_wwqh,NA
https://en.usports.ca/sports/fball/2019-20/boxscores/20191102_am3q.xml,1,0,0,0,2019-20,2019-11-02,Manitoba,Calgary,47,46,6 ,2019-11-01,Final,20191102_am3q,NA
https://en.usports.ca/sports/fball/2019-20/boxscores/20190830_m9oo.xml,0,1,0,0,2019-20,2019-08-30,Concordia,McGill,40,14,4 51st Shaughnessy Cup; at Percival Molson Stadium) ,2019-08-01,Final,20190830_m9oo,NA
https://en.usports.ca/sports/fball/2019-20/boxscores/20190907_edk6.xml,0,1,0,0,2019-20,2019-09-07,Montreal,McGill,4,34, Percival Molson Stadium ,2019-09-01,Final,20190907_edk6,NA
https://en.usports.ca/sports/fball/2019-20/boxscores/20190913_1tyu.xml,0,1,0,0,2019-20,2019-09-13,McGill,Sherbrooke,16,14,4 Stade de l'Universite ,2019-09-01,Final,20190913_1tyu,NA
https://en.usports.ca/sports/fball/2019-20/boxscores/20190922_jtor.xml,0,1,0,0,2019-20,2019-09-22,McGill,Laval,37,17,7 Stade TELUS-UL ,2019-09-01,Final,20190922_jtor,NA
https://en.usports.ca/sports/fball/2019-20/boxscores/20190928_y2yq.xml,0,1,0,0,2019-20,2019-09-28,Sherbrooke,McGill,20,13,3 Percival Molson Stadium ,2019-09-01,Final,20190928_y2yq,NA
https://en.usports.ca/sports/fball/2019-20/boxscores/20191004_5q2e.xml,0,1,0,0,2019-20,2019-10-04,McGill,Montreal,21,3, Televised on TVA Sports; at Stade CEPSUM ,2019-10-01,Final,20191004_5q2e,NA
https://en.usports.ca/sports/fball/2019-20/boxscores/20191012_xs5h.xml,0,1,0,0,2019-20,2019-10-12,Laval,McGill,3,39, Percival Molson Stadium ,2019-10-01,Final,20191012_xs5h,NA
https://en.usports.ca/sports/fball/2019-20/boxscores/20191026_a496.xml,0,1,0,0,2019-20,2019-10-26,McGill,Concordia,17,23,7 Concordia Stadium ,2019-10-01,Final,20191026_a496,NA
NA,1,0,0,0,2019-20,NA,McGill,Montreal,39,6,NA,2019-11-01,Final,NA,NA
https://en.usports.ca/sports/fball/2019-20/boxscores/20190825_q6po.xml,0,1,0,0,2019-20,2019-08-25,McMaster,Guelph,10,25,0 Alumni Stadium Video ,2019-08-01,Final,20190825_q6po,NA
https://en.usports.ca/sports/fball/2019-20/boxscores/20190901_kuxq.xml,0,1,0,0,2019-20,2019-09-01,Ottawa,McMaster,35,22,2 Ron Joyce Stadium Video Video More   ,2019-09-01,Final,20190901_kuxq,NA
https://en.usports.ca/sports/fball/2019-20/boxscores/20190907_otly.xml,0,1,0,0,2019-20,2019-09-07,Western,McMaster,17,34,7 Ron Joyce Stadium Video ,2019-09-01,Final,20190907_otly,NA
https://en.usports.ca/sports/fball/2019-20/boxscores/20190914_fehx.xml,0,1,0,0,2019-20,2019-09-14,McMaster,York,9,27, Alumni Field Video ,2019-09-01,Final,20190914_fehx,NA
https://en.usports.ca/sports/fball/2019-20/boxscores/20190921_z8o7.xml,0,1,0,0,2019-20,2019-09-21,Windsor,McMaster,47,19,9 Ron Joyce Stadium Video ,2019-09-01,Final,20190921_z8o7,NA
https://en.usports.ca/sports/fball/2019-20/boxscores/20191005_zxl1.xml,0,1,0,0,2019-20,2019-10-05,McMaster,Toronto,8,16, Varsity Stadium Video ,2019-10-01,Final,20191005_zxl1,NA
https://en.usports.ca/sports/fball/2019-20/boxscores/20191011_rjyq.xml,0,1,0,0,2019-20,2019-10-11,McMaster,Carleton,35,30,0 MNP Park Video ,2019-10-01,Final,20191011_rjyq,NA
https://en.usports.ca/sports/fball/2019-20/boxscores/20191019_xjhk.xml,0,1,0,0,2019-20,2019-10-19,Waterloo,McMaster,31,14,4 Ron Joyce Stadium Video ,2019-10-01,Final,20191019_xjhk,NA
https://en.usports.ca/sports/fball/2019-20/boxscores/20191109_yfq5.xml,1,0,0,0,2019-20,2019-11-09,McMaster,Western,15,29,5 ,2019-11-01,Final,20191109_yfq5,NA
https://en.usports.ca/sports/fball/2019-20/boxscores/20191116_g7pe.xml,1,0,0,0,2019-20,2019-11-16,McMaster,Calgary,30,17,7 MITCHELL BOWL Video ,2019-11-01,Final,20191116_g7pe,NA
https://en.usports.ca/sports/fball/2019-20/boxscores/20190823_doax.xml,0,1,0,0,2019-20,2019-08-23,Montreal,Concordia,3,10, Concordia Stadium ,2019-08-01,Final,20190823_doax,NA
https://en.usports.ca/sports/fball/2019-20/boxscores/20190830_o8w6.xml,0,1,0,0,2019-20,2019-08-30,Sherbrooke,Montreal,18,9, CEPSUM ,2019-08-01,Final,20190830_o8w6,NA
https://en.usports.ca/sports/fball/2019-20/boxscores/20190907_edk6.xml,0,1,0,0,2019-20,2019-09-07,Montreal,McGill,4,34, Percival Molson Stadium ,2019-09-01,Final,20190907_edk6,NA
https://en.usports.ca/sports/fball/2019-20/boxscores/20190914_v4h7.xml,0,1,0,0,2019-20,2019-09-14,Laval,Montreal,23,18,8 TVA Sports ,2019-09-01,Final,20190914_v4h7,NA
https://en.usports.ca/sports/fball/2019-20/boxscores/20190927_5z52.xml,0,1,0,0,2019-20,2019-09-27,Concordia,Montreal,20,17,7 CEPSUM ,2019-09-01,Final,20190927_5z52,NA
https://en.usports.ca/sports/fball/2019-20/boxscores/20191004_5q2e.xml,0,1,0,0,2019-20,2019-10-04,McGill,Montreal,21,3, Televised on TVA Sports; at Stade CEPSUM ,2019-10-01,Final,20191004_5q2e,NA
https://en.usports.ca/sports/fball/2019-20/boxscores/20191012_hvvr.xml,0,1,0,0,2019-20,2019-10-12,Sherbrooke,Montreal,15,23,5 Stade de l'Universite ,2019-10-01,Final,20191012_hvvr,NA
https://en.usports.ca/sports/fball/2019-20/boxscores/20191020_ifbq.xml,0,1,0,0,2019-20,2019-10-20,Montreal,Laval,16,3, TVA Sports ,2019-10-01,Final,20191020_ifbq,NA
NA,1,0,0,0,2019-20,NA,McGill,Montreal,39,6,NA,2019-11-01,Final,NA,NA
https://en.usports.ca/sports/fball/2019-20/boxscores/20191109_f9fu.xml,1,0,0,0,2019-20,2019-11-09,Montreal,Laval,10,25,0 RSEQ Final ,2019-11-01,Final,20191109_f9fu,NA
https://en.usports.ca/sports/fball/2019-20/boxscores/20191123_ueer.xml,1,0,0,0,2019-20,2019-11-23,Calgary,Montreal,13,27,3 55th Vanier Cup présentée par Promutuel Assurance ,2019-11-01,Final,20191123_ueer,NA
NA,1,0,0,0,2019-20,NA,Acadia,Mount Allison,29,13,3 (Pre-season) Video  ,2019-08-01,Final,NA,NA
https://en.usports.ca/sports/fball/2019-20/boxscores/20190824_580w.xml,0,1,0,0,2019-20,2019-08-24,Mount Allison,StFX,16,6, Video  More   ,2019-08-01,Final,20190824_580w,NA
https://en.usports.ca/sports/fball/2019-20/boxscores/20190831_lfe7.xml,0,1,0,0,2019-20,2019-08-31,Saint Mary's,Mount Allison,25,27,5 Video  More   ,2019-08-01,Final,20190831_lfe7,NA
https://en.usports.ca/sports/fball/2019-20/boxscores/20190914_lerp.xml,0,1,0,0,2019-20,2019-09-14,Mount Allison,Bishop's,27,23,3 Video  More  ,2019-09-01,Final,20190914_lerp,NA
https://en.usports.ca/sports/fball/2019-20/boxscores/20190921_iito.xml,0,1,0,0,2019-20,2019-09-21,Mount Allison,Acadia,22,15,5 Video  More   ,2019-09-01,Final,20190921_iito,NA
https://en.usports.ca/sports/fball/2019-20/boxscores/20190928_s15v.xml,0,1,0,0,2019-20,2019-09-28,StFX,Mount Allison,36,11,1 Video  More   ,2019-09-01,Final,20190928_s15v,NA
https://en.usports.ca/sports/fball/2019-20/boxscores/20191004_70ze.xml,0,1,0,0,2019-20,2019-10-04,Mount Allison,Saint Mary's,12,23,2 Video  More   ,2019-10-01,Final,20191004_70ze,NA
https://en.usports.ca/sports/fball/2019-20/boxscores/20191019_o77d.xml,0,1,0,0,2019-20,2019-10-19,Bishop's,Mount Allison,35,13,3 Video  More  ,2019-10-01,Final,20191019_o77d,NA
https://en.usports.ca/sports/fball/2019-20/boxscores/20191026_k5f5.xml,0,1,0,0,2019-20,2019-10-26,Acadia,Mount Allison,31,33,1 Video  More   ,2019-10-01,Final,20191026_k5f5,NA
https://en.usports.ca/sports/fball/2019-20/boxscores/20190901_kuxq.xml,0,1,0,0,2019-20,2019-09-01,Ottawa,McMaster,35,22,2 Ron Joyce Stadium Video Video More   ,2019-09-01,Final,20190901_kuxq,NA
https://en.usports.ca/sports/fball/2019-20/boxscores/20190907_6n1r.xml,0,1,0,0,2019-20,2019-09-07,Queen's,Ottawa,44,27,7 Gee-Gees Field Video  More   ,2019-09-01,Final,20190907_6n1r,NA
https://en.usports.ca/sports/fball/2019-20/boxscores/20190914_yfma.xml,0,1,0,0,2019-20,2019-09-14,Laurier,Ottawa,25,22,2 Gee-Gees Field Video  ,2019-09-01,Final,20190914_yfma,NA
https://en.usports.ca/sports/fball/2019-20/boxscores/20190921_vpln.xml,0,1,0,0,2019-20,2019-09-21,Ottawa,York,12,46,2 Alumni Field Video Video More  ,2019-09-01,Final,20190921_vpln,NA
https://en.usports.ca/sports/fball/2019-20/boxscores/20190928_u9e0.xml,0,1,0,0,2019-20,2019-09-28,Ottawa,Guelph,33,6, Alumni Stadium Video Video More  ,2019-09-01,Final,20190928_u9e0,NA
https://en.usports.ca/sports/fball/2019-20/boxscores/20191005_yxlb.xml,0,1,0,0,2019-20,2019-10-05,Carleton,Ottawa,32,10,0 TD Place - Panda Game Video  ,2019-10-01,Final,20191005_yxlb,NA
https://en.usports.ca/sports/fball/2019-20/boxscores/20191011_spmw.xml,0,1,0,0,2019-20,2019-10-11,Windsor,Ottawa,54,26,6 Gee-Gees Field Video  ,2019-10-01,Final,20191011_spmw,NA
https://en.usports.ca/sports/fball/2019-20/boxscores/20191019_fkvj.xml,0,1,0,0,2019-20,2019-10-19,Ottawa,Western,32,22,2 TD Stadium Video Video More  ,2019-10-01,Final,20191019_fkvj,NA
https://en.usports.ca/sports/fball/2019-20/boxscores/20190825_4h0m.xml,0,1,0,0,2019-20,2019-08-25,Carleton,Queen's,12,18,2 Richardson Memorial Stadium Video ,2019-08-01,Final,20190825_4h0m,NA
https://en.usports.ca/sports/fball/2019-20/boxscores/20190902_m7eq.xml,0,1,0,0,2019-20,2019-09-02,Queen's,Western,40,23,3 TD Stadium Video ,2019-09-01,Final,20190902_m7eq,NA
https://en.usports.ca/sports/fball/2019-20/boxscores/20190907_6n1r.xml,0,1,0,0,2019-20,2019-09-07,Queen's,Ottawa,44,27,7 Gee-Gees Field Video  More   ,2019-09-01,Final,20190907_6n1r,NA
https://en.usports.ca/sports/fball/2019-20/boxscores/20190914_emjv.xml,0,1,0,0,2019-20,2019-09-14,Windsor,Queen's,15,8, Richardson Memorial Stadium Video ,2019-09-01,Final,20190914_emjv,NA
https://en.usports.ca/sports/fball/2019-20/boxscores/20190921_spea.xml,0,1,0,0,2019-20,2019-09-21,Queen's,Toronto,33,37,3 Varsity Stadium Video ,2019-09-01,Final,20190921_spea,NA
https://en.usports.ca/sports/fball/2019-20/boxscores/20190928_l4dd.xml,0,1,0,0,2019-20,2019-09-28,Queen's,Laurier,52,16,6 University Stadium Video ,2019-09-01,Final,20190928_l4dd,NA
https://en.usports.ca/sports/fball/2019-20/boxscores/20191010_7p5z.xml,0,1,0,0,2019-20,2019-10-10,Guelph,Queen's,24,27,4 Richardson Memorial Stadium Video ,2019-10-01,Final,20191010_7p5z,NA
https://en.usports.ca/sports/fball/2019-20/boxscores/20191019_gzu0.xml,0,1,0,0,2019-20,2019-10-19,York,Queen's,23,2, Richardson Memorial Stadium Video ,2019-10-01,Final,20191019_gzu0,NA
https://en.usports.ca/sports/fball/2019-20/boxscores/20190821_lbks.xml,1,0,0,0,2019-20,2019-08-21,Manitoba,Regina,9,12, ,2019-08-01,Final,20190821_lbks,NA
https://en.usports.ca/sports/fball/2019-20/boxscores/20190831_ci40.xml,0,1,0,0,2019-20,2019-08-31,Regina,UBC,16,46,6 ,2019-08-01,Final,20190831_ci40,NA
https://en.usports.ca/sports/fball/2019-20/boxscores/20190906_7vjw.xml,0,1,0,0,2019-20,2019-09-06,Alberta,Regina,17,18,7 ,2019-09-01,Final,20190906_7vjw,NA
https://en.usports.ca/sports/fball/2019-20/boxscores/20190913_zyu9.xml,0,1,0,0,2019-20,2019-09-13,Saskatchewan,Regina,9,44, ,2019-09-01,Final,20190913_zyu9,NA
https://en.usports.ca/sports/fball/2019-20/boxscores/20190920_jy88.xml,0,1,0,0,2019-20,2019-09-20,Regina,Calgary,20,7, ,2019-09-01,Final,20190920_jy88,NA
https://en.usports.ca/sports/fball/2019-20/boxscores/20190928_ssub.xml,0,1,0,0,2019-20,2019-09-28,Regina,Manitoba,27,26,6 ,2019-09-01,Final,20190928_ssub,NA
https://en.usports.ca/sports/fball/2019-20/boxscores/20191004_1lmb.xml,0,1,0,0,2019-20,2019-10-04,UBC,Regina,28,33,8 ,2019-10-01,Final,20191004_1lmb,NA
https://en.usports.ca/sports/fball/2019-20/boxscores/20191019_ffpi.xml,0,1,0,0,2019-20,2019-10-19,Regina,Alberta,17,31,7 ,2019-10-01,Final,20191019_ffpi,NA
https://en.usports.ca/sports/fball/2019-20/boxscores/20191025_wwqh.xml,0,1,0,0,2019-20,2019-10-25,Manitoba,Regina,47,14,4 ,2019-10-01,Final,20191025_wwqh,NA
https://en.usports.ca/sports/fball/2019-20/boxscores/20190817_07mt.xml,1,0,0,0,2019-20,2019-08-17,Saint Mary's,StFX,7,39, (Pre-season) Video  More  ,2019-08-01,Final,20190817_07mt,NA
https://en.usports.ca/sports/fball/2019-20/boxscores/20190831_lfe7.xml,0,1,0,0,2019-20,2019-08-31,Saint Mary's,Mount Allison,25,27,5 Video  More   ,2019-08-01,Final,20190831_lfe7,NA
https://en.usports.ca/sports/fball/2019-20/boxscores/20190906_9m34.xml,0,1,0,0,2019-20,2019-09-06,Bishop's,Saint Mary's,30,13,3 Video  More  ,2019-09-01,Final,20190906_9m34,NA
https://en.usports.ca/sports/fball/2019-20/boxscores/20190913_lj1v.xml,0,1,0,0,2019-20,2019-09-13,Acadia,Saint Mary's,32,51,2 Video  More   ,2019-09-01,Final,20190913_lj1v,NA
https://en.usports.ca/sports/fball/2019-20/boxscores/20190921_q7jx.xml,0,1,0,0,2019-20,2019-09-21,Saint Mary's,StFX,13,21,3 Video  More   ,2019-09-01,Final,20190921_q7jx,NA
https://en.usports.ca/sports/fball/2019-20/boxscores/20191004_70ze.xml,0,1,0,0,2019-20,2019-10-04,Mount Allison,Saint Mary's,12,23,2 Video  More   ,2019-10-01,Final,20191004_70ze,NA
https://en.usports.ca/sports/fball/2019-20/boxscores/20191011_8qkg.xml,0,1,0,0,2019-20,2019-10-11,Saint Mary's,Bishop's,23,15,5 Video  More  ,2019-10-01,Final,20191011_8qkg,NA
https://en.usports.ca/sports/fball/2019-20/boxscores/20191019_8aod.xml,0,1,0,0,2019-20,2019-10-19,Saint Mary's,Acadia,28,18,8 Video  More   ,2019-10-01,Final,20191019_8aod,NA
https://en.usports.ca/sports/fball/2019-20/boxscores/20191026_d0rp.xml,0,1,0,0,2019-20,2019-10-26,StFX,Saint Mary's,4,14, Video  More   ,2019-10-01,Final,20191026_d0rp,NA
https://en.usports.ca/sports/fball/2019-20/boxscores/20190830_39fa.xml,0,1,0,0,2019-20,2019-08-30,Saskatchewan,Manitoba,43,19,9 ,2019-08-01,Final,20190830_39fa,NA
https://en.usports.ca/sports/fball/2019-20/boxscores/20190906_42et.xml,0,1,0,0,2019-20,2019-09-06,UBC,Saskatchewan,40,7, ,2019-09-01,Final,20190906_42et,NA
https://en.usports.ca/sports/fball/2019-20/boxscores/20190913_zyu9.xml,0,1,0,0,2019-20,2019-09-13,Saskatchewan,Regina,9,44, ,2019-09-01,Final,20190913_zyu9,NA
https://en.usports.ca/sports/fball/2019-20/boxscores/20190921_ui9g.xml,0,1,0,0,2019-20,2019-09-21,Saskatchewan,Alberta,19,17,7 ,2019-09-01,Final,20190921_ui9g,NA
https://en.usports.ca/sports/fball/2019-20/boxscores/20190927_zxgw.xml,0,1,0,0,2019-20,2019-09-27,Calgary,Saskatchewan,29,15,5 ,2019-09-01,Final,20190927_zxgw,NA
https://en.usports.ca/sports/fball/2019-20/boxscores/20191004_994b.xml,0,1,0,0,2019-20,2019-10-04,Manitoba,Saskatchewan,49,21,1 ,2019-10-01,Final,20191004_994b,NA
https://en.usports.ca/sports/fball/2019-20/boxscores/20191019_chsw.xml,0,1,0,0,2019-20,2019-10-19,Saskatchewan,UBC,38,37,7 ,2019-10-01,Final,20191019_chsw,NA
https://en.usports.ca/sports/fball/2019-20/boxscores/20191026_hzrn.xml,0,1,0,0,2019-20,2019-10-26,Alberta,Saskatchewan,22,9, ,2019-10-01,Final,20191026_hzrn,NA
https://en.usports.ca/sports/fball/2019-20/boxscores/20191102_rw6q.xml,1,0,0,0,2019-20,2019-11-02,Alberta,Saskatchewan,28,23,3 ,2019-11-01,Final,20191102_rw6q,NA
https://en.usports.ca/sports/fball/2019-20/boxscores/20191109_70l7.xml,1,0,0,0,2019-20,2019-11-09,Saskatchewan,Calgary,29,4, CW Final ,2019-11-01,Final,20191109_70l7,NA
https://en.usports.ca/sports/fball/2019-20/boxscores/20190825_6qbq.xml,0,1,0,0,2019-20,2019-08-25,Sherbrooke,Laval,41,10,0 TVA Sports ,2019-08-01,Final,20190825_6qbq,NA
https://en.usports.ca/sports/fball/2019-20/boxscores/20190830_o8w6.xml,0,1,0,0,2019-20,2019-08-30,Sherbrooke,Montreal,18,9, CEPSUM ,2019-08-01,Final,20190830_o8w6,NA
https://en.usports.ca/sports/fball/2019-20/boxscores/20190913_1tyu.xml,0,1,0,0,2019-20,2019-09-13,McGill,Sherbrooke,16,14,4 Stade de l'Universite ,2019-09-01,Final,20190913_1tyu,NA
https://en.usports.ca/sports/fball/2019-20/boxscores/20190921_z07h.xml,0,1,0,0,2019-20,2019-09-21,Concordia,Sherbrooke,35,37,5 Concordia Stadium ,2019-09-01,Final,20190921_z07h,NA
https://en.usports.ca/sports/fball/2019-20/boxscores/20190928_y2yq.xml,0,1,0,0,2019-20,2019-09-28,Sherbrooke,McGill,20,13,3 Percival Molson Stadium ,2019-09-01,Final,20190928_y2yq,NA
https://en.usports.ca/sports/fball/2019-20/boxscores/20191012_hvvr.xml,0,1,0,0,2019-20,2019-10-12,Montreal,Sherbrooke,23,15,5 Stade de l'Universite ,2019-10-01,Final,20191012_hvvr,NA
https://en.usports.ca/sports/fball/2019-20/boxscores/20191019_g2la.xml,0,1,0,0,2019-20,2019-10-19,Concordia,Sherbrooke,19,27,9 Stade de l'Universite ,2019-10-01,Final,20191019_g2la,NA
https://en.usports.ca/sports/fball/2019-20/boxscores/20191026_565b.xml,0,1,0,0,2019-20,2019-10-26,Laval,Sherbrooke,10,35,0 Stade de l'Universite ,2019-10-01,Final,20191026_565b,NA
https://en.usports.ca/sports/fball/2019-20/boxscores/20190817_07mt.xml,1,0,0,0,2019-20,2019-08-17,Saint Mary's,StFX,7,39, (Pre-season) Video  More  ,2019-08-01,Final,20190817_07mt,NA
https://en.usports.ca/sports/fball/2019-20/boxscores/20190824_580w.xml,0,1,0,0,2019-20,2019-08-24,Mount Allison,StFX,16,6, Video  More   ,2019-08-01,Final,20190824_580w,NA
https://en.usports.ca/sports/fball/2019-20/boxscores/20190831_fxnn.xml,0,1,0,0,2019-20,2019-08-31,StFX,Bishop's,32,19,9 Video  More  ,2019-08-01,Final,20190831_fxnn,NA
https://en.usports.ca/sports/fball/2019-20/boxscores/20190906_6d9y.xml,0,1,0,0,2019-20,2019-09-06,Acadia,StFX,19,54,9 Video  More   ,2019-09-01,Final,20190906_6d9y,NA
https://en.usports.ca/sports/fball/2019-20/boxscores/20190921_q7jx.xml,0,1,0,0,2019-20,2019-09-21,Saint Mary's,StFX,13,21,3 Video  More   ,2019-09-01,Final,20190921_q7jx,NA
https://en.usports.ca/sports/fball/2019-20/boxscores/20190928_s15v.xml,0,1,0,0,2019-20,2019-09-28,StFX,Mount Allison,36,11,1 Video  More   ,2019-09-01,Final,20190928_s15v,NA
https://en.usports.ca/sports/fball/2019-20/boxscores/20191004_y527.xml,0,1,0,0,2019-20,2019-10-04,Bishop's,StFX,11,17,1 Video  More  ,2019-10-01,Final,20191004_y527,NA
https://en.usports.ca/sports/fball/2019-20/boxscores/20191011_lrdk.xml,0,1,0,0,2019-20,2019-10-11,StFX,Acadia,44,25,5 Video  More   ,2019-10-01,Final,20191011_lrdk,NA
https://en.usports.ca/sports/fball/2019-20/boxscores/20191026_d0rp.xml,0,1,0,0,2019-20,2019-10-26,StFX,Saint Mary's,4,14, Video  More   ,2019-10-01,Final,20191026_d0rp,NA
https://en.usports.ca/sports/fball/2019-20/boxscores/20190825_jojs.xml,0,1,0,0,2019-20,2019-08-25,Toronto,Waterloo,33,30,0 Warrior Field Video ,2019-08-01,Final,20190825_jojs,NA
https://en.usports.ca/sports/fball/2019-20/boxscores/20190901_3ece.xml,0,1,0,0,2019-20,2019-09-01,Windsor,Toronto,54,26,6 Varsity Stadium Video ,2019-09-01,Final,20190901_3ece,NA
https://en.usports.ca/sports/fball/2019-20/boxscores/20190907_kny7.xml,0,1,0,0,2019-20,2019-09-07,Toronto,Laurier,34,38,4 University Stadium Video ,2019-09-01,Final,20190907_kny7,NA
https://en.usports.ca/sports/fball/2019-20/boxscores/20190921_spea.xml,0,1,0,0,2019-20,2019-09-21,Queen's,Toronto,33,37,3 Varsity Stadium Video ,2019-09-01,Final,20190921_spea,NA
https://en.usports.ca/sports/fball/2019-20/boxscores/20190928_xj48.xml,0,1,0,0,2019-20,2019-09-28,Toronto,Carleton,29,19,9 MNP Park Video ,2019-09-01,Final,20190928_xj48,NA
https://en.usports.ca/sports/fball/2019-20/boxscores/20191005_zxl1.xml,0,1,0,0,2019-20,2019-10-05,McMaster,Toronto,8,16, Varsity Stadium Video ,2019-10-01,Final,20191005_zxl1,NA
https://en.usports.ca/sports/fball/2019-20/boxscores/20191011_dwte.xml,0,1,0,0,2019-20,2019-10-11,Toronto,York,34,14,4 Alumni Field Video ,2019-10-01,Final,20191011_dwte,NA
https://en.usports.ca/sports/fball/2019-20/boxscores/20191019_s9ev.xml,0,1,0,0,2019-20,2019-10-19,Guelph,Toronto,26,40,6 Varsity Stadium Video ,2019-10-01,Final,20191019_s9ev,NA
https://en.usports.ca/sports/fball/2019-20/boxscores/20190831_ci40.xml,0,1,0,0,2019-20,2019-08-31,Regina,UBC,16,46,6 ,2019-08-01,Final,20190831_ci40,NA
https://en.usports.ca/sports/fball/2019-20/boxscores/20190906_42et.xml,0,1,0,0,2019-20,2019-09-06,UBC,Saskatchewan,40,7, ,2019-09-01,Final,20190906_42et,NA
https://en.usports.ca/sports/fball/2019-20/boxscores/20190914_hmhb.xml,0,1,0,0,2019-20,2019-09-14,Calgary,UBC,13,47,3 ,2019-09-01,Final,20190914_hmhb,NA
https://en.usports.ca/sports/fball/2019-20/boxscores/20190921_ic8r.xml,0,1,0,0,2019-20,2019-09-21,UBC,Manitoba,37,19,9 ,2019-09-01,Final,20190921_ic8r,NA
https://en.usports.ca/sports/fball/2019-20/boxscores/20190928_bnxi.xml,0,1,0,0,2019-20,2019-09-28,Alberta,UBC,20,40,0 ,2019-09-01,Final,20190928_bnxi,NA
https://en.usports.ca/sports/fball/2019-20/boxscores/20191004_1lmb.xml,0,1,0,0,2019-20,2019-10-04,UBC,Regina,28,33,8 ,2019-10-01,Final,20191004_1lmb,NA
https://en.usports.ca/sports/fball/2019-20/boxscores/20191019_chsw.xml,0,1,0,0,2019-20,2019-10-19,Saskatchewan,UBC,38,37,7 ,2019-10-01,Final,20191019_chsw,NA
https://en.usports.ca/sports/fball/2019-20/boxscores/20191026_keal.xml,0,1,0,0,2019-20,2019-10-26,UBC,Calgary,36,17,7 ,2019-10-01,Final,20191026_keal,NA
https://en.usports.ca/sports/fball/2019-20/boxscores/20190825_jojs.xml,0,1,0,0,2019-20,2019-08-25,Toronto,Waterloo,33,30,0 Warrior Field Video ,2019-08-01,Final,20190825_jojs,NA
https://en.usports.ca/sports/fball/2019-20/boxscores/20190907_tiaz.xml,0,1,0,0,2019-20,2019-09-07,Waterloo,Windsor,42,45,2 Alumni Field Video ,2019-09-01,Final,20190907_tiaz,NA
https://en.usports.ca/sports/fball/2019-20/boxscores/20190914_vk9y.xml,0,1,0,0,2019-20,2019-09-14,Guelph,Waterloo,13,39,3 Warrior Field Video ,2019-09-01,Final,20190914_vk9y,NA
https://en.usports.ca/sports/fball/2019-20/boxscores/20190921_jr1z.xml,0,1,0,0,2019-20,2019-09-21,Waterloo,Carleton,24,34,4 MNP Park Video ,2019-09-01,Final,20190921_jr1z,NA
https://en.usports.ca/sports/fball/2019-20/boxscores/20190928_cdkt.xml,0,1,0,0,2019-20,2019-09-28,York,Waterloo,57,19,9 Warrior Field Video ,2019-09-01,Final,20190928_cdkt,NA
https://en.usports.ca/sports/fball/2019-20/boxscores/20191005_9ywe.xml,0,1,0,0,2019-20,2019-10-05,Waterloo,Western,45,42,2 TD Stadium Video ,2019-10-01,Final,20191005_9ywe,NA
https://en.usports.ca/sports/fball/2019-20/boxscores/20191010_v36b.xml,0,1,0,0,2019-20,2019-10-10,Laurier,Waterloo,50,53,0 Warrior Field Video ,2019-10-01,Final - 3OT,20191010_v36b,NA
https://en.usports.ca/sports/fball/2019-20/boxscores/20191019_xjhk.xml,0,1,0,0,2019-20,2019-10-19,Waterloo,McMaster,31,14,4 Ron Joyce Stadium Video ,2019-10-01,Final,20191019_xjhk,NA
https://en.usports.ca/sports/fball/2019-20/boxscores/20190825_x7kz.xml,0,1,0,0,2019-20,2019-08-25,Western,Laurier,19,32,9 University Stadium ,2019-08-01,Final,20190825_x7kz,NA
https://en.usports.ca/sports/fball/2019-20/boxscores/20190902_m7eq.xml,0,1,0,0,2019-20,2019-09-02,Queen's,Western,40,23,3 TD Stadium Video ,2019-09-01,Final,20190902_m7eq,NA
https://en.usports.ca/sports/fball/2019-20/boxscores/20190907_otly.xml,0,1,0,0,2019-20,2019-09-07,Western,McMaster,17,34,7 Ron Joyce Stadium Video ,2019-09-01,Final,20190907_otly,NA
https://en.usports.ca/sports/fball/2019-20/boxscores/20190914_880p.xml,0,1,0,0,2019-20,2019-09-14,Carleton,Western,40,23,3 TD Stadium Video ,2019-09-01,Final,20190914_880p,NA
https://en.usports.ca/sports/fball/2019-20/boxscores/20190921_mv0l.xml,0,1,0,0,2019-20,2019-09-21,Western,Guelph,3,9, Alumni Stadium Video ,2019-09-01,Final,20190921_mv0l,NA
https://en.usports.ca/sports/fball/2019-20/boxscores/20190928_4vex.xml,0,1,0,0,2019-20,2019-09-28,Western,Windsor,25,58,5 Alumni Field Video ,2019-09-01,Final,20190928_4vex,NA
https://en.usports.ca/sports/fball/2019-20/boxscores/20191005_9ywe.xml,0,1,0,0,2019-20,2019-10-05,Waterloo,Western,45,42,2 TD Stadium Video ,2019-10-01,Final,20191005_9ywe,NA
https://en.usports.ca/sports/fball/2019-20/boxscores/20191019_fkvj.xml,0,1,0,0,2019-20,2019-10-19,Ottawa,Western,32,22,2 TD Stadium Video Video More  ,2019-10-01,Final,20191019_fkvj,NA
https://en.usports.ca/sports/fball/2019-20/boxscores/20191109_yfq5.xml,1,0,0,0,2019-20,2019-11-09,McMaster,Western,15,29,5 ,2019-11-01,Final,20191109_yfq5,NA
https://en.usports.ca/sports/fball/2019-20/boxscores/20190825_3bfw.xml,0,1,0,0,2019-20,2019-08-25,York,Windsor,34,17,7 Alumni Field Video ,2019-08-01,Final,20190825_3bfw,NA
https://en.usports.ca/sports/fball/2019-20/boxscores/20190901_3ece.xml,0,1,0,0,2019-20,2019-09-01,Windsor,Toronto,54,26,6 Varsity Stadium Video ,2019-09-01,Final,20190901_3ece,NA
https://en.usports.ca/sports/fball/2019-20/boxscores/20190907_tiaz.xml,0,1,0,0,2019-20,2019-09-07,Waterloo,Windsor,42,45,2 Alumni Field Video ,2019-09-01,Final,20190907_tiaz,NA
https://en.usports.ca/sports/fball/2019-20/boxscores/20190914_emjv.xml,0,1,0,0,2019-20,2019-09-14,Windsor,Queen's,15,8, Richardson Memorial Stadium Video ,2019-09-01,Final,20190914_emjv,NA
https://en.usports.ca/sports/fball/2019-20/boxscores/20190921_z8o7.xml,0,1,0,0,2019-20,2019-09-21,Windsor,McMaster,47,19,9 Ron Joyce Stadium Video ,2019-09-01,Final,20190921_z8o7,NA
https://en.usports.ca/sports/fball/2019-20/boxscores/20190928_4vex.xml,0,1,0,0,2019-20,2019-09-28,Western,Windsor,25,58,5 Alumni Field Video ,2019-09-01,Final,20190928_4vex,NA
https://en.usports.ca/sports/fball/2019-20/boxscores/20191005_clb3.xml,0,1,0,0,2019-20,2019-10-05,Laurier,Windsor,10,52,0 Alumni Field Video ,2019-10-01,Final,20191005_clb3,NA
https://en.usports.ca/sports/fball/2019-20/boxscores/20191011_spmw.xml,0,1,0,0,2019-20,2019-10-11,Windsor,Ottawa,54,26,6 Gee-Gees Field Video  ,2019-10-01,Final,20191011_spmw,NA
https://en.usports.ca/sports/fball/2019-20/boxscores/20190825_3bfw.xml,0,1,0,0,2019-20,2019-08-25,York,Windsor,34,17,7 Alumni Field Video ,2019-08-01,Final,20190825_3bfw,NA
https://en.usports.ca/sports/fball/2019-20/boxscores/20190902_7m6l.xml,0,1,0,0,2019-20,2019-09-02,Laurier,York,10,18,0 Alumni Field Video ,2019-09-01,Final,20190902_7m6l,NA
https://en.usports.ca/sports/fball/2019-20/boxscores/20190907_p9b1.xml,0,1,0,0,2019-20,2019-09-07,York,Guelph,53,19,9 Alumni Stadium Video ,2019-09-01,Final,20190907_p9b1,NA
https://en.usports.ca/sports/fball/2019-20/boxscores/20190914_fehx.xml,0,1,0,0,2019-20,2019-09-14,McMaster,York,9,27, Alumni Field Video ,2019-09-01,Final,20190914_fehx,NA
https://en.usports.ca/sports/fball/2019-20/boxscores/20190921_vpln.xml,0,1,0,0,2019-20,2019-09-21,Ottawa,York,12,46,2 Alumni Field Video Video More  ,2019-09-01,Final,20190921_vpln,NA
https://en.usports.ca/sports/fball/2019-20/boxscores/20190928_cdkt.xml,0,1,0,0,2019-20,2019-09-28,York,Waterloo,57,19,9 Warrior Field Video ,2019-09-01,Final,20190928_cdkt,NA
https://en.usports.ca/sports/fball/2019-20/boxscores/20191011_dwte.xml,0,1,0,0,2019-20,2019-10-11,Toronto,York,34,14,4 Alumni Field Video ,2019-10-01,Final,20191011_dwte,NA
https://en.usports.ca/sports/fball/2019-20/boxscores/20191019_gzu0.xml,0,1,0,0,2019-20,2019-10-19,York,Queen's,23,2, Richardson Memorial Stadium Video ,2019-10-01,Final,20191019_gzu0,NA
https://en.usports.ca/sports/fball/2018-19/postseason/boxscores/20181103_n8o0.xml,0,1,1,0,2018-19p,2018-11-03,Acadia,StFX,33,10,0 AUS Semifinal Video  More     ,2018-11-01,Final,20181103_n8o0,NA
https://en.usports.ca/sports/fball/2018-19/postseason/boxscores/20181103_ywrk.xml,0,1,1,0,2018-19p,2018-11-03,Manitoba,Calgary,37,13,3 Hardy Cup Semi - McMahon Stadium Video  More   ,2018-11-01,Final,20181103_ywrk,NA
https://en.usports.ca/sports/fball/2018-19/postseason/boxscores/20181110_dd22.xml,0,1,1,0,2018-19p,2018-11-10,Saskatchewan,Calgary,18,43,8 82nd Hardy Cup - McMahon Stadium Video  More   ,2018-11-01,Final,20181110_dd22,NA
https://en.usports.ca/sports/fball/2018-19/postseason/boxscores/20181027_m0e9.xml,0,1,1,0,2018-19p,2018-10-27,McMaster,Carleton,30,25,5 MNP Park - Quarterfinal   ,2018-10-01,Final,20181027_m0e9,NA
https://en.usports.ca/sports/fball/2018-19/postseason/boxscores/20181103_pozz.xml,0,1,1,0,2018-19p,2018-11-03,Carleton,Western,39,13,3 TD Stadium - Semifinal   ,2018-11-01,Final,20181103_pozz,NA
https://en.usports.ca/sports/fball/2018-19/postseason/boxscores/20181027_etlk.xml,0,1,1,0,2018-19p,2018-10-27,Waterloo,Guelph,45,34,4 Alumni Stadium - Quarterfinal   ,2018-10-01,Final,20181027_etlk,NA
https://en.usports.ca/sports/fball/2018-19/postseason/boxscores/20181103_dzun.xml,0,0,1,0,2018-19p,2018-11-03,Guelph,Ottawa,22,27,2 Gee-Gees Field - Semifinal Video  More  ,2018-11-01,Final,20181103_dzun,NA
https://en.usports.ca/sports/fball/2018-19/postseason/boxscores/20181110_utia.xml,0,1,1,0,2018-19p,2018-11-10,Guelph,Western,63,14,4 TD Stadium - 111th Yates Cup   ,2018-11-01,Final,20181110_utia,NA
https://en.usports.ca/sports/fball/2018-19/postseason/boxscores/20181103_jhtt.xml,0,1,1,0,2018-19p,2018-11-03,Sherbrooke,Laval,40,0, Demi-finale   ,2018-11-01,Final,20181103_jhtt,NA
https://en.usports.ca/sports/fball/2018-19/postseason/boxscores/20181110_x71r.xml,0,0,1,0,2018-19p,2018-11-10,Montreal,Laval,14,1, Dunsmore Cup   ,2018-11-01,Final,20181110_x71r,NA
https://en.usports.ca/sports/fball/2018-19/postseason/boxscores/20181103_ywrk.xml,0,1,1,0,2018-19p,2018-11-03,Manitoba,Calgary,37,13,3 Hardy Cup Semi - McMahon Stadium Video  More   ,2018-11-01,Final,20181103_ywrk,NA
https://en.usports.ca/sports/fball/2018-19/postseason/boxscores/20181103_9twl.xml,0,1,1,0,2018-19p,2018-11-03,McGill,Montreal,48,2, Demi-finale   ,2018-11-01,Final,20181103_9twl,NA
https://en.usports.ca/sports/fball/2018-19/postseason/boxscores/20181027_m0e9.xml,0,1,1,0,2018-19p,2018-10-27,McMaster,Carleton,30,25,5 MNP Park - Quarterfinal   ,2018-10-01,Final,20181027_m0e9,NA
https://en.usports.ca/sports/fball/2018-19/postseason/boxscores/20181103_9twl.xml,0,1,1,0,2018-19p,2018-11-03,McGill,Montreal,48,2, Demi-finale   ,2018-11-01,Final,20181103_9twl,NA
https://en.usports.ca/sports/fball/2018-19/postseason/boxscores/20181110_x71r.xml,0,0,1,0,2018-19p,2018-11-10,Montreal,Laval,14,1, Dunsmore Cup   ,2018-11-01,Final,20181110_x71r,NA
https://en.usports.ca/sports/fball/2018-19/postseason/boxscores/20181103_dzun.xml,0,0,1,0,2018-19p,2018-11-03,Guelph,Ottawa,22,27,2 Gee-Gees Field - Semifinal Video  More  ,2018-11-01,Final,20181103_dzun,NA
https://en.usports.ca/sports/fball/2018-19/postseason/boxscores/20181110_mfqk.xml,0,1,1,0,2018-19p,2018-11-10,StFX,Saint Mary's,9,33, Loney Bowl (AUS Final) Video  More     ,2018-11-01,Final,20181110_mfqk,NA
https://en.usports.ca/sports/fball/2018-19/postseason/boxscores/20181103_xtj5.xml,0,1,1,0,2018-19p,2018-11-03,Saskatchewan,UBC,28,31,8 Hardy Cup Semi - Thunderbird Stadium Video  More   ,2018-11-01,Final - OT,20181103_xtj5,NA
https://en.usports.ca/sports/fball/2018-19/postseason/boxscores/20181110_dd22.xml,0,1,1,0,2018-19p,2018-11-10,Saskatchewan,Calgary,18,43,8 82nd Hardy Cup - McMahon Stadium Video  More   ,2018-11-01,Final,20181110_dd22,NA
https://en.usports.ca/sports/fball/2018-19/postseason/boxscores/20181103_jhtt.xml,0,1,1,0,2018-19p,2018-11-03,Sherbrooke,Laval,40,0, Demi-finale   ,2018-11-01,Final,20181103_jhtt,NA
https://en.usports.ca/sports/fball/2018-19/postseason/boxscores/20181103_n8o0.xml,0,1,1,0,2018-19p,2018-11-03,Acadia,StFX,33,10,0 AUS Semifinal Video  More     ,2018-11-01,Final,20181103_n8o0,NA
https://en.usports.ca/sports/fball/2018-19/postseason/boxscores/20181110_mfqk.xml,0,1,1,0,2018-19p,2018-11-10,StFX,Saint Mary's,9,33, Loney Bowl (AUS Final) Video  More     ,2018-11-01,Final,20181110_mfqk,NA
https://en.usports.ca/sports/fball/2018-19/postseason/boxscores/20181103_xtj5.xml,0,1,1,0,2018-19p,2018-11-03,Saskatchewan,UBC,28,31,8 Hardy Cup Semi - Thunderbird Stadium Video  More   ,2018-11-01,Final - OT,20181103_xtj5,NA
https://en.usports.ca/sports/fball/2018-19/postseason/boxscores/20181027_etlk.xml,0,1,1,0,2018-19p,2018-10-27,Waterloo,Guelph,45,34,4 Alumni Stadium - Quarterfinal   ,2018-10-01,Final,20181027_etlk,NA
https://en.usports.ca/sports/fball/2018-19/postseason/boxscores/20181103_pozz.xml,0,1,1,0,2018-19p,2018-11-03,Carleton,Western,39,13,3 TD Stadium - Semifinal   ,2018-11-01,Final,20181103_pozz,NA
https://en.usports.ca/sports/fball/2018-19/postseason/boxscores/20181110_utia.xml,0,1,1,0,2018-19p,2018-11-10,Guelph,Western,63,14,4 TD Stadium - 111th Yates Cup   ,2018-11-01,Final,20181110_utia,NA
https://en.usports.ca/sports/fball/2018-19c/boxscores/20181117_polm.xml,0,0,1,0,2018-19c,2018-11-17,StFX,Laval,63,0, U SPORTS Uteck Bowl Video  More    ,2018-11-01,Final,20181117_polm,/sports/fball/2018-19c/releases/20240322ygcfrh
https://en.usports.ca/sports/fball/2018-19c/boxscores/20181124_p6rh.xml,0,0,1,0,2018-19c,2018-11-24,Western,Laval,34,20,0 Vanier Cup @ Quebec City   More  ,2018-11-01,Final,20181124_p6rh,/sports/fball/2018-19c/releases/20240323xohivh
https://en.usports.ca/sports/fball/2018-19c/boxscores/20181117_hp5g.xml,0,0,1,0,2018-19c,2018-11-17,Saskatchewan,Western,47,24,4 Mitchell Bowl | CW @ OUA Video  More    ,2018-11-01,Final,20181117_hp5g,/sports/fball/2018-19c/releases/20240323w9anvv
https://en.usports.ca/sports/fball/2018-19c/boxscores/20181117_polm.xml,0,0,1,0,2018-19c,2018-11-17,StFX,Laval,63,0, U SPORTS Uteck Bowl Video  More    ,2018-11-01,Final,20181117_polm,/sports/fball/2018-19c/releases/20240322ygcfrh
https://en.usports.ca/sports/fball/2018-19c/boxscores/20181117_hp5g.xml,0,0,1,0,2018-19c,2018-11-17,Saskatchewan,Western,47,24,4 Mitchell Bowl | CW @ OUA Video  More    ,2018-11-01,Final,20181117_hp5g,/sports/fball/2018-19c/releases/20240323w9anvv
https://en.usports.ca/sports/fball/2018-19c/boxscores/20181124_p6rh.xml,0,0,1,0,2018-19c,2018-11-24,Laval,Western,20,34,0 Vanier Cup @ Quebec City   More  ,2018-11-01,Final,20181124_p6rh,/sports/fball/2018-19c/releases/20240323xohivh
NA,1,0,0,0,2018-19,NA,Acadia,StFX,4,15, (Pre-Season)  ,2018-08-01,Final,NA,NA
https://en.usports.ca/sports/fball/2018-19/boxscores/20180831_cmmn.xml,0,1,0,0,2018-19,2018-08-31,Acadia,StFX,30,24,4   More  ,2018-08-01,Final - OT,20180831_cmmn,NA
https://en.usports.ca/sports/fball/2018-19/boxscores/20180908_w5o0.xml,0,1,0,0,2018-19,2018-09-08,Acadia,Bishop's,9,39,   ,2018-09-01,Final,20180908_w5o0,NA
https://en.usports.ca/sports/fball/2018-19/boxscores/20180915_sc2x.xml,0,1,0,0,2018-19,2018-09-15,Mount Allison,Acadia,38,26,6   More   ,2018-09-01,Final,20180915_sc2x,NA
https://en.usports.ca/sports/fball/2018-19/boxscores/20180921_vrlp.xml,0,1,0,0,2018-19,2018-09-21,Acadia,Saint Mary's,26,16,6   More  ,2018-09-01,Final,20180921_vrlp,NA
https://en.usports.ca/sports/fball/2018-19/boxscores/20181005_hlor.xml,0,1,0,0,2018-19,2018-10-05,StFX,Acadia,30,33,0   More  ,2018-10-01,Final,20181005_hlor,NA
https://en.usports.ca/sports/fball/2018-19/boxscores/20181013_s1xw.xml,0,1,0,0,2018-19,2018-10-13,Bishop's,Acadia,31,9,   ,2018-10-01,Final,20181013_s1xw,NA
https://en.usports.ca/sports/fball/2018-19/boxscores/20181020_lg2h.xml,0,1,0,0,2018-19,2018-10-20,Acadia,Mount Allison,11,27,1   More  ,2018-10-01,Final,20181020_lg2h,NA
https://en.usports.ca/sports/fball/2018-19/boxscores/20181027_wqfv.xml,0,1,0,0,2018-19,2018-10-27,Saint Mary's,Acadia,31,2,   More  ,2018-10-01,Final,20181027_wqfv,NA
https://en.usports.ca/sports/fball/2018-19/boxscores/20180822_beyp.xml,1,0,0,0,2018-19,2018-08-22,Calgary,Alberta,38,50,8 Pre-season  ,2018-08-01,Final,20180822_beyp,NA
https://en.usports.ca/sports/fball/2018-19/boxscores/20180831_vre3.xml,0,1,0,0,2018-19,2018-08-31,Alberta,Saskatchewan,42,0," CW FB Showcase - SaskTel, TELUS Video  ",2018-08-01,Final,20180831_vre3,NA
https://en.usports.ca/sports/fball/2018-19/boxscores/20180907_1yaq.xml,0,1,0,0,2018-19,2018-09-07,Regina,Alberta,1,0, * REG forfeits (ineligible player) Video  ,2018-09-01,Final,20180907_1yaq,NA
https://en.usports.ca/sports/fball/2018-19/boxscores/20180915_gcz7.xml,0,1,0,0,2018-19,2018-09-15,Alberta,Manitoba,37,21,1 Video  ,2018-09-01,Final,20180915_gcz7,NA
https://en.usports.ca/sports/fball/2018-19/boxscores/20180921_esoj.xml,0,1,0,0,2018-19,2018-09-21,Manitoba,Alberta,27,37,7 Video  ,2018-09-01,Final,20180921_esoj,NA
https://en.usports.ca/sports/fball/2018-19/boxscores/20180928_26fx.xml,0,1,0,0,2018-19,2018-09-28,UBC,Alberta,26,21,"1 CW FB Showcase - SaskTel, TELUS, Bell MTS Video  ",2018-09-01,Final,20180928_26fx,NA
https://en.usports.ca/sports/fball/2018-19/boxscores/20181012_v2w5.xml,0,1,0,0,2018-19,2018-10-12,Alberta,Regina,32,17,"7 CW FB Showcase - SaskTel, TELUS, Bell MTS Video  ",2018-10-01,Final,20181012_v2w5,NA
https://en.usports.ca/sports/fball/2018-19/boxscores/20181020_trt4.xml,0,1,0,0,2018-19,2018-10-20,Alberta,UBC,30,11,1 Video  ,2018-10-01,Final,20181020_trt4,NA
https://en.usports.ca/sports/fball/2018-19/boxscores/20181027_056i.xml,0,1,0,0,2018-19,2018-10-27,Calgary,Alberta,6,52, Video  ,2018-10-01,Final,20181027_056i,NA
NA,1,0,0,0,2018-19,NA,Sherbrooke,Bishop's,0,42, (Pre-season),2018-08-01,Final,NA,NA
https://en.usports.ca/sports/fball/2018-19/boxscores/20180825_ixs4.xml,0,1,0,0,2018-19,2018-08-25,Bishop's,Mount Allison,36,22,2   ,2018-08-01,Final,20180825_ixs4,NA
https://en.usports.ca/sports/fball/2018-19/boxscores/20180901_qr3s.xml,0,1,0,0,2018-19,2018-09-01,Saint Mary's,Bishop's,19,42,9   ,2018-09-01,Final,20180901_qr3s,NA
https://en.usports.ca/sports/fball/2018-19/boxscores/20180908_w5o0.xml,0,1,0,0,2018-19,2018-09-08,Acadia,Bishop's,9,39,   ,2018-09-01,Final,20180908_w5o0,NA
https://en.usports.ca/sports/fball/2018-19/boxscores/20180915_0pwm.xml,0,1,0,0,2018-19,2018-09-15,Bishop's,StFX,42,2,   ,2018-09-01,Final,20180915_0pwm,NA
https://en.usports.ca/sports/fball/2018-19/boxscores/20180929_w7i8.xml,0,1,0,0,2018-19,2018-09-29,Mount Allison,Bishop's,10,18,0   ,2018-09-01,Final,20180929_w7i8,NA
https://en.usports.ca/sports/fball/2018-19/boxscores/20181006_pb18.xml,0,1,0,0,2018-19,2018-10-06,Bishop's,Saint Mary's,18,9,  ,2018-10-01,Final,20181006_pb18,NA
https://en.usports.ca/sports/fball/2018-19/boxscores/20181013_s1xw.xml,0,1,0,0,2018-19,2018-10-13,Bishop's,Acadia,31,9,   ,2018-10-01,Final,20181013_s1xw,NA
https://en.usports.ca/sports/fball/2018-19/boxscores/20181020_nqr1.xml,0,1,0,0,2018-19,2018-10-20,StFX,Bishop's,11,12,1   ,2018-10-01,Final,20181020_nqr1,NA
https://en.usports.ca/sports/fball/2018-19/boxscores/20180822_beyp.xml,1,0,0,0,2018-19,2018-08-22,Alberta,Calgary,50,38,8 Pre-season  ,2018-08-01,Final,20180822_beyp,NA
https://en.usports.ca/sports/fball/2018-19/boxscores/20180831_4nc4.xml,0,1,0,0,2018-19,2018-08-31,Calgary,Regina,35,49,"5 * REG forfeits (ineligible player) / CW FB Showcase - SaskTel, TELUS, Bell MTS Video  ",2018-08-01,Final,20180831_4nc4,NA
https://en.usports.ca/sports/fball/2018-19/boxscores/20180907_3lv6.xml,0,1,0,0,2018-19,2018-09-07,UBC,Calgary,57,7, Video  ,2018-09-01,Final,20180907_3lv6,NA
https://en.usports.ca/sports/fball/2018-19/boxscores/20180914_emun.xml,0,1,0,0,2018-19,2018-09-14,Calgary,Saskatchewan,28,37,"8 CW FB Showcase - SaskTel, TELUS, Bell MTS Video  More  ",2018-09-01,Final,20180914_emun,NA
https://en.usports.ca/sports/fball/2018-19/boxscores/20180922_ptlk.xml,0,1,0,0,2018-19,2018-09-22,Calgary,UBC,28,32,"8 CW FB Showcase - SaskTel, TELUS, Bell MTS Video  ",2018-09-01,Final,20180922_ptlk,NA
https://en.usports.ca/sports/fball/2018-19/boxscores/20180929_0tlm.xml,0,1,0,0,2018-19,2018-09-29,Saskatchewan,Calgary,33,13,3 Video  ,2018-09-01,Final,20180929_0tlm,NA
https://en.usports.ca/sports/fball/2018-19/boxscores/20181012_s4fs.xml,0,1,0,0,2018-19,2018-10-12,Manitoba,Calgary,34,16,6 Video  ,2018-10-01,Final,20181012_s4fs,NA
https://en.usports.ca/sports/fball/2018-19/boxscores/20181019_502c.xml,0,1,0,0,2018-19,2018-10-19,Regina,Calgary,58,6," CW FB Showcase - SaskTel, TELUS, Bell MTS Video Video More  ",2018-10-01,Final,20181019_502c,NA
https://en.usports.ca/sports/fball/2018-19/boxscores/20181027_056i.xml,0,1,0,0,2018-19,2018-10-27,Calgary,Alberta,6,52, Video  ,2018-10-01,Final,20181027_056i,NA
https://en.usports.ca/sports/fball/2018-19/boxscores/20180826_hre8.xml,0,1,0,0,2018-19,2018-08-26,Western,Carleton,23,26,3 MNP Park ,2018-08-01,Final - OT,20180826_hre8,NA
https://en.usports.ca/sports/fball/2018-19/boxscores/20180903_6rbe.xml,0,1,0,0,2018-19,2018-09-03,Carleton,Windsor,20,38,0 Alumni Field ,2018-09-01,Final,20180903_6rbe,NA
https://en.usports.ca/sports/fball/2018-19/boxscores/20180908_4crd.xml,0,1,0,0,2018-19,2018-09-08,Carleton,Waterloo,18,21,8 Warrior Field ,2018-09-01,Final,20180908_4crd,NA
https://en.usports.ca/sports/fball/2018-19/boxscores/20180915_6oyi.xml,0,1,0,0,2018-19,2018-09-15,Queen's,Carleton,42,39,9 MNP Park ,2018-09-01,Final - 2OT,20180915_6oyi,NA
https://en.usports.ca/sports/fball/2018-19/boxscores/20180922_oajk.xml,0,1,0,0,2018-19,2018-09-22,Carleton,Toronto,26,38,6 Varsity Stadium ,2018-09-01,Final,20180922_oajk,NA
https://en.usports.ca/sports/fball/2018-19/boxscores/20180929_2tn6.xml,0,1,0,0,2018-19,2018-09-29,Ottawa,Carleton,27,38,7 50th Panda Game - TD Place ,2018-09-01,Final,20180929_2tn6,NA
https://en.usports.ca/sports/fball/2018-19/boxscores/20181005_ag2b.xml,0,1,0,0,2018-19,2018-10-05,Laurier,Carleton,31,37,1 MNP Park ,2018-10-01,Final,20181005_ag2b,NA
https://en.usports.ca/sports/fball/2018-19/boxscores/20181012_4sod.xml,0,1,0,0,2018-19,2018-10-12,Carleton,York,20,35,0 Alumni Field ,2018-10-01,Final,20181012_4sod,NA
NA,1,0,0,0,2018-19,NA,York,Concordia,23,17,7 Preseason game,2018-08-01,Final,NA,NA
https://en.usports.ca/sports/fball/2018-19/boxscores/20180901_m4pc.xml,0,1,0,0,2018-19,2018-09-01,Laval,Concordia,9,47, ,2018-09-01,Final,20180901_m4pc,NA
https://en.usports.ca/sports/fball/2018-19/boxscores/20180908_04jo.xml,0,1,0,0,2018-19,2018-09-08,Sherbrooke,Concordia,22,20,0 ,2018-09-01,Final,20180908_04jo,NA
https://en.usports.ca/sports/fball/2018-19/boxscores/20180915_uy3i.xml,0,1,0,0,2018-19,2018-09-15,Concordia,McGill,26,33,6 50th Shaugnessy Cup Classic (Percival Molson Stadium) ,2018-09-01,Final,20180915_uy3i,NA
https://en.usports.ca/sports/fball/2018-19/boxscores/20180922_gjd9.xml,0,1,0,0,2018-19,2018-09-22,Montreal,Concordia,3,75, ,2018-09-01,Final,20180922_gjd9,NA
https://en.usports.ca/sports/fball/2018-19/boxscores/20180929_0lp7.xml,0,1,0,0,2018-19,2018-09-29,Laval,Concordia,2,53, ,2018-09-01,Final,20180929_0lp7,NA
https://en.usports.ca/sports/fball/2018-19/boxscores/20181013_3lae.xml,0,1,0,0,2018-19,2018-10-13,Concordia,Montreal,24,0, ,2018-10-01,Final,20181013_3lae,NA
https://en.usports.ca/sports/fball/2018-19/boxscores/20181020_icqn.xml,0,1,0,0,2018-19,2018-10-20,McGill,Concordia,19,31,9 Concordia Stadium ,2018-10-01,Final,20181020_icqn,NA
https://en.usports.ca/sports/fball/2018-19/boxscores/20181027_hor4.xml,0,1,0,0,2018-19,2018-10-27,Concordia,Sherbrooke,28,21,1 ,2018-10-01,Final,20181027_hor4,NA
https://en.usports.ca/sports/fball/2018-19/boxscores/20180826_07lv.xml,0,1,0,0,2018-19,2018-08-26,Guelph,McMaster,16,15,5 Ron Joyce Stadium ,2018-08-01,Final,20180826_07lv,NA
https://en.usports.ca/sports/fball/2018-19/boxscores/20180903_0lgx.xml,0,1,0,0,2018-19,2018-09-03,York,Guelph,33,18,8 Alumni Stadium ,2018-09-01,Final,20180903_0lgx,NA
https://en.usports.ca/sports/fball/2018-19/boxscores/20180908_rsme.xml,0,1,0,0,2018-19,2018-09-08,Guelph,Ottawa,12,10,0 Gee-Gees Field ,2018-09-01,Final,20180908_rsme,NA
https://en.usports.ca/sports/fball/2018-19/boxscores/20180915_6fq3.xml,0,1,0,0,2018-19,2018-09-15,Guelph,Windsor,20,26,0 Alumni Field ,2018-09-01,Final,20180915_6fq3,NA
https://en.usports.ca/sports/fball/2018-19/boxscores/20180922_ig0q.xml,0,1,0,0,2018-19,2018-09-22,Queen's,Guelph,32,33,2 Alumni Stadium ,2018-09-01,Final,20180922_ig0q,NA
https://en.usports.ca/sports/fball/2018-19/boxscores/20180929_r3b0.xml,0,1,0,0,2018-19,2018-09-29,Guelph,Laurier,24,27,4 University Stadium ,2018-09-01,Final,20180929_r3b0,NA
https://en.usports.ca/sports/fball/2018-19/boxscores/20181013_mcpa.xml,0,1,0,0,2018-19,2018-10-13,Toronto,Guelph,46,8, Alumni Stadium ,2018-10-01,Final,20181013_mcpa,NA
https://en.usports.ca/sports/fball/2018-19/boxscores/20181020_ab1b.xml,0,1,0,0,2018-19,2018-10-20,Waterloo,Guelph,47,44,4 Alumni Stadium ,2018-10-01,Final - 2OT,20181020_ab1b,NA
https://en.usports.ca/sports/fball/2018-19/boxscores/20180817_v73f.xml,1,0,0,0,2018-19,2018-08-17,Laurier,McGill,9,33, Percival Molson Stadium ,2018-08-01,Final,20180817_v73f,NA
https://en.usports.ca/sports/fball/2018-19/boxscores/20180826_lg96.xml,0,1,0,0,2018-19,2018-08-26,Ottawa,Laurier,39,21,1 University Stadium (Forfeit) ,2018-08-01,Final,20180826_lg96,NA
https://en.usports.ca/sports/fball/2018-19/boxscores/20180902_lc55.xml,0,1,0,0,2018-19,2018-09-02,Laurier,Queen's,18,44,8 Richardson Memorial Stadium ,2018-09-01,Final,20180902_lc55,NA
https://en.usports.ca/sports/fball/2018-19/boxscores/20180915_a4et.xml,0,1,0,0,2018-19,2018-09-15,Waterloo,Laurier,32,34,2 University Stadium  ,2018-09-01,Final,20180915_a4et,NA
https://en.usports.ca/sports/fball/2018-19/boxscores/20180922_i37c.xml,0,1,0,0,2018-19,2018-09-22,Laurier,McMaster,21,20,0 Ron Joyce Stadium ,2018-09-01,Final,20180922_i37c,NA
https://en.usports.ca/sports/fball/2018-19/boxscores/20180929_r3b0.xml,0,1,0,0,2018-19,2018-09-29,Guelph,Laurier,24,27,4 University Stadium ,2018-09-01,Final,20180929_r3b0,NA
https://en.usports.ca/sports/fball/2018-19/boxscores/20181005_ag2b.xml,0,1,0,0,2018-19,2018-10-05,Laurier,Carleton,31,37,1 MNP Park ,2018-10-01,Final,20181005_ag2b,NA
https://en.usports.ca/sports/fball/2018-19/boxscores/20181012_oic4.xml,0,1,0,0,2018-19,2018-10-12,Windsor,Laurier,39,24,4 University Stadium ,2018-10-01,Final,20181012_oic4,NA
https://en.usports.ca/sports/fball/2018-19/boxscores/20181020_mg0l.xml,0,1,0,0,2018-19,2018-10-20,Laurier,Western,46,13,3 TD Stadium  Audio,2018-10-01,Final,20181020_mg0l,NA
https://en.usports.ca/sports/fball/2018-19/boxscores/20180824_sota.xml,0,1,0,0,2018-19,2018-08-24,Sherbrooke,Laval,14,1, ,2018-08-01,Final,20180824_sota,NA
https://en.usports.ca/sports/fball/2018-19/boxscores/20180901_m4pc.xml,0,1,0,0,2018-19,2018-09-01,Concordia,Laval,47,9, ,2018-09-01,Final,20180901_m4pc,NA
https://en.usports.ca/sports/fball/2018-19/boxscores/20180908_3z6w.xml,0,1,0,0,2018-19,2018-09-08,Montreal,Laval,12,7, ,2018-09-01,Final,20180908_3z6w,NA
https://en.usports.ca/sports/fball/2018-19/boxscores/20180923_ey63.xml,0,1,0,0,2018-19,2018-09-23,McGill,Laval,53,7, Stade TELUS-UL ,2018-09-01,Final,20180923_ey63,NA
https://en.usports.ca/sports/fball/2018-19/boxscores/20180929_0lp7.xml,0,1,0,0,2018-19,2018-09-29,Concordia,Laval,53,2, ,2018-09-01,Final,20180929_0lp7,NA
https://en.usports.ca/sports/fball/2018-19/boxscores/20181007_m7fd.xml,0,1,0,0,2018-19,2018-10-07,Montreal,Laval,18,15,5 ,2018-10-01,Final - OT,20181007_m7fd,NA
https://en.usports.ca/sports/fball/2018-19/boxscores/20181013_o4vx.xml,0,1,0,0,2018-19,2018-10-13,Laval,McGill,13,57,3 Percival Molson Stadium ,2018-10-01,Final,20181013_o4vx,NA
https://en.usports.ca/sports/fball/2018-19/boxscores/20181021_me4q.xml,0,1,0,0,2018-19,2018-10-21,Sherbrooke,Laval,53,0, ,2018-10-01,Final,20181021_me4q,NA
https://en.usports.ca/sports/fball/2018-19/boxscores/20180822_947o.xml,1,0,0,0,2018-19,2018-08-22,Manitoba,Regina,32,27,7 Pre-season  ,2018-08-01,Final,20180822_947o,NA
https://en.usports.ca/sports/fball/2018-19/boxscores/20180901_glss.xml,0,1,0,0,2018-19,2018-09-01,Manitoba,UBC,30,20,0 Video  ,2018-09-01,Final,20180901_glss,NA
https://en.usports.ca/sports/fball/2018-19/boxscores/20180907_8lzk.xml,0,1,0,0,2018-19,2018-09-07,Saskatchewan,Manitoba,46,48,"6 CW FB Showcase - SaskTel, TELUS, Bell MTS Video  ",2018-09-01,Final,20180907_8lzk,NA
https://en.usports.ca/sports/fball/2018-19/boxscores/20180915_gcz7.xml,0,1,0,0,2018-19,2018-09-15,Alberta,Manitoba,37,21,1 Video  ,2018-09-01,Final,20180915_gcz7,NA
https://en.usports.ca/sports/fball/2018-19/boxscores/20180921_esoj.xml,0,1,0,0,2018-19,2018-09-21,Manitoba,Alberta,27,37,7 Video  ,2018-09-01,Final,20180921_esoj,NA
https://en.usports.ca/sports/fball/2018-19/boxscores/20180929_j3rg.xml,0,1,0,0,2018-19,2018-09-29,Regina,Manitoba,1,0, * REG forfeits (ineligible player) Video  ,2018-09-01,Final - OT,20180929_j3rg,NA
https://en.usports.ca/sports/fball/2018-19/boxscores/20181012_s4fs.xml,0,1,0,0,2018-19,2018-10-12,Manitoba,Calgary,34,16,6 Video  ,2018-10-01,Final,20181012_s4fs,NA
https://en.usports.ca/sports/fball/2018-19/boxscores/20181020_2h9k.xml,0,1,0,0,2018-19,2018-10-20,Manitoba,Saskatchewan,27,4," CW FB Showcase - SaskTel, TELUS, Bell MTS Video  ",2018-10-01,Final,20181020_2h9k,NA
https://en.usports.ca/sports/fball/2018-19/boxscores/20181027_hmuz.xml,0,1,0,0,2018-19,2018-10-27,UBC,Manitoba,34,38,4 Video  ,2018-10-01,Final - OT,20181027_hmuz,NA
https://en.usports.ca/sports/fball/2018-19/boxscores/20180817_v73f.xml,1,0,0,0,2018-19,2018-08-17,Laurier,McGill,9,33, Percival Molson Stadium ,2018-08-01,Final,20180817_v73f,NA
https://en.usports.ca/sports/fball/2018-19/boxscores/20180824_kc7z.xml,0,1,0,0,2018-19,2018-08-24,McGill,Montreal,33,0, Stade CEPSUM  ,2018-08-01,Final,20180824_kc7z,NA
https://en.usports.ca/sports/fball/2018-19/boxscores/20180901_gexe.xml,0,1,0,0,2018-19,2018-09-01,Sherbrooke,McGill,19,8, Percival Molson Stadium Video ,2018-09-01,Final,20180901_gexe,NA
https://en.usports.ca/sports/fball/2018-19/boxscores/20180915_uy3i.xml,0,1,0,0,2018-19,2018-09-15,Concordia,McGill,26,33,6 50th Shaugnessy Cup Classic (Percival Molson Stadium) ,2018-09-01,Final,20180915_uy3i,NA
https://en.usports.ca/sports/fball/2018-19/boxscores/20180923_ey63.xml,0,1,0,0,2018-19,2018-09-23,McGill,Laval,53,7, Stade TELUS-UL ,2018-09-01,Final,20180923_ey63,NA
https://en.usports.ca/sports/fball/2018-19/boxscores/20181005_1kb5.xml,0,1,0,0,2018-19,2018-10-05,McGill,Sherbrooke,14,13,3 Stade de l'Université ,2018-10-01,Final,20181005_1kb5,NA
https://en.usports.ca/sports/fball/2018-19/boxscores/20181013_o4vx.xml,0,1,0,0,2018-19,2018-10-13,Laval,McGill,13,57,3 Percival Molson Stadium ,2018-10-01,Final,20181013_o4vx,NA
https://en.usports.ca/sports/fball/2018-19/boxscores/20181020_icqn.xml,0,1,0,0,2018-19,2018-10-20,McGill,Concordia,19,31,9 Concordia Stadium ,2018-10-01,Final,20181020_icqn,NA
https://en.usports.ca/sports/fball/2018-19/boxscores/20181027_rv3c.xml,0,1,0,0,2018-19,2018-10-27,Montreal,McGill,0,16, Percival Molson Stadium ,2018-10-01,Final,20181027_rv3c,NA
https://en.usports.ca/sports/fball/2018-19/boxscores/20180826_07lv.xml,0,1,0,0,2018-19,2018-08-26,Guelph,McMaster,16,15,5 Ron Joyce Stadium ,2018-08-01,Final,20180826_07lv,NA
https://en.usports.ca/sports/fball/2018-19/boxscores/20180902_ne0z.xml,0,1,0,0,2018-19,2018-09-02,McMaster,Ottawa,18,11,1 Gee-Gees Field ,2018-09-01,Final,20180902_ne0z,NA
https://en.usports.ca/sports/fball/2018-19/boxscores/20180908_fluf.xml,0,1,0,0,2018-19,2018-09-08,McMaster,Western,44,6, TD Stadium  Audio,2018-09-01,Final,20180908_fluf,NA
https://en.usports.ca/sports/fball/2018-19/boxscores/20180915_5ir3.xml,0,1,0,0,2018-19,2018-09-15,Toronto,McMaster,37,3, Ron Joyce Stadium ,2018-09-01,Final,20180915_5ir3,NA
https://en.usports.ca/sports/fball/2018-19/boxscores/20180922_i37c.xml,0,1,0,0,2018-19,2018-09-22,Laurier,McMaster,21,20,0 Ron Joyce Stadium ,2018-09-01,Final,20180922_i37c,NA
https://en.usports.ca/sports/fball/2018-19/boxscores/20181005_xe2l.xml,0,1,0,0,2018-19,2018-10-05,Queen's,McMaster,27,24,4 Ron Joyce Stadium ,2018-10-01,Final,20181005_xe2l,NA
https://en.usports.ca/sports/fball/2018-19/boxscores/20181013_jul2.xml,0,1,0,0,2018-19,2018-10-13,McMaster,Waterloo,34,16,6 Warrior Field ,2018-10-01,Final,20181013_jul2,NA
https://en.usports.ca/sports/fball/2018-19/boxscores/20181020_bxxo.xml,0,1,0,0,2018-19,2018-10-20,McMaster,Windsor,5,17, Alumni Field ,2018-10-01,Final,20181020_bxxo,NA
https://en.usports.ca/sports/fball/2018-19/boxscores/20180824_kc7z.xml,0,1,0,0,2018-19,2018-08-24,McGill,Montreal,33,0, Stade CEPSUM  ,2018-08-01,Final,20180824_kc7z,NA
https://en.usports.ca/sports/fball/2018-19/boxscores/20180908_3z6w.xml,0,1,0,0,2018-19,2018-09-08,Laval,Montreal,7,12, ,2018-09-01,Final,20180908_3z6w,NA
https://en.usports.ca/sports/fball/2018-19/boxscores/20180915_zrha.xml,0,1,0,0,2018-19,2018-09-15,Sherbrooke,Montreal,43,11,1 ,2018-09-01,Final,20180915_zrha,NA
https://en.usports.ca/sports/fball/2018-19/boxscores/20180922_gjd9.xml,0,1,0,0,2018-19,2018-09-22,Concordia,Montreal,75,3, ,2018-09-01,Final,20180922_gjd9,NA
https://en.usports.ca/sports/fball/2018-19/boxscores/20180928_hs5k.xml,0,1,0,0,2018-19,2018-09-28,Sherbrooke,Montreal,43,2,  ,2018-09-01,Final,20180928_hs5k,NA
https://en.usports.ca/sports/fball/2018-19/boxscores/20181007_m7fd.xml,0,1,0,0,2018-19,2018-10-07,Laval,Montreal,15,18,5 ,2018-10-01,Final - OT,20181007_m7fd,NA
https://en.usports.ca/sports/fball/2018-19/boxscores/20181013_3lae.xml,0,1,0,0,2018-19,2018-10-13,Concordia,Montreal,24,0, ,2018-10-01,Final,20181013_3lae,NA
https://en.usports.ca/sports/fball/2018-19/boxscores/20181027_rv3c.xml,0,1,0,0,2018-19,2018-10-27,Montreal,McGill,0,16, Percival Molson Stadium ,2018-10-01,Final,20181027_rv3c,NA
NA,1,0,0,0,2018-19,NA,Mount Allison,Saint Mary's,25,13,3 (Pre-season),2018-08-01,Final,NA,NA
https://en.usports.ca/sports/fball/2018-19/boxscores/20180825_ixs4.xml,0,1,0,0,2018-19,2018-08-25,Bishop's,Mount Allison,36,22,2   ,2018-08-01,Final,20180825_ixs4,NA
https://en.usports.ca/sports/fball/2018-19/boxscores/20180908_4mbv.xml,0,1,0,0,2018-19,2018-09-08,Saint Mary's,Mount Allison,13,25,3   More  ,2018-09-01,Final,20180908_4mbv,NA
https://en.usports.ca/sports/fball/2018-19/boxscores/20180915_sc2x.xml,0,1,0,0,2018-19,2018-09-15,Mount Allison,Acadia,38,26,6   More   ,2018-09-01,Final,20180915_sc2x,NA
https://en.usports.ca/sports/fball/2018-19/boxscores/20180922_pgx8.xml,0,1,0,0,2018-19,2018-09-22,StFX,Mount Allison,27,35,7   More  ,2018-09-01,Final,20180922_pgx8,NA
https://en.usports.ca/sports/fball/2018-19/boxscores/20180929_w7i8.xml,0,1,0,0,2018-19,2018-09-29,Mount Allison,Bishop's,10,18,0   ,2018-09-01,Final,20180929_w7i8,NA
https://en.usports.ca/sports/fball/2018-19/boxscores/20181013_jukn.xml,0,1,0,0,2018-19,2018-10-13,Mount Allison,Saint Mary's,28,16,6   More  ,2018-10-01,Final,20181013_jukn,NA
https://en.usports.ca/sports/fball/2018-19/boxscores/20181020_lg2h.xml,0,1,0,0,2018-19,2018-10-20,Acadia,Mount Allison,11,27,1   More  ,2018-10-01,Final,20181020_lg2h,NA
https://en.usports.ca/sports/fball/2018-19/boxscores/20181027_o485.xml,0,1,0,0,2018-19,2018-10-27,Mount Allison,StFX,38,15,5   ,2018-10-01,Final,20181027_o485,NA
https://en.usports.ca/sports/fball/2018-19/boxscores/20180826_lg96.xml,0,1,0,0,2018-19,2018-08-26,Ottawa,Laurier,39,21,1 University Stadium (Forfeit) ,2018-08-01,Final,20180826_lg96,NA
https://en.usports.ca/sports/fball/2018-19/boxscores/20180902_ne0z.xml,0,1,0,0,2018-19,2018-09-02,McMaster,Ottawa,18,11,1 Gee-Gees Field ,2018-09-01,Final,20180902_ne0z,NA
https://en.usports.ca/sports/fball/2018-19/boxscores/20180908_rsme.xml,0,1,0,0,2018-19,2018-09-08,Guelph,Ottawa,12,10,0 Gee-Gees Field ,2018-09-01,Final,20180908_rsme,NA
https://en.usports.ca/sports/fball/2018-19/boxscores/20180922_t0we.xml,0,1,0,0,2018-19,2018-09-22,York,Ottawa,42,16,6 Gee-Gees Field ,2018-09-01,Final,20180922_t0we,NA
https://en.usports.ca/sports/fball/2018-19/boxscores/20180929_2tn6.xml,0,1,0,0,2018-19,2018-09-29,Carleton,Ottawa,38,27,7 50th Panda Game - TD Place ,2018-09-01,Final,20180929_2tn6,NA
https://en.usports.ca/sports/fball/2018-19/boxscores/20181004_68l7.xml,0,1,0,0,2018-19,2018-10-04,Ottawa,Toronto,21,53,1 Varsity Stadium ,2018-10-01,Final,20181004_68l7,NA
https://en.usports.ca/sports/fball/2018-19/boxscores/20181013_mm71.xml,0,1,0,0,2018-19,2018-10-13,Western,Ottawa,0,33, Gee-Gees Field ,2018-10-01,Final,20181013_mm71,NA
https://en.usports.ca/sports/fball/2018-19/boxscores/20181020_lyk0.xml,0,1,0,0,2018-19,2018-10-20,Ottawa,Queen's,22,27,2 Richardson Memorial Stadium Video ,2018-10-01,Final,20181020_lyk0,NA
https://en.usports.ca/sports/fball/2018-19/boxscores/20180818_i1hu.xml,1,0,0,0,2018-19,2018-08-18,Waterloo,Queen's,42,11,1 Exhibition ,2018-08-01,Final,20180818_i1hu,NA
https://en.usports.ca/sports/fball/2018-19/boxscores/20180826_tvxy.xml,0,1,0,0,2018-19,2018-08-26,Queen's,York,21,42,1 Alumni Field ,2018-08-01,Final,20180826_tvxy,NA
https://en.usports.ca/sports/fball/2018-19/boxscores/20180902_lc55.xml,0,1,0,0,2018-19,2018-09-02,Laurier,Queen's,18,44,8 Richardson Memorial Stadium ,2018-09-01,Final,20180902_lc55,NA
https://en.usports.ca/sports/fball/2018-19/boxscores/20180908_6asd.xml,0,1,0,0,2018-19,2018-09-08,Toronto,Queen's,43,7, Richardson Memorial Stadium ,2018-09-01,Final,20180908_6asd,NA
https://en.usports.ca/sports/fball/2018-19/boxscores/20180915_6oyi.xml,0,1,0,0,2018-19,2018-09-15,Queen's,Carleton,42,39,9 MNP Park ,2018-09-01,Final - 2OT,20180915_6oyi,NA
https://en.usports.ca/sports/fball/2018-19/boxscores/20180922_ig0q.xml,0,1,0,0,2018-19,2018-09-22,Queen's,Guelph,32,33,2 Alumni Stadium ,2018-09-01,Final,20180922_ig0q,NA
https://en.usports.ca/sports/fball/2018-19/boxscores/20180929_9whz.xml,0,1,0,0,2018-19,2018-09-29,Western,Queen's,23,26,3 Richardson Memorial Stadium ,2018-09-01,Final,20180929_9whz,NA
https://en.usports.ca/sports/fball/2018-19/boxscores/20181005_xe2l.xml,0,1,0,0,2018-19,2018-10-05,Queen's,McMaster,27,24,4 Ron Joyce Stadium ,2018-10-01,Final,20181005_xe2l,NA
https://en.usports.ca/sports/fball/2018-19/boxscores/20181020_lyk0.xml,0,1,0,0,2018-19,2018-10-20,Ottawa,Queen's,22,27,2 Richardson Memorial Stadium Video ,2018-10-01,Final,20181020_lyk0,NA
https://en.usports.ca/sports/fball/2018-19/boxscores/20180822_947o.xml,1,0,0,0,2018-19,2018-08-22,Manitoba,Regina,32,27,7 Pre-season  ,2018-08-01,Final,20180822_947o,NA
https://en.usports.ca/sports/fball/2018-19/boxscores/20180831_4nc4.xml,0,1,0,0,2018-19,2018-08-31,Calgary,Regina,35,49,"5 * REG forfeits (ineligible player) / CW FB Showcase - SaskTel, TELUS, Bell MTS Video  ",2018-08-01,Final,20180831_4nc4,NA
https://en.usports.ca/sports/fball/2018-19/boxscores/20180907_1yaq.xml,0,1,0,0,2018-19,2018-09-07,Regina,Alberta,1,0, * REG forfeits (ineligible player) Video  ,2018-09-01,Final,20180907_1yaq,NA
https://en.usports.ca/sports/fball/2018-19/boxscores/20180914_tjmo.xml,0,1,0,0,2018-19,2018-09-14,UBC,Regina,0,1," * REG forfeits (ineligible player) / CW FB Showcase - SaskTel, TELUS, Bell MTS Video  ",2018-09-01,Final,20180914_tjmo,NA
https://en.usports.ca/sports/fball/2018-19/boxscores/20180921_w0jn.xml,0,1,0,0,2018-19,2018-09-21,Regina,Saskatchewan,33,20,"0 * REG forfeits (ineligible player) / CW FB Showcase - SaskTel, TELUS, Bell MTS Video  ",2018-09-01,Final,20180921_w0jn,NA
https://en.usports.ca/sports/fball/2018-19/boxscores/20180929_j3rg.xml,0,1,0,0,2018-19,2018-09-29,Regina,Manitoba,1,0, * REG forfeits (ineligible player) Video  ,2018-09-01,Final - OT,20180929_j3rg,NA
https://en.usports.ca/sports/fball/2018-19/boxscores/20181012_v2w5.xml,0,1,0,0,2018-19,2018-10-12,Alberta,Regina,32,17,"7 CW FB Showcase - SaskTel, TELUS, Bell MTS Video  ",2018-10-01,Final,20181012_v2w5,NA
https://en.usports.ca/sports/fball/2018-19/boxscores/20181019_502c.xml,0,1,0,0,2018-19,2018-10-19,Regina,Calgary,58,6," CW FB Showcase - SaskTel, TELUS, Bell MTS Video Video More  ",2018-10-01,Final,20181019_502c,NA
https://en.usports.ca/sports/fball/2018-19/boxscores/20181026_42tl.xml,0,1,0,0,2018-19,2018-10-26,Saskatchewan,Regina,14,57,"4 CW FB Showcase - SaskTel, TELUS, Bell MTS Video  ",2018-10-01,Final,20181026_42tl,NA
NA,1,0,0,0,2018-19,NA,Mount Allison,Saint Mary's,25,13,3 (Pre-season),2018-08-01,Final,NA,NA
https://en.usports.ca/sports/fball/2018-19/boxscores/20180824_rrhs.xml,0,1,0,0,2018-19,2018-08-24,StFX,Saint Mary's,20,13,3   More  ,2018-08-01,Final,20180824_rrhs,NA
https://en.usports.ca/sports/fball/2018-19/boxscores/20180901_qr3s.xml,0,1,0,0,2018-19,2018-09-01,Saint Mary's,Bishop's,19,42,9   ,2018-09-01,Final,20180901_qr3s,NA
https://en.usports.ca/sports/fball/2018-19/boxscores/20180908_4mbv.xml,0,1,0,0,2018-19,2018-09-08,Saint Mary's,Mount Allison,13,25,3   More  ,2018-09-01,Final,20180908_4mbv,NA
https://en.usports.ca/sports/fball/2018-19/boxscores/20180921_vrlp.xml,0,1,0,0,2018-19,2018-09-21,Acadia,Saint Mary's,26,16,6   More  ,2018-09-01,Final,20180921_vrlp,NA
https://en.usports.ca/sports/fball/2018-19/boxscores/20180929_vawp.xml,0,1,0,0,2018-19,2018-09-29,Saint Mary's,StFX,24,27,4   More  ,2018-09-01,Final,20180929_vawp,NA
https://en.usports.ca/sports/fball/2018-19/boxscores/20181006_pb18.xml,0,1,0,0,2018-19,2018-10-06,Bishop's,Saint Mary's,18,9,  ,2018-10-01,Final,20181006_pb18,NA
https://en.usports.ca/sports/fball/2018-19/boxscores/20181013_jukn.xml,0,1,0,0,2018-19,2018-10-13,Mount Allison,Saint Mary's,28,16,6   More  ,2018-10-01,Final,20181013_jukn,NA
https://en.usports.ca/sports/fball/2018-19/boxscores/20181027_wqfv.xml,0,1,0,0,2018-19,2018-10-27,Saint Mary's,Acadia,31,2,   More  ,2018-10-01,Final,20181027_wqfv,NA
https://en.usports.ca/sports/fball/2018-19/boxscores/20180831_vre3.xml,0,1,0,0,2018-19,2018-08-31,Alberta,Saskatchewan,42,0," CW FB Showcase - SaskTel, TELUS Video  ",2018-08-01,Final,20180831_vre3,NA
https://en.usports.ca/sports/fball/2018-19/boxscores/20180907_8lzk.xml,0,1,0,0,2018-19,2018-09-07,Saskatchewan,Manitoba,46,48,"6 CW FB Showcase - SaskTel, TELUS, Bell MTS Video  ",2018-09-01,Final,20180907_8lzk,NA
https://en.usports.ca/sports/fball/2018-19/boxscores/20180914_emun.xml,0,1,0,0,2018-19,2018-09-14,Calgary,Saskatchewan,28,37,"8 CW FB Showcase - SaskTel, TELUS, Bell MTS Video  More  ",2018-09-01,Final,20180914_emun,NA
https://en.usports.ca/sports/fball/2018-19/boxscores/20180921_w0jn.xml,0,1,0,0,2018-19,2018-09-21,Regina,Saskatchewan,33,20,"0 * REG forfeits (ineligible player) / CW FB Showcase - SaskTel, TELUS, Bell MTS Video  ",2018-09-01,Final,20180921_w0jn,NA
https://en.usports.ca/sports/fball/2018-19/boxscores/20180929_0tlm.xml,0,1,0,0,2018-19,2018-09-29,Saskatchewan,Calgary,33,13,3 Video  ,2018-09-01,Final,20180929_0tlm,NA
https://en.usports.ca/sports/fball/2018-19/boxscores/20181012_dftm.xml,0,1,0,0,2018-19,2018-10-12,Saskatchewan,UBC,20,10,0 Video  ,2018-10-01,Final,20181012_dftm,NA
https://en.usports.ca/sports/fball/2018-19/boxscores/20181020_2h9k.xml,0,1,0,0,2018-19,2018-10-20,Manitoba,Saskatchewan,27,4," CW FB Showcase - SaskTel, TELUS, Bell MTS Video  ",2018-10-01,Final,20181020_2h9k,NA
https://en.usports.ca/sports/fball/2018-19/boxscores/20181026_42tl.xml,0,1,0,0,2018-19,2018-10-26,Saskatchewan,Regina,14,57,"4 CW FB Showcase - SaskTel, TELUS, Bell MTS Video  ",2018-10-01,Final,20181026_42tl,NA
NA,1,0,0,0,2018-19,NA,Sherbrooke,Bishop's,0,42, (Pre-season),2018-08-01,Final,NA,NA
https://en.usports.ca/sports/fball/2018-19/boxscores/20180824_sota.xml,0,1,0,0,2018-19,2018-08-24,Laval,Sherbrooke,1,14, ,2018-08-01,Final,20180824_sota,NA
https://en.usports.ca/sports/fball/2018-19/boxscores/20180901_gexe.xml,0,1,0,0,2018-19,2018-09-01,Sherbrooke,McGill,19,8, Percival Molson Stadium Video ,2018-09-01,Final,20180901_gexe,NA
https://en.usports.ca/sports/fball/2018-19/boxscores/20180908_04jo.xml,0,1,0,0,2018-19,2018-09-08,Concordia,Sherbrooke,20,22,0 ,2018-09-01,Final,20180908_04jo,NA
https://en.usports.ca/sports/fball/2018-19/boxscores/20180915_zrha.xml,0,1,0,0,2018-19,2018-09-15,Montreal,Sherbrooke,11,43,1 ,2018-09-01,Final,20180915_zrha,NA
https://en.usports.ca/sports/fball/2018-19/boxscores/20180928_hs5k.xml,0,1,0,0,2018-19,2018-09-28,Sherbrooke,Montreal,43,2,  ,2018-09-01,Final,20180928_hs5k,NA
https://en.usports.ca/sports/fball/2018-19/boxscores/20181005_1kb5.xml,0,1,0,0,2018-19,2018-10-05,McGill,Sherbrooke,14,13,3 Stade de l'Université ,2018-10-01,Final,20181005_1kb5,NA
https://en.usports.ca/sports/fball/2018-19/boxscores/20181021_me4q.xml,0,1,0,0,2018-19,2018-10-21,Laval,Sherbrooke,0,53, ,2018-10-01,Final,20181021_me4q,NA
https://en.usports.ca/sports/fball/2018-19/boxscores/20181027_hor4.xml,0,1,0,0,2018-19,2018-10-27,Concordia,Sherbrooke,28,21,1 ,2018-10-01,Final,20181027_hor4,NA
NA,1,0,0,0,2018-19,NA,Acadia,StFX,4,15, (Pre-Season)  ,2018-08-01,Final,NA,NA
https://en.usports.ca/sports/fball/2018-19/boxscores/20180824_rrhs.xml,0,1,0,0,2018-19,2018-08-24,StFX,Saint Mary's,20,13,3   More  ,2018-08-01,Final,20180824_rrhs,NA
https://en.usports.ca/sports/fball/2018-19/boxscores/20180831_cmmn.xml,0,1,0,0,2018-19,2018-08-31,Acadia,StFX,30,24,4   More  ,2018-08-01,Final - OT,20180831_cmmn,NA
https://en.usports.ca/sports/fball/2018-19/boxscores/20180915_0pwm.xml,0,1,0,0,2018-19,2018-09-15,Bishop's,StFX,42,2,   ,2018-09-01,Final,20180915_0pwm,NA
https://en.usports.ca/sports/fball/2018-19/boxscores/20180922_pgx8.xml,0,1,0,0,2018-19,2018-09-22,StFX,Mount Allison,27,35,7   More  ,2018-09-01,Final,20180922_pgx8,NA
https://en.usports.ca/sports/fball/2018-19/boxscores/20180929_vawp.xml,0,1,0,0,2018-19,2018-09-29,Saint Mary's,StFX,24,27,4   More  ,2018-09-01,Final,20180929_vawp,NA
https://en.usports.ca/sports/fball/2018-19/boxscores/20181005_hlor.xml,0,1,0,0,2018-19,2018-10-05,StFX,Acadia,30,33,0   More  ,2018-10-01,Final,20181005_hlor,NA
https://en.usports.ca/sports/fball/2018-19/boxscores/20181020_nqr1.xml,0,1,0,0,2018-19,2018-10-20,StFX,Bishop's,11,12,1   ,2018-10-01,Final,20181020_nqr1,NA
https://en.usports.ca/sports/fball/2018-19/boxscores/20181027_o485.xml,0,1,0,0,2018-19,2018-10-27,Mount Allison,StFX,38,15,5   ,2018-10-01,Final,20181027_o485,NA
https://en.usports.ca/sports/fball/2018-19/boxscores/20180901_42ie.xml,0,1,0,0,2018-19,2018-09-01,Waterloo,Toronto,18,41,8 Varsity Stadium ,2018-09-01,Final,20180901_42ie,NA
https://en.usports.ca/sports/fball/2018-19/boxscores/20180908_6asd.xml,0,1,0,0,2018-19,2018-09-08,Toronto,Queen's,43,7, Richardson Memorial Stadium ,2018-09-01,Final,20180908_6asd,NA
https://en.usports.ca/sports/fball/2018-19/boxscores/20180915_5ir3.xml,0,1,0,0,2018-19,2018-09-15,Toronto,McMaster,37,3, Ron Joyce Stadium ,2018-09-01,Final,20180915_5ir3,NA
https://en.usports.ca/sports/fball/2018-19/boxscores/20180922_oajk.xml,0,1,0,0,2018-19,2018-09-22,Carleton,Toronto,26,38,6 Varsity Stadium ,2018-09-01,Final,20180922_oajk,NA
https://en.usports.ca/sports/fball/2018-19/boxscores/20180929_gaz5.xml,0,1,0,0,2018-19,2018-09-29,Toronto,Windsor,26,24,4 Alumni Field ,2018-09-01,Final,20180929_gaz5,NA
https://en.usports.ca/sports/fball/2018-19/boxscores/20181004_68l7.xml,0,1,0,0,2018-19,2018-10-04,Ottawa,Toronto,21,53,1 Varsity Stadium ,2018-10-01,Final,20181004_68l7,NA
https://en.usports.ca/sports/fball/2018-19/boxscores/20181013_mcpa.xml,0,1,0,0,2018-19,2018-10-13,Toronto,Guelph,46,8, Alumni Stadium ,2018-10-01,Final,20181013_mcpa,NA
https://en.usports.ca/sports/fball/2018-19/boxscores/20181020_bwva.xml,0,1,0,0,2018-19,2018-10-20,York,Toronto,15,31,5 Varsity Stadium ,2018-10-01,Final,20181020_bwva,NA
https://en.usports.ca/sports/fball/2018-19/boxscores/20180901_glss.xml,0,1,0,0,2018-19,2018-09-01,Manitoba,UBC,30,20,0 Video  ,2018-09-01,Final,20180901_glss,NA
https://en.usports.ca/sports/fball/2018-19/boxscores/20180907_3lv6.xml,0,1,0,0,2018-19,2018-09-07,UBC,Calgary,57,7, Video  ,2018-09-01,Final,20180907_3lv6,NA
https://en.usports.ca/sports/fball/2018-19/boxscores/20180914_tjmo.xml,0,1,0,0,2018-19,2018-09-14,UBC,Regina,0,1," * REG forfeits (ineligible player) / CW FB Showcase - SaskTel, TELUS, Bell MTS Video  ",2018-09-01,Final,20180914_tjmo,NA
https://en.usports.ca/sports/fball/2018-19/boxscores/20180922_ptlk.xml,0,1,0,0,2018-19,2018-09-22,Calgary,UBC,28,32,"8 CW FB Showcase - SaskTel, TELUS, Bell MTS Video  ",2018-09-01,Final,20180922_ptlk,NA
https://en.usports.ca/sports/fball/2018-19/boxscores/20180928_26fx.xml,0,1,0,0,2018-19,2018-09-28,UBC,Alberta,26,21,"1 CW FB Showcase - SaskTel, TELUS, Bell MTS Video  ",2018-09-01,Final,20180928_26fx,NA
https://en.usports.ca/sports/fball/2018-19/boxscores/20181012_dftm.xml,0,1,0,0,2018-19,2018-10-12,Saskatchewan,UBC,20,10,0 Video  ,2018-10-01,Final,20181012_dftm,NA
https://en.usports.ca/sports/fball/2018-19/boxscores/20181020_trt4.xml,0,1,0,0,2018-19,2018-10-20,Alberta,UBC,30,11,1 Video  ,2018-10-01,Final,20181020_trt4,NA
https://en.usports.ca/sports/fball/2018-19/boxscores/20181027_hmuz.xml,0,1,0,0,2018-19,2018-10-27,UBC,Manitoba,34,38,4 Video  ,2018-10-01,Final - OT,20181027_hmuz,NA
https://en.usports.ca/sports/fball/2018-19/boxscores/20180818_i1hu.xml,1,0,0,0,2018-19,2018-08-18,Waterloo,Queen's,42,11,1 Exhibition ,2018-08-01,Final,20180818_i1hu,NA
https://en.usports.ca/sports/fball/2018-19/boxscores/20180826_ddvo.xml,0,1,0,0,2018-19,2018-08-26,Windsor,Waterloo,53,37,7 Warrior Field ,2018-08-01,Final,20180826_ddvo,NA
https://en.usports.ca/sports/fball/2018-19/boxscores/20180901_42ie.xml,0,1,0,0,2018-19,2018-09-01,Waterloo,Toronto,18,41,8 Varsity Stadium ,2018-09-01,Final,20180901_42ie,NA
https://en.usports.ca/sports/fball/2018-19/boxscores/20180908_4crd.xml,0,1,0,0,2018-19,2018-09-08,Carleton,Waterloo,18,21,8 Warrior Field ,2018-09-01,Final,20180908_4crd,NA
https://en.usports.ca/sports/fball/2018-19/boxscores/20180915_a4et.xml,0,1,0,0,2018-19,2018-09-15,Waterloo,Laurier,32,34,2 University Stadium  ,2018-09-01,Final,20180915_a4et,NA
https://en.usports.ca/sports/fball/2018-19/boxscores/20180922_27q1.xml,0,1,0,0,2018-19,2018-09-22,Western,Waterloo,7,67, Warrior Field ,2018-09-01,Final,20180922_27q1,NA
https://en.usports.ca/sports/fball/2018-19/boxscores/20180929_mn3q.xml,0,1,0,0,2018-19,2018-09-29,Waterloo,York,34,32,2 Alumni Field ,2018-09-01,Final,20180929_mn3q,NA
https://en.usports.ca/sports/fball/2018-19/boxscores/20181013_jul2.xml,0,1,0,0,2018-19,2018-10-13,McMaster,Waterloo,34,16,6 Warrior Field ,2018-10-01,Final,20181013_jul2,NA
https://en.usports.ca/sports/fball/2018-19/boxscores/20181020_ab1b.xml,0,1,0,0,2018-19,2018-10-20,Waterloo,Guelph,47,44,4 Alumni Stadium ,2018-10-01,Final - 2OT,20181020_ab1b,NA
https://en.usports.ca/sports/fball/2018-19/boxscores/20180826_hre8.xml,0,1,0,0,2018-19,2018-08-26,Western,Carleton,23,26,3 MNP Park ,2018-08-01,Final - OT,20180826_hre8,NA
https://en.usports.ca/sports/fball/2018-19/boxscores/20180908_fluf.xml,0,1,0,0,2018-19,2018-09-08,McMaster,Western,44,6, TD Stadium  Audio,2018-09-01,Final,20180908_fluf,NA
https://en.usports.ca/sports/fball/2018-19/boxscores/20180915_ojga.xml,0,1,0,0,2018-19,2018-09-15,York,Western,76,3, TD Stadium  Audio,2018-09-01,Final,20180915_ojga,NA
https://en.usports.ca/sports/fball/2018-19/boxscores/20180922_27q1.xml,0,1,0,0,2018-19,2018-09-22,Western,Waterloo,7,67, Warrior Field ,2018-09-01,Final,20180922_27q1,NA
https://en.usports.ca/sports/fball/2018-19/boxscores/20180929_9whz.xml,0,1,0,0,2018-19,2018-09-29,Western,Queen's,23,26,3 Richardson Memorial Stadium ,2018-09-01,Final,20180929_9whz,NA
https://en.usports.ca/sports/fball/2018-19/boxscores/20181004_hpb5.xml,0,1,0,0,2018-19,2018-10-04,Windsor,Western,66,14,4 TD Stadium  Audio,2018-10-01,Final,20181004_hpb5,NA
https://en.usports.ca/sports/fball/2018-19/boxscores/20181013_mm71.xml,0,1,0,0,2018-19,2018-10-13,Western,Ottawa,0,33, Gee-Gees Field ,2018-10-01,Final,20181013_mm71,NA
https://en.usports.ca/sports/fball/2018-19/boxscores/20181020_mg0l.xml,0,1,0,0,2018-19,2018-10-20,Laurier,Western,46,13,3 TD Stadium  Audio,2018-10-01,Final,20181020_mg0l,NA
https://en.usports.ca/sports/fball/2018-19/boxscores/20180826_ddvo.xml,0,1,0,0,2018-19,2018-08-26,Windsor,Waterloo,53,37,7 Warrior Field ,2018-08-01,Final,20180826_ddvo,NA
https://en.usports.ca/sports/fball/2018-19/boxscores/20180903_6rbe.xml,0,1,0,0,2018-19,2018-09-03,Carleton,Windsor,20,38,0 Alumni Field ,2018-09-01,Final,20180903_6rbe,NA
https://en.usports.ca/sports/fball/2018-19/boxscores/20180907_p3e1.xml,0,1,0,0,2018-19,2018-09-07,Windsor,York,29,22,2 Alumni Field ,2018-09-01,Final,20180907_p3e1,NA
https://en.usports.ca/sports/fball/2018-19/boxscores/20180915_6fq3.xml,0,1,0,0,2018-19,2018-09-15,Guelph,Windsor,20,26,0 Alumni Field ,2018-09-01,Final,20180915_6fq3,NA
https://en.usports.ca/sports/fball/2018-19/boxscores/20180929_gaz5.xml,0,1,0,0,2018-19,2018-09-29,Toronto,Windsor,26,24,4 Alumni Field ,2018-09-01,Final,20180929_gaz5,NA
https://en.usports.ca/sports/fball/2018-19/boxscores/20181004_hpb5.xml,0,1,0,0,2018-19,2018-10-04,Windsor,Western,66,14,4 TD Stadium  Audio,2018-10-01,Final,20181004_hpb5,NA
https://en.usports.ca/sports/fball/2018-19/boxscores/20181012_oic4.xml,0,1,0,0,2018-19,2018-10-12,Windsor,Laurier,39,24,4 University Stadium ,2018-10-01,Final,20181012_oic4,NA
https://en.usports.ca/sports/fball/2018-19/boxscores/20181020_bxxo.xml,0,1,0,0,2018-19,2018-10-20,McMaster,Windsor,5,17, Alumni Field ,2018-10-01,Final,20181020_bxxo,NA
NA,1,0,0,0,2018-19,NA,York,Concordia,23,17,7 Preseason game,2018-08-01,Final,NA,NA
https://en.usports.ca/sports/fball/2018-19/boxscores/20180826_tvxy.xml,0,1,0,0,2018-19,2018-08-26,Queen's,York,21,42,1 Alumni Field ,2018-08-01,Final,20180826_tvxy,NA
https://en.usports.ca/sports/fball/2018-19/boxscores/20180903_0lgx.xml,0,1,0,0,2018-19,2018-09-03,York,Guelph,33,18,8 Alumni Stadium ,2018-09-01,Final,20180903_0lgx,NA
https://en.usports.ca/sports/fball/2018-19/boxscores/20180907_p3e1.xml,0,1,0,0,2018-19,2018-09-07,Windsor,York,29,22,2 Alumni Field ,2018-09-01,Final,20180907_p3e1,NA
https://en.usports.ca/sports/fball/2018-19/boxscores/20180915_ojga.xml,0,1,0,0,2018-19,2018-09-15,York,Western,76,3, TD Stadium  Audio,2018-09-01,Final,20180915_ojga,NA
https://en.usports.ca/sports/fball/2018-19/boxscores/20180922_t0we.xml,0,1,0,0,2018-19,2018-09-22,York,Ottawa,42,16,6 Gee-Gees Field ,2018-09-01,Final,20180922_t0we,NA
https://en.usports.ca/sports/fball/2018-19/boxscores/20180929_mn3q.xml,0,1,0,0,2018-19,2018-09-29,Waterloo,York,34,32,2 Alumni Field ,2018-09-01,Final,20180929_mn3q,NA
https://en.usports.ca/sports/fball/2018-19/boxscores/20181012_4sod.xml,0,1,0,0,2018-19,2018-10-12,Carleton,York,20,35,0 Alumni Field ,2018-10-01,Final,20181012_4sod,NA
https://en.usports.ca/sports/fball/2018-19/boxscores/20181020_bwva.xml,0,1,0,0,2018-19,2018-10-20,York,Toronto,15,31,5 Varsity Stadium ,2018-10-01,Final,20181020_bwva,NA
https://en.usports.ca/sports/fball/2017-18/boxscores/20170819_o7gb.xml,1,1,0,0,2017-18,2017-08-19,Saint Mary's,Acadia,1,0, (Pre-season) *Saint Mary’s forfeits Aug. 19 win vs. Acadia due to use of ineligible players. Game is recorded as a 1-0 win for Acadia.   More  ,2017-08-01,Final,20170819_o7gb,NA
https://en.usports.ca/sports/fball/2017-18/boxscores/20170826_9gjx.xml,0,1,0,0,2017-18,2017-08-26,Acadia,Mount Allison,64,23,3 Video  More   ,2017-08-01,Final,20170826_9gjx,NA
https://en.usports.ca/sports/fball/2017-18/boxscores/20170902_umoi.xml,0,1,0,0,2017-18,2017-09-02,Bishop's,Acadia,27,10,0 Video  More  ,2017-09-01,Final,20170902_umoi,NA
https://en.usports.ca/sports/fball/2017-18/boxscores/20170909_6tr4.xml,0,1,0,0,2017-18,2017-09-09,Acadia,StFX,24,38,4 Video  More   ,2017-09-01,Final,20170909_6tr4,NA
https://en.usports.ca/sports/fball/2017-18/boxscores/20170915_jrtd.xml,0,1,0,0,2017-18,2017-09-15,Acadia,Saint Mary's,17,10,0 Video  More   ,2017-09-01,Final,20170915_jrtd,NA
https://en.usports.ca/sports/fball/2017-18/boxscores/20170930_2l15.xml,0,1,0,0,2017-18,2017-09-30,Mount Allison,Acadia,33,14,4   More  ,2017-09-01,Final,20170930_2l15,NA
https://en.usports.ca/sports/fball/2017-18/boxscores/20171007_hsqo.xml,0,1,0,0,2017-18,2017-10-07,Acadia,Bishop's,24,27,4   ,2017-10-01,Final,20171007_hsqo,NA
https://en.usports.ca/sports/fball/2017-18/boxscores/20171014_kznr.xml,0,1,0,0,2017-18,2017-10-14,StFX,Acadia,35,17,7 Acadia Homecoming   More  ,2017-10-01,Final,20171014_kznr,NA
https://en.usports.ca/sports/fball/2017-18/boxscores/20171021_i4zj.xml,0,1,0,0,2017-18,2017-10-21,Saint Mary's,Acadia,33,23,3   More   ,2017-10-01,Final,20171021_i4zj,NA
https://en.usports.ca/sports/fball/2017-18/boxscores/20170823_0bbd.xml,1,0,0,0,2017-18,2017-08-23,UBC,Alberta,30,33,0  ,2017-08-01,Final,20170823_0bbd,NA
https://en.usports.ca/sports/fball/2017-18/boxscores/20170901_9qp4.xml,0,1,0,0,2017-18,2017-09-01,Calgary,Alberta,26,55,"6 Foote Field (Edmonton, Alta.)  ",2017-09-01,Final,20170901_9qp4,NA
https://en.usports.ca/sports/fball/2017-18/boxscores/20170908_36a5.xml,0,1,0,0,2017-18,2017-09-08,Alberta,Saskatchewan,43,17,"7 CW FB Showcase - Griffiths Stadium (Saskatoon, Sask.)   ",2017-09-01,Final,20170908_36a5,NA
https://en.usports.ca/sports/fball/2017-18/boxscores/20170916_mgdx.xml,0,1,0,0,2017-18,2017-09-16,Alberta,Regina,28,18,"8 CW FB Showcase - Mosaic Stadium (Regina, Sask.)  ",2017-09-01,Final,20170916_mgdx,NA
https://en.usports.ca/sports/fball/2017-18/boxscores/20170923_8jz0.xml,0,1,0,0,2017-18,2017-09-23,UBC,Alberta,21,41,"1 Foote Field (Edmonton, Alta.) - U of A Alumni Weekend  ",2017-09-01,Final,20170923_8jz0,NA
https://en.usports.ca/sports/fball/2017-18/boxscores/20170929_pw9x.xml,0,1,0,0,2017-18,2017-09-29,Alberta,Manitoba,25,36,"5 Investors Group Field (Winnipeg, Man.)  ",2017-09-01,Final,20170929_pw9x,NA
https://en.usports.ca/sports/fball/2017-18/boxscores/20171014_v6ky.xml,0,1,0,0,2017-18,2017-10-14,Regina,Alberta,55,58,"5 CW FB Showcase - Foote Field (Edmonton, Alta.)  ",2017-10-01,Final - 2OT,20171014_v6ky,NA
https://en.usports.ca/sports/fball/2017-18/boxscores/20171021_8np9.xml,0,1,0,0,2017-18,2017-10-21,Saskatchewan,Alberta,49,23,"3 Foote Field (Edmonton, Alta.)   ",2017-10-01,Final,20171021_8np9,NA
https://en.usports.ca/sports/fball/2017-18/boxscores/20171028_sdrw.xml,0,1,0,0,2017-18,2017-10-28,Alberta,Calgary,3,53," McMahon Stadium (Calgary, Alta.)  ",2017-10-01,Final,20171028_sdrw,NA
https://en.usports.ca/sports/fball/2017-18/boxscores/20170902_umoi.xml,0,1,0,0,2017-18,2017-09-02,Bishop's,Acadia,27,10,0 Video  More  ,2017-09-01,Final,20170902_umoi,NA
https://en.usports.ca/sports/fball/2017-18/boxscores/20170909_95sq.xml,0,1,0,0,2017-18,2017-09-09,Saint Mary's,Bishop's,21,40,1 Video  More   ,2017-09-01,Final,20170909_95sq,NA
https://en.usports.ca/sports/fball/2017-18/boxscores/20170915_7zpn.xml,0,1,0,0,2017-18,2017-09-15,Bishop's,Mount Allison,31,32,1 Video  More  ,2017-09-01,Final - 2OT,20170915_7zpn,NA
https://en.usports.ca/sports/fball/2017-18/boxscores/20170923_nv6n.xml,0,1,0,0,2017-18,2017-09-23,StFX,Bishop's,27,37,7 Bishop's Homecoming   ,2017-09-01,Final,20170923_nv6n,NA
https://en.usports.ca/sports/fball/2017-18/boxscores/20171007_hsqo.xml,0,1,0,0,2017-18,2017-10-07,Acadia,Bishop's,24,27,4   ,2017-10-01,Final,20171007_hsqo,NA
https://en.usports.ca/sports/fball/2017-18/boxscores/20171014_yzqr.xml,0,1,0,0,2017-18,2017-10-14,Bishop's,Saint Mary's,55,11,1 Saint Mary's Homecoming   More  ,2017-10-01,Final,20171014_yzqr,NA
https://en.usports.ca/sports/fball/2017-18/boxscores/20171021_rz68.xml,0,1,0,0,2017-18,2017-10-21,Mount Allison,Bishop's,19,42,9   ,2017-10-01,Final,20171021_rz68,NA
https://en.usports.ca/sports/fball/2017-18/boxscores/20171028_tdwq.xml,0,1,0,0,2017-18,2017-10-28,Bishop's,StFX,27,14,4 Bigg Bowl   ,2017-10-01,Final,20171028_tdwq,NA
https://en.usports.ca/sports/fball/2017-18/boxscores/20170823_s5of.xml,1,0,0,0,2017-18,2017-08-23,Regina,Calgary,3,39,  ,2017-08-01,Final,20170823_s5of,NA
https://en.usports.ca/sports/fball/2017-18/boxscores/20170901_9qp4.xml,0,1,0,0,2017-18,2017-09-01,Calgary,Alberta,26,55,"6 Foote Field (Edmonton, Alta.)  ",2017-09-01,Final,20170901_9qp4,NA
https://en.usports.ca/sports/fball/2017-18/boxscores/20170908_sfjp.xml,0,1,0,0,2017-18,2017-09-08,Regina,Calgary,46,26,"6 CW FB Showcase - McMahon Stadium (Calgary, Alta.) - KICKOFF Game  ",2017-09-01,Final,20170908_sfjp,NA
https://en.usports.ca/sports/fball/2017-18/boxscores/20170916_aaua.xml,0,1,0,0,2017-18,2017-09-16,Calgary,Manitoba,17,76,"7 Investors Group Field (Winnipeg, Man.) - Homecoming Game  ",2017-09-01,Final,20170916_aaua,NA
https://en.usports.ca/sports/fball/2017-18/boxscores/20170923_czbt.xml,0,1,0,0,2017-18,2017-09-23,Saskatchewan,Calgary,51,28,"8 McMahon Stadium (Calgary, Alta.) - Homecoming   ",2017-09-01,Final,20170923_czbt,NA
https://en.usports.ca/sports/fball/2017-18/boxscores/20170929_j9wm.xml,0,1,0,0,2017-18,2017-09-29,Calgary,UBC,17,31,"7 Thunderbird Stadium (Vancouver, BC) - Black & Blue Game  ",2017-09-01,Final,20170929_j9wm,NA
https://en.usports.ca/sports/fball/2017-18/boxscores/20171014_fvcg.xml,0,1,0,0,2017-18,2017-10-14,Manitoba,Calgary,36,27,"7 McMahon Stadium (Calgary, Alta.)  ",2017-10-01,Final,20171014_fvcg,NA
https://en.usports.ca/sports/fball/2017-18/boxscores/20171021_6xiz.xml,0,1,0,0,2017-18,2017-10-21,Calgary,Regina,30,42,"0 CW FB Showcase - Mosaic Stadium (Regina, Sask.)  ",2017-10-01,Final,20171021_6xiz,NA
https://en.usports.ca/sports/fball/2017-18/boxscores/20171028_sdrw.xml,0,1,0,0,2017-18,2017-10-28,Alberta,Calgary,3,53," McMahon Stadium (Calgary, Alta.)  ",2017-10-01,Final,20171028_sdrw,NA
https://en.usports.ca/sports/fball/2017-18/boxscores/20170819_rwqw.xml,1,0,0,0,2017-18,2017-08-19,Carleton,Laval,46,2, Exhibition ,2017-08-01,Final,20170819_rwqw,NA
https://en.usports.ca/sports/fball/2017-18/boxscores/20170826_56n8.xml,0,1,0,1,2017-18,2017-08-26,Carleton,Queen's,17,22,7 Richardson Stadium Video ,2017-08-01,Final,20170826_56n8,NA
https://en.usports.ca/sports/fball/2017-18/boxscores/20170903_gkr0.xml,0,1,0,1,2017-18,2017-09-03,McMaster,Carleton,9,23, MNP Park Video ,2017-09-01,Final,20170903_gkr0,NA
https://en.usports.ca/sports/fball/2017-18/boxscores/20170909_7jjz.xml,0,1,0,1,2017-18,2017-09-09,Carleton,Laurier,38,35,5 University Stadium Video ,2017-09-01,Final,20170909_7jjz,NA
https://en.usports.ca/sports/fball/2017-18/boxscores/20170916_txyg.xml,0,1,0,1,2017-18,2017-09-16,Waterloo,Carleton,43,45,3 MNP Park Video  ,2017-09-01,Final,20170916_txyg,NA
https://en.usports.ca/sports/fball/2017-18/boxscores/20170930_h3em.xml,0,1,0,1,2017-18,2017-09-30,Ottawa,Carleton,33,30,0 Panda Game ,2017-09-01,Final - 2OT,20170930_h3em,NA
https://en.usports.ca/sports/fball/2017-18/boxscores/20171006_tyg5.xml,0,1,0,1,2017-18,2017-10-06,Carleton,Western,51,14,4 TD Stadium Video ,2017-10-01,Final,20171006_tyg5,NA
https://en.usports.ca/sports/fball/2017-18/boxscores/20171014_se2v.xml,0,1,0,1,2017-18,2017-10-14,Toronto,Carleton,43,0, MNP Park Video ,2017-10-01,Final,20171014_se2v,NA
https://en.usports.ca/sports/fball/2017-18/boxscores/20171021_kh0w.xml,0,1,0,1,2017-18,2017-10-21,Guelph,Carleton,23,28,3 MNP Park Video ,2017-10-01,Final,20171021_kh0w,NA
NA,1,0,0,0,2017-18,NA,Laurier,Concordia,23,16,6 Preseason,2017-08-01,Final,NA,NA
https://en.usports.ca/sports/fball/2017-18/boxscores/20170825_yxsk.xml,0,1,0,0,2017-18,2017-08-25,Montreal,Concordia,19,37,9 ,2017-08-01,Final,20170825_yxsk,NA
https://en.usports.ca/sports/fball/2017-18/boxscores/20170831_1wiz.xml,0,1,0,0,2017-18,2017-08-31,Concordia,Sherbrooke,22,23,2 ,2017-08-01,Final,20170831_1wiz,NA
https://en.usports.ca/sports/fball/2017-18/boxscores/20170916_nwym.xml,0,1,0,0,2017-18,2017-09-16,McGill,Concordia,68,16,6 ,2017-09-01,Final,20170916_nwym,NA
https://en.usports.ca/sports/fball/2017-18/boxscores/20170924_yqjs.xml,0,1,0,0,2017-18,2017-09-24,Concordia,Laval,12,8, ,2017-09-01,Final,20170924_yqjs,NA
https://en.usports.ca/sports/fball/2017-18/boxscores/20170930_uywa.xml,0,1,0,0,2017-18,2017-09-30,Sherbrooke,Concordia,13,30,3 ,2017-09-01,Final,20170930_uywa,NA
NA,0,1,0,0,2017-18,NA,Concordia,Montreal,,,NA,2017-10-01,Cancelled,NA,NA
https://en.usports.ca/sports/fball/2017-18/boxscores/20171014_xpqh.xml,0,1,0,0,2017-18,2017-10-14,Concordia,McGill,10,36,0 (Homecoming & 50th Shaughnessy Cup) ,2017-10-01,Final,20171014_xpqh,NA
https://en.usports.ca/sports/fball/2017-18/boxscores/20171027_he9v.xml,0,1,0,0,2017-18,2017-10-27,Laval,Concordia,14,46,4 ,2017-10-01,Final,20171027_he9v,NA
NA,1,0,0,0,2017-18,NA,Guelph,StFX,3,15, (Pre-season) Summer Showdown  ,2017-08-01,Final,NA,NA
NA,1,0,0,0,2017-18,NA,Mount Allison,Guelph,30,0, (Pre-season) Summer Showdown  ,2017-08-01,Final,NA,NA
NA,1,0,0,0,2017-18,NA,Guelph,StFX,0,17, (Pre-season) Summer Showdown ,2017-08-01,Final,NA,NA
NA,1,0,0,0,2017-18,NA,Mount Allison,Guelph,0,10, (Pre-season) Summer Showdown ,2017-08-01,Final,NA,NA
https://en.usports.ca/sports/fball/2017-18/boxscores/20170827_mwws.xml,0,1,0,1,2017-18,2017-08-27,Ottawa,Guelph,21,24,1 Alumni Stadium ,2017-08-01,Final - 2OT,20170827_mwws,NA
https://en.usports.ca/sports/fball/2017-18/boxscores/20170904_tt0o.xml,0,1,0,1,2017-18,2017-09-04,Guelph,Western,41,34,4 TD Stadium Video ,2017-09-01,Final - OT,20170904_tt0o,NA
https://en.usports.ca/sports/fball/2017-18/boxscores/20170909_pp4i.xml,0,1,0,1,2017-18,2017-09-09,Windsor,Guelph,81,10,0 Alumni Stadium Video ,2017-09-01,Final,20170909_pp4i,NA
https://en.usports.ca/sports/fball/2017-18/boxscores/20170916_bx2i.xml,0,1,0,1,2017-18,2017-09-16,Guelph,Toronto,6,43, Varsity Stadium Video ,2017-09-01,Final,20170916_bx2i,NA
https://en.usports.ca/sports/fball/2017-18/boxscores/20170923_wkc4.xml,0,1,0,1,2017-18,2017-09-23,McMaster,Guelph,9,29, Alumni Stadium Video ,2017-09-01,Final,20170923_wkc4,NA
https://en.usports.ca/sports/fball/2017-18/boxscores/20170930_5xwg.xml,0,1,0,1,2017-18,2017-09-30,Guelph,Waterloo,49,53,9 Warrior Field Video ,2017-09-01,Final,20170930_5xwg,NA
https://en.usports.ca/sports/fball/2017-18/boxscores/20171014_5c7i.xml,0,1,0,1,2017-18,2017-10-14,Laurier,Guelph,24,14,4 Alumni Stadium Video ,2017-10-01,Final,20171014_5c7i,NA
https://en.usports.ca/sports/fball/2017-18/boxscores/20171021_kh0w.xml,0,1,0,1,2017-18,2017-10-21,Guelph,Carleton,23,28,3 MNP Park Video ,2017-10-01,Final,20171021_kh0w,NA
NA,1,0,0,0,2017-18,NA,Laurier,Concordia,23,16,6 Preseason,2017-08-01,Final,NA,NA
https://en.usports.ca/sports/fball/2017-18/boxscores/20170827_krgb.xml,0,1,0,1,2017-18,2017-08-27,Toronto,Laurier,39,0, University Stadium Video ,2017-08-01,Final,20170827_krgb,NA
https://en.usports.ca/sports/fball/2017-18/boxscores/20170909_7jjz.xml,0,1,0,1,2017-18,2017-09-09,Carleton,Laurier,38,35,5 University Stadium Video ,2017-09-01,Final,20170909_7jjz,NA
https://en.usports.ca/sports/fball/2017-18/boxscores/20170916_ouah.xml,0,1,0,1,2017-18,2017-09-16,Laurier,Queen's,17,40,7 Richardson Stadium Video ,2017-09-01,Final,20170916_ouah,NA
https://en.usports.ca/sports/fball/2017-18/boxscores/20170923_mdib.xml,0,1,0,1,2017-18,2017-09-23,Laurier,Waterloo,24,71,4 Warrior Field Video ,2017-09-01,Final,20170923_mdib,NA
https://en.usports.ca/sports/fball/2017-18/boxscores/20170930_zp56.xml,0,1,0,1,2017-18,2017-09-30,Western,Laurier,13,29,3 University Stadium Video ,2017-09-01,Final,20170930_zp56,NA
https://en.usports.ca/sports/fball/2017-18/boxscores/20171005_yfs5.xml,0,1,0,1,2017-18,2017-10-05,Laurier,York,31,53,1 Alumni Field Video ,2017-10-01,Final,20171005_yfs5,NA
https://en.usports.ca/sports/fball/2017-18/boxscores/20171014_5c7i.xml,0,1,0,1,2017-18,2017-10-14,Laurier,Guelph,24,14,4 Alumni Stadium Video ,2017-10-01,Final,20171014_5c7i,NA
https://en.usports.ca/sports/fball/2017-18/boxscores/20171021_o74o.xml,0,1,0,1,2017-18,2017-10-21,McMaster,Laurier,40,15,5 University Stadium Video ,2017-10-01,Final,20171021_o74o,NA
https://en.usports.ca/sports/fball/2017-18/boxscores/20170819_rwqw.xml,1,0,0,0,2017-18,2017-08-19,Carleton,Laval,46,2, Exhibition ,2017-08-01,Final,20170819_rwqw,NA
https://en.usports.ca/sports/fball/2017-18/boxscores/20170826_kj1v.xml,0,1,0,0,2017-18,2017-08-26,Sherbrooke,Laval,40,5, ,2017-08-01,Final,20170826_kj1v,NA
https://en.usports.ca/sports/fball/2017-18/boxscores/20170901_27rp.xml,0,1,0,0,2017-18,2017-09-01,Laval,McGill,14,50,4  ,2017-09-01,Final,20170901_27rp,NA
https://en.usports.ca/sports/fball/2017-18/boxscores/20170909_27h1.xml,0,1,0,0,2017-18,2017-09-09,Laval,Montreal,21,16,6 ,2017-09-01,Final,20170909_27h1,NA
https://en.usports.ca/sports/fball/2017-18/boxscores/20170924_yqjs.xml,0,1,0,0,2017-18,2017-09-24,Concordia,Laval,12,8, ,2017-09-01,Final,20170924_yqjs,NA
https://en.usports.ca/sports/fball/2017-18/boxscores/20171001_1sm9.xml,0,1,0,0,2017-18,2017-10-01,McGill,Laval,34,0, ,2017-10-01,Final,20171001_1sm9,NA
https://en.usports.ca/sports/fball/2017-18/boxscores/20171007_uhzt.xml,0,1,0,0,2017-18,2017-10-07,Laval,Sherbrooke,15,46,5 ,2017-10-01,Final,20171007_uhzt,NA
https://en.usports.ca/sports/fball/2017-18/boxscores/20171021_5pvm.xml,0,1,0,0,2017-18,2017-10-21,Montreal,Laval,22,0, ,2017-10-01,Final,20171021_5pvm,NA
https://en.usports.ca/sports/fball/2017-18/boxscores/20171027_he9v.xml,0,1,0,0,2017-18,2017-10-27,Laval,Concordia,14,46,4 ,2017-10-01,Final,20171027_he9v,NA
https://en.usports.ca/sports/fball/2017-18/boxscores/20170901_dm2e.xml,0,1,0,0,2017-18,2017-09-01,Saskatchewan,Manitoba,23,44,"3 CW FB Showcase - Investors Group Field (Winnipeg, Man.)   ",2017-09-01,Final,20170901_dm2e,NA
https://en.usports.ca/sports/fball/2017-18/boxscores/20170909_uq0q.xml,0,1,0,0,2017-18,2017-09-09,Manitoba,UBC,32,18,"8 Thunderbird Stadium (Vancouver, BC)  ",2017-09-01,Final,20170909_uq0q,NA
https://en.usports.ca/sports/fball/2017-18/boxscores/20170916_aaua.xml,0,1,0,0,2017-18,2017-09-16,Calgary,Manitoba,17,76,"7 Investors Group Field (Winnipeg, Man.) - Homecoming Game  ",2017-09-01,Final,20170916_aaua,NA
https://en.usports.ca/sports/fball/2017-18/boxscores/20170923_lcmn.xml,0,1,0,0,2017-18,2017-09-23,Manitoba,Regina,16,18,"6 CW FB Showcase - Mosaic Stadium (Regina, Sask.)  ",2017-09-01,Final,20170923_lcmn,NA
https://en.usports.ca/sports/fball/2017-18/boxscores/20170929_pw9x.xml,0,1,0,0,2017-18,2017-09-29,Alberta,Manitoba,25,36,"5 Investors Group Field (Winnipeg, Man.)  ",2017-09-01,Final,20170929_pw9x,NA
https://en.usports.ca/sports/fball/2017-18/boxscores/20171014_fvcg.xml,0,1,0,0,2017-18,2017-10-14,Manitoba,Calgary,36,27,"7 McMahon Stadium (Calgary, Alta.)  ",2017-10-01,Final,20171014_fvcg,NA
https://en.usports.ca/sports/fball/2017-18/boxscores/20171021_xhi2.xml,0,1,0,0,2017-18,2017-10-21,UBC,Manitoba,16,17,"6 Investors Group Field (Winnipeg, Man.)  ",2017-10-01,Final,20171021_xhi2,NA
https://en.usports.ca/sports/fball/2017-18/boxscores/20171028_lst8.xml,0,1,0,0,2017-18,2017-10-28,Manitoba,Saskatchewan,32,36,"2 CW FB Showcase - Griffiths Stadium (Saskatoon, Sask.)   ",2017-10-01,Final,20171028_lst8,NA
NA,1,0,0,0,2017-18,NA,McGill,Queen's,38,24,4 Exhibition Video,2017-08-01,Final,NA,NA
https://en.usports.ca/sports/fball/2017-18/boxscores/20170901_27rp.xml,0,1,0,0,2017-18,2017-09-01,Laval,McGill,14,50,4  ,2017-09-01,Final,20170901_27rp,NA
https://en.usports.ca/sports/fball/2017-18/boxscores/20170909_35k6.xml,0,1,0,0,2017-18,2017-09-09,McGill,Sherbrooke,16,18,6 ,2017-09-01,Final,20170909_35k6,NA
https://en.usports.ca/sports/fball/2017-18/boxscores/20170916_nwym.xml,0,1,0,0,2017-18,2017-09-16,McGill,Concordia,68,16,6 ,2017-09-01,Final,20170916_nwym,NA
https://en.usports.ca/sports/fball/2017-18/boxscores/20170922_fwjc.xml,0,1,0,0,2017-18,2017-09-22,Montreal,McGill,3,16, ,2017-09-01,Final,20170922_fwjc,NA
https://en.usports.ca/sports/fball/2017-18/boxscores/20171001_1sm9.xml,0,1,0,0,2017-18,2017-10-01,McGill,Laval,34,0, ,2017-10-01,Final,20171001_1sm9,NA
https://en.usports.ca/sports/fball/2017-18/boxscores/20171014_xpqh.xml,0,1,0,0,2017-18,2017-10-14,Concordia,McGill,10,36,0 (Homecoming & 50th Shaughnessy Cup) ,2017-10-01,Final,20171014_xpqh,NA
https://en.usports.ca/sports/fball/2017-18/boxscores/20171021_7rws.xml,0,1,0,0,2017-18,2017-10-21,Sherbrooke,McGill,27,35,7 ,2017-10-01,Final,20171021_7rws,NA
https://en.usports.ca/sports/fball/2017-18/boxscores/20171028_e3nb.xml,0,1,0,0,2017-18,2017-10-28,McGill,Montreal,27,17,7 ,2017-10-01,Final,20171028_e3nb,NA
https://en.usports.ca/sports/fball/2017-18/boxscores/20170825_2nmj.xml,1,0,0,0,2017-18,2017-08-25,Saskatchewan,McMaster,22,10,0 Exhibition Video  ,2017-08-01,Final,20170825_2nmj,NA
https://en.usports.ca/sports/fball/2017-18/boxscores/20170903_gkr0.xml,0,1,0,1,2017-18,2017-09-03,McMaster,Carleton,9,23, MNP Park Video ,2017-09-01,Final,20170903_gkr0,NA
https://en.usports.ca/sports/fball/2017-18/boxscores/20170909_mtf5.xml,0,1,0,1,2017-18,2017-09-09,Western,McMaster,14,29,4 Ron Joyce Stadium Video ,2017-09-01,Final,20170909_mtf5,NA
https://en.usports.ca/sports/fball/2017-18/boxscores/20170916_bcmi.xml,0,1,0,1,2017-18,2017-09-16,Ottawa,McMaster,24,7, Ron Joyce Stadium ,2017-09-01,Final,20170916_bcmi,NA
https://en.usports.ca/sports/fball/2017-18/boxscores/20170923_wkc4.xml,0,1,0,1,2017-18,2017-09-23,McMaster,Guelph,9,29, Alumni Stadium Video ,2017-09-01,Final,20170923_wkc4,NA
https://en.usports.ca/sports/fball/2017-18/boxscores/20170930_2x6t.xml,0,1,0,1,2017-18,2017-09-30,York,McMaster,32,2, Ron Joyce Stadium Video ,2017-09-01,Final,20170930_2x6t,NA
https://en.usports.ca/sports/fball/2017-18/boxscores/20171005_fxj6.xml,0,1,0,1,2017-18,2017-10-05,McMaster,Toronto,6,43, Varsity Stadium Video ,2017-10-01,Final,20171005_fxj6,NA
https://en.usports.ca/sports/fball/2017-18/boxscores/20171014_fz49.xml,0,1,0,1,2017-18,2017-10-14,Windsor,McMaster,29,13,3 Ron Joyce Stadium Video ,2017-10-01,Final,20171014_fz49,NA
https://en.usports.ca/sports/fball/2017-18/boxscores/20171021_o74o.xml,0,1,0,1,2017-18,2017-10-21,McMaster,Laurier,40,15,5 University Stadium Video ,2017-10-01,Final,20171021_o74o,NA
https://en.usports.ca/sports/fball/2017-18/boxscores/20170819_fn6v.xml,1,0,0,0,2017-18,2017-08-19,Toronto,Montreal,63,3, Exhibition ,2017-08-01,Final,20170819_fn6v,NA
https://en.usports.ca/sports/fball/2017-18/boxscores/20170825_yxsk.xml,0,1,0,0,2017-18,2017-08-25,Montreal,Concordia,19,37,9 ,2017-08-01,Final,20170825_yxsk,NA
https://en.usports.ca/sports/fball/2017-18/boxscores/20170909_27h1.xml,0,1,0,0,2017-18,2017-09-09,Laval,Montreal,21,16,6 ,2017-09-01,Final,20170909_27h1,NA
https://en.usports.ca/sports/fball/2017-18/boxscores/20170915_7u3t.xml,0,1,0,0,2017-18,2017-09-15,Sherbrooke,Montreal,28,1, ,2017-09-01,Final,20170915_7u3t,NA
https://en.usports.ca/sports/fball/2017-18/boxscores/20170922_fwjc.xml,0,1,0,0,2017-18,2017-09-22,Montreal,McGill,3,16, ,2017-09-01,Final,20170922_fwjc,NA
NA,0,1,0,0,2017-18,NA,Concordia,Montreal,,,NA,2017-10-01,Cancelled,NA,NA
https://en.usports.ca/sports/fball/2017-18/boxscores/20171014_3maf.xml,0,1,0,0,2017-18,2017-10-14,Montreal,Sherbrooke,15,47,5 ,2017-10-01,Final,20171014_3maf,NA
https://en.usports.ca/sports/fball/2017-18/boxscores/20171021_5pvm.xml,0,1,0,0,2017-18,2017-10-21,Montreal,Laval,22,0, ,2017-10-01,Final,20171021_5pvm,NA
https://en.usports.ca/sports/fball/2017-18/boxscores/20171028_e3nb.xml,0,1,0,0,2017-18,2017-10-28,McGill,Montreal,27,17,7 ,2017-10-01,Final,20171028_e3nb,NA
NA,1,0,0,0,2017-18,NA,Guelph,Mount Allison,0,30, (Pre-season) Summer Showdown  ,2017-08-01,Final,NA,NA
NA,1,0,0,0,2017-18,NA,Mount Allison,StFX,2,20, (Pre-season) Summer Showdown  ,2017-08-01,Final,NA,NA
NA,1,0,0,0,2017-18,NA,Guelph,Mount Allison,10,0, (Pre-season) Summer Showdown ,2017-08-01,Final,NA,NA
NA,1,0,0,0,2017-18,NA,Mount Allison,StFX,3,10, (Pre-season) Summer Showdown  ,2017-08-01,Final,NA,NA
https://en.usports.ca/sports/fball/2017-18/boxscores/20170826_9gjx.xml,0,1,0,0,2017-18,2017-08-26,Acadia,Mount Allison,64,23,3 Video  More   ,2017-08-01,Final,20170826_9gjx,NA
https://en.usports.ca/sports/fball/2017-18/boxscores/20170901_y4i9.xml,0,1,0,0,2017-18,2017-09-01,Mount Allison,StFX,37,0, Video  More   ,2017-09-01,Final,20170901_y4i9,NA
https://en.usports.ca/sports/fball/2017-18/boxscores/20170915_7zpn.xml,0,1,0,0,2017-18,2017-09-15,Bishop's,Mount Allison,31,32,1 Video  More  ,2017-09-01,Final - 2OT,20170915_7zpn,NA
https://en.usports.ca/sports/fball/2017-18/boxscores/20170923_t0g5.xml,0,1,0,0,2017-18,2017-09-23,Saint Mary's,Mount Allison,26,27,6 Mount Allison Homecoming   More  ,2017-09-01,Final,20170923_t0g5,NA
https://en.usports.ca/sports/fball/2017-18/boxscores/20170930_2l15.xml,0,1,0,0,2017-18,2017-09-30,Mount Allison,Acadia,33,14,4   More  ,2017-09-01,Final,20170930_2l15,NA
https://en.usports.ca/sports/fball/2017-18/boxscores/20171007_apvv.xml,0,1,0,0,2017-18,2017-10-07,StFX,Mount Allison,32,15,5   More  ,2017-10-01,Final,20171007_apvv,NA
https://en.usports.ca/sports/fball/2017-18/boxscores/20171021_rz68.xml,0,1,0,0,2017-18,2017-10-21,Mount Allison,Bishop's,19,42,9   ,2017-10-01,Final,20171021_rz68,NA
https://en.usports.ca/sports/fball/2017-18/boxscores/20171028_nr0h.xml,0,1,0,0,2017-18,2017-10-28,Mount Allison,Saint Mary's,25,26,5   More  ,2017-10-01,Final,20171028_nr0h,NA
https://en.usports.ca/sports/fball/2017-18/boxscores/20170827_mwws.xml,0,1,0,1,2017-18,2017-08-27,Ottawa,Guelph,21,24,1 Alumni Stadium ,2017-08-01,Final - 2OT,20170827_mwws,NA
https://en.usports.ca/sports/fball/2017-18/boxscores/20170904_a3pb.xml,0,1,0,1,2017-18,2017-09-04,Queen's,Ottawa,14,13,3 Gee-Gees Field ,2017-09-01,Final,20170904_a3pb,NA
https://en.usports.ca/sports/fball/2017-18/boxscores/20170909_lm1c.xml,0,1,0,1,2017-18,2017-09-09,Ottawa,York,17,26,7 Alumni Field ,2017-09-01,Final,20170909_lm1c,NA
https://en.usports.ca/sports/fball/2017-18/boxscores/20170916_bcmi.xml,0,1,0,1,2017-18,2017-09-16,Ottawa,McMaster,24,7, Ron Joyce Stadium ,2017-09-01,Final,20170916_bcmi,NA
https://en.usports.ca/sports/fball/2017-18/boxscores/20170923_f6b4.xml,0,1,0,1,2017-18,2017-09-23,Windsor,Ottawa,39,14,4 Gee-Gees Field ,2017-09-01,Final,20170923_f6b4,NA
https://en.usports.ca/sports/fball/2017-18/boxscores/20170930_h3em.xml,0,1,0,1,2017-18,2017-09-30,Carleton,Ottawa,30,33,0 Panda Game ,2017-09-01,Final - 2OT,20170930_h3em,NA
https://en.usports.ca/sports/fball/2017-18/boxscores/20171014_wp5o.xml,0,1,0,1,2017-18,2017-10-14,Waterloo,Ottawa,40,30,0 Gee-Gees Field ,2017-10-01,Final,20171014_wp5o,NA
https://en.usports.ca/sports/fball/2017-18/boxscores/20171021_fahw.xml,0,1,0,1,2017-18,2017-10-21,Ottawa,Western,63,10,0 TD Stadium ,2017-10-01,Final,20171021_fahw,NA
NA,1,0,0,0,2017-18,NA,McGill,Queen's,38,24,4 Exhibition Video,2017-08-01,Final,NA,NA
https://en.usports.ca/sports/fball/2017-18/boxscores/20170826_56n8.xml,0,1,0,1,2017-18,2017-08-26,Carleton,Queen's,17,22,7 Richardson Stadium Video ,2017-08-01,Final,20170826_56n8,NA
https://en.usports.ca/sports/fball/2017-18/boxscores/20170904_a3pb.xml,0,1,0,1,2017-18,2017-09-04,Queen's,Ottawa,14,13,3 Gee-Gees Field ,2017-09-01,Final,20170904_a3pb,NA
https://en.usports.ca/sports/fball/2017-18/boxscores/20170916_ouah.xml,0,1,0,1,2017-18,2017-09-16,Laurier,Queen's,17,40,7 Richardson Stadium Video ,2017-09-01,Final,20170916_ouah,NA
https://en.usports.ca/sports/fball/2017-18/boxscores/20170923_uknz.xml,0,1,0,1,2017-18,2017-09-23,Queen's,Western,48,10,0 TD Stadium Video ,2017-09-01,Final,20170923_uknz,NA
https://en.usports.ca/sports/fball/2017-18/boxscores/20170930_hq3z.xml,0,1,0,1,2017-18,2017-09-30,Queen's,Windsor,10,54,0 Alumni Field Video ,2017-09-01,Final,20170930_hq3z,NA
https://en.usports.ca/sports/fball/2017-18/boxscores/20171005_1uuf.xml,0,1,0,1,2017-18,2017-10-05,Waterloo,Queen's,68,17,7 Richardson Stadium Video ,2017-10-01,Final,20171005_1uuf,NA
https://en.usports.ca/sports/fball/2017-18/boxscores/20171014_h7tc.xml,0,1,0,1,2017-18,2017-10-14,York,Queen's,52,34,4 Richardson Stadium Video ,2017-10-01,Final,20171014_h7tc,NA
https://en.usports.ca/sports/fball/2017-18/boxscores/20171021_9gsk.xml,0,1,0,1,2017-18,2017-10-21,Queen's,Toronto,38,59,8 Varsity Stadium Video ,2017-10-01,Final,20171021_9gsk,NA
https://en.usports.ca/sports/fball/2017-18/boxscores/20170823_s5of.xml,1,0,0,0,2017-18,2017-08-23,Calgary,Regina,39,3,  ,2017-08-01,Final,20170823_s5of,NA
https://en.usports.ca/sports/fball/2017-18/boxscores/20170901_zd3r.xml,0,1,0,0,2017-18,2017-09-01,UBC,Regina,36,20,"0 CW FB Showcase - Mosaic Stadium (Regina, Sask.)  ",2017-09-01,Final,20170901_zd3r,NA
https://en.usports.ca/sports/fball/2017-18/boxscores/20170908_sfjp.xml,0,1,0,0,2017-18,2017-09-08,Regina,Calgary,46,26,"6 CW FB Showcase - McMahon Stadium (Calgary, Alta.) - KICKOFF Game  ",2017-09-01,Final,20170908_sfjp,NA
https://en.usports.ca/sports/fball/2017-18/boxscores/20170916_mgdx.xml,0,1,0,0,2017-18,2017-09-16,Alberta,Regina,28,18,"8 CW FB Showcase - Mosaic Stadium (Regina, Sask.)  ",2017-09-01,Final,20170916_mgdx,NA
https://en.usports.ca/sports/fball/2017-18/boxscores/20170923_lcmn.xml,0,1,0,0,2017-18,2017-09-23,Manitoba,Regina,16,18,"6 CW FB Showcase - Mosaic Stadium (Regina, Sask.)  ",2017-09-01,Final,20170923_lcmn,NA
https://en.usports.ca/sports/fball/2017-18/boxscores/20170929_ck5k.xml,0,1,0,0,2017-18,2017-09-29,Regina,Saskatchewan,40,50,"0 CW FB Showcase - Griffiths Stadium (Saskatoon, Sask.) - Support Our Troops Night   ",2017-09-01,Final,20170929_ck5k,NA
https://en.usports.ca/sports/fball/2017-18/boxscores/20171014_v6ky.xml,0,1,0,0,2017-18,2017-10-14,Regina,Alberta,55,58,"5 CW FB Showcase - Foote Field (Edmonton, Alta.)  ",2017-10-01,Final - 2OT,20171014_v6ky,NA
https://en.usports.ca/sports/fball/2017-18/boxscores/20171021_6xiz.xml,0,1,0,0,2017-18,2017-10-21,Calgary,Regina,30,42,"0 CW FB Showcase - Mosaic Stadium (Regina, Sask.)  ",2017-10-01,Final,20171021_6xiz,NA
https://en.usports.ca/sports/fball/2017-18/boxscores/20171028_6a0o.xml,0,1,0,0,2017-18,2017-10-28,Regina,UBC,44,15,"5 Thunderbird Stadium (Vancouver, BC)  ",2017-10-01,Final,20171028_6a0o,NA
https://en.usports.ca/sports/fball/2017-18/boxscores/20170819_o7gb.xml,1,1,0,0,2017-18,2017-08-19,Saint Mary's,Acadia,1,0, (Pre-season) *Saint Mary’s forfeits Aug. 19 win vs. Acadia due to use of ineligible players. Game is recorded as a 1-0 win for Acadia.   More  ,2017-08-01,Final,20170819_o7gb,NA
https://en.usports.ca/sports/fball/2017-18/boxscores/20170825_22r5.xml,0,1,0,0,2017-18,2017-08-25,StFX,Saint Mary's,0,1, *Saint Mary’s forfeits Aug. 25 win vs. StFX due to use of ineligible players. Game is recorded as a 1-0 win for StFX. Video  More   ,2017-08-01,Final,20170825_22r5,NA
https://en.usports.ca/sports/fball/2017-18/boxscores/20170909_95sq.xml,0,1,0,0,2017-18,2017-09-09,Saint Mary's,Bishop's,21,40,1 Video  More   ,2017-09-01,Final,20170909_95sq,NA
https://en.usports.ca/sports/fball/2017-18/boxscores/20170915_jrtd.xml,0,1,0,0,2017-18,2017-09-15,Acadia,Saint Mary's,17,10,0 Video  More   ,2017-09-01,Final,20170915_jrtd,NA
https://en.usports.ca/sports/fball/2017-18/boxscores/20170923_t0g5.xml,0,1,0,0,2017-18,2017-09-23,Saint Mary's,Mount Allison,26,27,6 Mount Allison Homecoming   More  ,2017-09-01,Final,20170923_t0g5,NA
https://en.usports.ca/sports/fball/2017-18/boxscores/20170930_jn66.xml,0,1,0,0,2017-18,2017-09-30,Saint Mary's,StFX,21,22,1 StFX Homecoming   More  ,2017-09-01,Final,20170930_jn66,NA
https://en.usports.ca/sports/fball/2017-18/boxscores/20171014_yzqr.xml,0,1,0,0,2017-18,2017-10-14,Bishop's,Saint Mary's,55,11,1 Saint Mary's Homecoming   More  ,2017-10-01,Final,20171014_yzqr,NA
https://en.usports.ca/sports/fball/2017-18/boxscores/20171021_i4zj.xml,0,1,0,0,2017-18,2017-10-21,Saint Mary's,Acadia,33,23,3   More   ,2017-10-01,Final,20171021_i4zj,NA
https://en.usports.ca/sports/fball/2017-18/boxscores/20171028_nr0h.xml,0,1,0,0,2017-18,2017-10-28,Mount Allison,Saint Mary's,25,26,5   More  ,2017-10-01,Final,20171028_nr0h,NA
https://en.usports.ca/sports/fball/2017-18/boxscores/20170825_2nmj.xml,1,0,0,0,2017-18,2017-08-25,Saskatchewan,McMaster,22,10,0 Exhibition Video  ,2017-08-01,Final,20170825_2nmj,NA
https://en.usports.ca/sports/fball/2017-18/boxscores/20170901_dm2e.xml,0,1,0,0,2017-18,2017-09-01,Saskatchewan,Manitoba,23,44,"3 CW FB Showcase - Investors Group Field (Winnipeg, Man.)   ",2017-09-01,Final,20170901_dm2e,NA
https://en.usports.ca/sports/fball/2017-18/boxscores/20170908_36a5.xml,0,1,0,0,2017-18,2017-09-08,Alberta,Saskatchewan,43,17,"7 CW FB Showcase - Griffiths Stadium (Saskatoon, Sask.)   ",2017-09-01,Final,20170908_36a5,NA
https://en.usports.ca/sports/fball/2017-18/boxscores/20170916_7jw5.xml,0,1,0,0,2017-18,2017-09-16,Saskatchewan,UBC,31,10,"0 CW FB Showcase - Thunderbird Stadium (Vancouver, BC)   ",2017-09-01,Final,20170916_7jw5,NA
https://en.usports.ca/sports/fball/2017-18/boxscores/20170923_czbt.xml,0,1,0,0,2017-18,2017-09-23,Saskatchewan,Calgary,51,28,"8 McMahon Stadium (Calgary, Alta.) - Homecoming   ",2017-09-01,Final,20170923_czbt,NA
https://en.usports.ca/sports/fball/2017-18/boxscores/20170929_ck5k.xml,0,1,0,0,2017-18,2017-09-29,Regina,Saskatchewan,40,50,"0 CW FB Showcase - Griffiths Stadium (Saskatoon, Sask.) - Support Our Troops Night   ",2017-09-01,Final,20170929_ck5k,NA
https://en.usports.ca/sports/fball/2017-18/boxscores/20171014_bydv.xml,0,1,0,0,2017-18,2017-10-14,UBC,Saskatchewan,25,29,"5 CW FB Showcase - Griffiths Stadium (Saskatoon, Sask.)   ",2017-10-01,Final,20171014_bydv,NA
https://en.usports.ca/sports/fball/2017-18/boxscores/20171021_8np9.xml,0,1,0,0,2017-18,2017-10-21,Saskatchewan,Alberta,49,23,"3 Foote Field (Edmonton, Alta.)   ",2017-10-01,Final,20171021_8np9,NA
https://en.usports.ca/sports/fball/2017-18/boxscores/20171028_lst8.xml,0,1,0,0,2017-18,2017-10-28,Manitoba,Saskatchewan,32,36,"2 CW FB Showcase - Griffiths Stadium (Saskatoon, Sask.)   ",2017-10-01,Final,20171028_lst8,NA
https://en.usports.ca/sports/fball/2017-18/boxscores/20170826_kj1v.xml,0,1,0,0,2017-18,2017-08-26,Sherbrooke,Laval,40,5, ,2017-08-01,Final,20170826_kj1v,NA
https://en.usports.ca/sports/fball/2017-18/boxscores/20170831_1wiz.xml,0,1,0,0,2017-18,2017-08-31,Concordia,Sherbrooke,22,23,2 ,2017-08-01,Final,20170831_1wiz,NA
https://en.usports.ca/sports/fball/2017-18/boxscores/20170909_35k6.xml,0,1,0,0,2017-18,2017-09-09,McGill,Sherbrooke,16,18,6 ,2017-09-01,Final,20170909_35k6,NA
https://en.usports.ca/sports/fball/2017-18/boxscores/20170915_7u3t.xml,0,1,0,0,2017-18,2017-09-15,Sherbrooke,Montreal,28,1, ,2017-09-01,Final,20170915_7u3t,NA
https://en.usports.ca/sports/fball/2017-18/boxscores/20170930_uywa.xml,0,1,0,0,2017-18,2017-09-30,Sherbrooke,Concordia,13,30,3 ,2017-09-01,Final,20170930_uywa,NA
https://en.usports.ca/sports/fball/2017-18/boxscores/20171007_uhzt.xml,0,1,0,0,2017-18,2017-10-07,Laval,Sherbrooke,15,46,5 ,2017-10-01,Final,20171007_uhzt,NA
https://en.usports.ca/sports/fball/2017-18/boxscores/20171014_3maf.xml,0,1,0,0,2017-18,2017-10-14,Montreal,Sherbrooke,15,47,5 ,2017-10-01,Final,20171014_3maf,NA
https://en.usports.ca/sports/fball/2017-18/boxscores/20171021_7rws.xml,0,1,0,0,2017-18,2017-10-21,Sherbrooke,McGill,27,35,7 ,2017-10-01,Final,20171021_7rws,NA
NA,1,0,0,0,2017-18,NA,Guelph,StFX,3,15, (Pre-season) Summer Showdown  ,2017-08-01,Final,NA,NA
NA,1,0,0,0,2017-18,NA,Mount Allison,StFX,2,20, (Pre-season) Summer Showdown  ,2017-08-01,Final,NA,NA
NA,1,0,0,0,2017-18,NA,Guelph,StFX,0,17, (Pre-season) Summer Showdown ,2017-08-01,Final,NA,NA
NA,1,0,0,0,2017-18,NA,Mount Allison,StFX,3,10, (Pre-season) Summer Showdown  ,2017-08-01,Final,NA,NA
https://en.usports.ca/sports/fball/2017-18/boxscores/20170825_22r5.xml,0,1,0,0,2017-18,2017-08-25,StFX,Saint Mary's,0,1, *Saint Mary’s forfeits Aug. 25 win vs. StFX due to use of ineligible players. Game is recorded as a 1-0 win for StFX. Video  More   ,2017-08-01,Final,20170825_22r5,NA
https://en.usports.ca/sports/fball/2017-18/boxscores/20170901_y4i9.xml,0,1,0,0,2017-18,2017-09-01,Mount Allison,StFX,37,0, Video  More   ,2017-09-01,Final,20170901_y4i9,NA
https://en.usports.ca/sports/fball/2017-18/boxscores/20170909_6tr4.xml,0,1,0,0,2017-18,2017-09-09,Acadia,StFX,24,38,4 Video  More   ,2017-09-01,Final,20170909_6tr4,NA
https://en.usports.ca/sports/fball/2017-18/boxscores/20170923_nv6n.xml,0,1,0,0,2017-18,2017-09-23,StFX,Bishop's,27,37,7 Bishop's Homecoming   ,2017-09-01,Final,20170923_nv6n,NA
https://en.usports.ca/sports/fball/2017-18/boxscores/20170930_jn66.xml,0,1,0,0,2017-18,2017-09-30,Saint Mary's,StFX,21,22,1 StFX Homecoming   More  ,2017-09-01,Final,20170930_jn66,NA
https://en.usports.ca/sports/fball/2017-18/boxscores/20171007_apvv.xml,0,1,0,0,2017-18,2017-10-07,StFX,Mount Allison,32,15,5   More  ,2017-10-01,Final,20171007_apvv,NA
https://en.usports.ca/sports/fball/2017-18/boxscores/20171014_kznr.xml,0,1,0,0,2017-18,2017-10-14,StFX,Acadia,35,17,7 Acadia Homecoming   More  ,2017-10-01,Final,20171014_kznr,NA
https://en.usports.ca/sports/fball/2017-18/boxscores/20171028_tdwq.xml,0,1,0,0,2017-18,2017-10-28,Bishop's,StFX,27,14,4 Bigg Bowl   ,2017-10-01,Final,20171028_tdwq,NA
https://en.usports.ca/sports/fball/2017-18/boxscores/20170819_fn6v.xml,1,0,0,0,2017-18,2017-08-19,Toronto,Montreal,63,3, Exhibition ,2017-08-01,Final,20170819_fn6v,NA
https://en.usports.ca/sports/fball/2017-18/boxscores/20170827_krgb.xml,0,1,0,1,2017-18,2017-08-27,Toronto,Laurier,39,0, University Stadium Video ,2017-08-01,Final,20170827_krgb,NA
https://en.usports.ca/sports/fball/2017-18/boxscores/20170904_djoa.xml,0,1,0,1,2017-18,2017-09-04,Windsor,Toronto,19,12,2 Varsity Stadium Video ,2017-09-01,Final,20170904_djoa,NA
https://en.usports.ca/sports/fball/2017-18/boxscores/20170909_plq9.xml,0,1,0,1,2017-18,2017-09-09,Toronto,Waterloo,28,23,3 Warrior Field Video  ,2017-09-01,Final,20170909_plq9,NA
https://en.usports.ca/sports/fball/2017-18/boxscores/20170916_bx2i.xml,0,1,0,1,2017-18,2017-09-16,Guelph,Toronto,6,43, Varsity Stadium Video ,2017-09-01,Final,20170916_bx2i,NA
https://en.usports.ca/sports/fball/2017-18/boxscores/20170923_tg5g.xml,0,1,0,1,2017-18,2017-09-23,Toronto,York,41,16,6 Alumni Field Video ,2017-09-01,Final,20170923_tg5g,NA
https://en.usports.ca/sports/fball/2017-18/boxscores/20171005_fxj6.xml,0,1,0,1,2017-18,2017-10-05,McMaster,Toronto,6,43, Varsity Stadium Video ,2017-10-01,Final,20171005_fxj6,NA
https://en.usports.ca/sports/fball/2017-18/boxscores/20171014_se2v.xml,0,1,0,1,2017-18,2017-10-14,Toronto,Carleton,43,0, MNP Park Video ,2017-10-01,Final,20171014_se2v,NA
https://en.usports.ca/sports/fball/2017-18/boxscores/20171021_9gsk.xml,0,1,0,1,2017-18,2017-10-21,Queen's,Toronto,38,59,8 Varsity Stadium Video ,2017-10-01,Final,20171021_9gsk,NA
https://en.usports.ca/sports/fball/2017-18/boxscores/20170823_0bbd.xml,1,0,0,0,2017-18,2017-08-23,Alberta,UBC,33,30,0  ,2017-08-01,Final,20170823_0bbd,NA
https://en.usports.ca/sports/fball/2017-18/boxscores/20170901_zd3r.xml,0,1,0,0,2017-18,2017-09-01,UBC,Regina,36,20,"0 CW FB Showcase - Mosaic Stadium (Regina, Sask.)  ",2017-09-01,Final,20170901_zd3r,NA
https://en.usports.ca/sports/fball/2017-18/boxscores/20170909_uq0q.xml,0,1,0,0,2017-18,2017-09-09,Manitoba,UBC,32,18,"8 Thunderbird Stadium (Vancouver, BC)  ",2017-09-01,Final,20170909_uq0q,NA
https://en.usports.ca/sports/fball/2017-18/boxscores/20170916_7jw5.xml,0,1,0,0,2017-18,2017-09-16,Saskatchewan,UBC,31,10,"0 CW FB Showcase - Thunderbird Stadium (Vancouver, BC)   ",2017-09-01,Final,20170916_7jw5,NA
https://en.usports.ca/sports/fball/2017-18/boxscores/20170923_8jz0.xml,0,1,0,0,2017-18,2017-09-23,UBC,Alberta,21,41,"1 Foote Field (Edmonton, Alta.) - U of A Alumni Weekend  ",2017-09-01,Final,20170923_8jz0,NA
https://en.usports.ca/sports/fball/2017-18/boxscores/20170929_j9wm.xml,0,1,0,0,2017-18,2017-09-29,Calgary,UBC,17,31,"7 Thunderbird Stadium (Vancouver, BC) - Black & Blue Game  ",2017-09-01,Final,20170929_j9wm,NA
https://en.usports.ca/sports/fball/2017-18/boxscores/20171014_bydv.xml,0,1,0,0,2017-18,2017-10-14,UBC,Saskatchewan,25,29,"5 CW FB Showcase - Griffiths Stadium (Saskatoon, Sask.)   ",2017-10-01,Final,20171014_bydv,NA
https://en.usports.ca/sports/fball/2017-18/boxscores/20171021_xhi2.xml,0,1,0,0,2017-18,2017-10-21,UBC,Manitoba,16,17,"6 Investors Group Field (Winnipeg, Man.)  ",2017-10-01,Final,20171021_xhi2,NA
https://en.usports.ca/sports/fball/2017-18/boxscores/20171028_6a0o.xml,0,1,0,0,2017-18,2017-10-28,Regina,UBC,44,15,"5 Thunderbird Stadium (Vancouver, BC)  ",2017-10-01,Final,20171028_6a0o,NA
https://en.usports.ca/sports/fball/2017-18/boxscores/20170827_7wu8.xml,0,1,0,1,2017-18,2017-08-27,Waterloo,Windsor,33,54,3 Alumni Field Video  ,2017-08-01,Final,20170827_7wu8,NA
https://en.usports.ca/sports/fball/2017-18/boxscores/20170904_l0id.xml,0,1,0,1,2017-18,2017-09-04,York,Waterloo,52,8, Warrior Field Video  ,2017-09-01,Final,20170904_l0id,NA
https://en.usports.ca/sports/fball/2017-18/boxscores/20170909_plq9.xml,0,1,0,1,2017-18,2017-09-09,Toronto,Waterloo,28,23,3 Warrior Field Video  ,2017-09-01,Final,20170909_plq9,NA
https://en.usports.ca/sports/fball/2017-18/boxscores/20170916_txyg.xml,0,1,0,1,2017-18,2017-09-16,Waterloo,Carleton,43,45,3 MNP Park Video  ,2017-09-01,Final,20170916_txyg,NA
https://en.usports.ca/sports/fball/2017-18/boxscores/20170923_mdib.xml,0,1,0,1,2017-18,2017-09-23,Laurier,Waterloo,24,71,4 Warrior Field Video ,2017-09-01,Final,20170923_mdib,NA
https://en.usports.ca/sports/fball/2017-18/boxscores/20170930_5xwg.xml,0,1,0,1,2017-18,2017-09-30,Guelph,Waterloo,49,53,9 Warrior Field Video ,2017-09-01,Final,20170930_5xwg,NA
https://en.usports.ca/sports/fball/2017-18/boxscores/20171005_1uuf.xml,0,1,0,1,2017-18,2017-10-05,Waterloo,Queen's,68,17,7 Richardson Stadium Video ,2017-10-01,Final,20171005_1uuf,NA
https://en.usports.ca/sports/fball/2017-18/boxscores/20171014_wp5o.xml,0,1,0,1,2017-18,2017-10-14,Waterloo,Ottawa,40,30,0 Gee-Gees Field ,2017-10-01,Final,20171014_wp5o,NA
https://en.usports.ca/sports/fball/2017-18/boxscores/20170827_84dj.xml,0,1,0,1,2017-18,2017-08-27,Western,York,3,66, Alumni Field Video ,2017-08-01,Final,20170827_84dj,NA
https://en.usports.ca/sports/fball/2017-18/boxscores/20170904_tt0o.xml,0,1,0,1,2017-18,2017-09-04,Guelph,Western,41,34,4 TD Stadium Video ,2017-09-01,Final - OT,20170904_tt0o,NA
https://en.usports.ca/sports/fball/2017-18/boxscores/20170909_mtf5.xml,0,1,0,1,2017-18,2017-09-09,Western,McMaster,14,29,4 Ron Joyce Stadium Video ,2017-09-01,Final,20170909_mtf5,NA
https://en.usports.ca/sports/fball/2017-18/boxscores/20170916_uoqv.xml,0,1,0,1,2017-18,2017-09-16,Western,Windsor,7,59, Alumni Field Video ,2017-09-01,Final,20170916_uoqv,NA
https://en.usports.ca/sports/fball/2017-18/boxscores/20170923_uknz.xml,0,1,0,1,2017-18,2017-09-23,Queen's,Western,48,10,0 TD Stadium Video ,2017-09-01,Final,20170923_uknz,NA
https://en.usports.ca/sports/fball/2017-18/boxscores/20170930_zp56.xml,0,1,0,1,2017-18,2017-09-30,Western,Laurier,13,29,3 University Stadium Video ,2017-09-01,Final,20170930_zp56,NA
https://en.usports.ca/sports/fball/2017-18/boxscores/20171006_tyg5.xml,0,1,0,1,2017-18,2017-10-06,Carleton,Western,51,14,4 TD Stadium Video ,2017-10-01,Final,20171006_tyg5,NA
https://en.usports.ca/sports/fball/2017-18/boxscores/20171021_fahw.xml,0,1,0,1,2017-18,2017-10-21,Ottawa,Western,63,10,0 TD Stadium ,2017-10-01,Final,20171021_fahw,NA
https://en.usports.ca/sports/fball/2017-18/boxscores/20170827_7wu8.xml,0,1,0,1,2017-18,2017-08-27,Waterloo,Windsor,33,54,3 Alumni Field Video  ,2017-08-01,Final,20170827_7wu8,NA
https://en.usports.ca/sports/fball/2017-18/boxscores/20170904_djoa.xml,0,1,0,1,2017-18,2017-09-04,Windsor,Toronto,19,12,2 Varsity Stadium Video ,2017-09-01,Final,20170904_djoa,NA
https://en.usports.ca/sports/fball/2017-18/boxscores/20170909_pp4i.xml,0,1,0,1,2017-18,2017-09-09,Windsor,Guelph,81,10,0 Alumni Stadium Video ,2017-09-01,Final,20170909_pp4i,NA
https://en.usports.ca/sports/fball/2017-18/boxscores/20170916_uoqv.xml,0,1,0,1,2017-18,2017-09-16,Western,Windsor,7,59, Alumni Field Video ,2017-09-01,Final,20170916_uoqv,NA
https://en.usports.ca/sports/fball/2017-18/boxscores/20170923_f6b4.xml,0,1,0,1,2017-18,2017-09-23,Windsor,Ottawa,39,14,4 Gee-Gees Field ,2017-09-01,Final,20170923_f6b4,NA
https://en.usports.ca/sports/fball/2017-18/boxscores/20170930_hq3z.xml,0,1,0,1,2017-18,2017-09-30,Queen's,Windsor,10,54,0 Alumni Field Video ,2017-09-01,Final,20170930_hq3z,NA
https://en.usports.ca/sports/fball/2017-18/boxscores/20171014_fz49.xml,0,1,0,1,2017-18,2017-10-14,Windsor,McMaster,29,13,3 Ron Joyce Stadium Video ,2017-10-01,Final,20171014_fz49,NA
https://en.usports.ca/sports/fball/2017-18/boxscores/20171021_mc83.xml,0,1,0,1,2017-18,2017-10-21,York,Windsor,43,27,7 Alumni Field Video ,2017-10-01,Final,20171021_mc83,NA
https://en.usports.ca/sports/fball/2017-18/boxscores/20170827_84dj.xml,0,1,0,1,2017-18,2017-08-27,Western,York,3,66, Alumni Field Video ,2017-08-01,Final,20170827_84dj,NA
https://en.usports.ca/sports/fball/2017-18/boxscores/20170904_l0id.xml,0,1,0,1,2017-18,2017-09-04,York,Waterloo,52,8, Warrior Field Video  ,2017-09-01,Final,20170904_l0id,NA
https://en.usports.ca/sports/fball/2017-18/boxscores/20170909_lm1c.xml,0,1,0,1,2017-18,2017-09-09,Ottawa,York,17,26,7 Alumni Field ,2017-09-01,Final,20170909_lm1c,NA
https://en.usports.ca/sports/fball/2017-18/boxscores/20170923_tg5g.xml,0,1,0,1,2017-18,2017-09-23,Toronto,York,41,16,6 Alumni Field Video ,2017-09-01,Final,20170923_tg5g,NA
https://en.usports.ca/sports/fball/2017-18/boxscores/20170930_2x6t.xml,0,1,0,1,2017-18,2017-09-30,York,McMaster,32,2, Ron Joyce Stadium Video ,2017-09-01,Final,20170930_2x6t,NA
https://en.usports.ca/sports/fball/2017-18/boxscores/20171005_yfs5.xml,0,1,0,1,2017-18,2017-10-05,Laurier,York,31,53,1 Alumni Field Video ,2017-10-01,Final,20171005_yfs5,NA
https://en.usports.ca/sports/fball/2017-18/boxscores/20171014_h7tc.xml,0,1,0,1,2017-18,2017-10-14,York,Queen's,52,34,4 Richardson Stadium Video ,2017-10-01,Final,20171014_h7tc,NA
https://en.usports.ca/sports/fball/2017-18/boxscores/20171021_mc83.xml,0,1,0,1,2017-18,2017-10-21,York,Windsor,43,27,7 Alumni Field Video ,2017-10-01,Final,20171021_mc83,NA
NA,1,0,0,0,2016-17,NA,Acadia,Saint Mary's,31,8, (Pre-Season) @ Huskies Stadium Video  ,2016-09-01,Final,NA,NA
https://en.usports.ca/sports/fball/2016-17/boxscores/20160910_xq93.xml,0,1,0,0,2016-17,2016-09-10,Saint Mary's,Acadia,30,1, Raymond Field - Live on Bell Aliant Fibe TV1 Video  More   ,2016-09-01,Final,20160910_xq93,NA
https://en.usports.ca/sports/fball/2016-17/boxscores/20160917_9klg.xml,0,1,0,0,2016-17,2016-09-17,Acadia,StFX,37,8, Oland Stadium - Live on Bell Aliant Fibe TV1 Video  More   ,2016-09-01,Final,20160917_9klg,NA
https://en.usports.ca/sports/fball/2016-17/boxscores/20160924_ldsn.xml,0,1,0,0,2016-17,2016-09-24,Montreal,Acadia,1,63, Raymond Field - Live on Bell Aliant Fibe TV1   ,2016-09-01,Final,20160924_ldsn,NA
https://en.usports.ca/sports/fball/2016-17/boxscores/20161001_en3d.xml,0,1,0,0,2016-17,2016-10-01,Acadia,Mount Allison,20,12,2 Alumni Field (Homecoming) - Live on Bell Aliant Fibe TV1   More  ,2016-10-01,Final,20161001_en3d,NA
https://en.usports.ca/sports/fball/2016-17/boxscores/20161007_934j.xml,0,1,0,0,2016-17,2016-10-07,Acadia,StFX,42,21,1 Oland Stadium - Live on Bell Aliant Fibe TV1 Video  More   ,2016-10-01,Final,20161007_934j,NA
https://en.usports.ca/sports/fball/2016-17/boxscores/20161015_9rg5.xml,0,1,0,0,2016-17,2016-10-15,Mount Allison,Acadia,13,15,3 Raymond Field - Live on Bell Aliant Fibe TV1   More  ,2016-10-01,Final,20161015_9rg5,NA
https://en.usports.ca/sports/fball/2016-17/boxscores/20161022_o6xt.xml,0,1,0,0,2016-17,2016-10-22,StFX,Acadia,29,33,9 Raymond Field - Live on Bell Aliant Fibe TV1   More  ,2016-10-01,Final,20161022_o6xt,NA
https://en.usports.ca/sports/fball/2016-17/boxscores/20161029_hvkf.xml,0,1,0,0,2016-17,2016-10-29,Acadia,Saint Mary's,3,10, Huskies Stadium - Live on Bell Aliant Fibe TV1   More  ,2016-10-01,Final,20161029_hvkf,NA
https://en.usports.ca/sports/fball/2016-17/boxscores/20160903_06l2.xml,0,1,0,0,2016-17,2016-09-03,Alberta,UBC,39,24,4 Video  ,2016-09-01,Final,20160903_06l2,NA
https://en.usports.ca/sports/fball/2016-17/boxscores/20160909_k7ic.xml,0,1,0,0,2016-17,2016-09-09,Saskatchewan,Alberta,17,29,7   ,2016-09-01,Final,20160909_k7ic,NA
https://en.usports.ca/sports/fball/2016-17/boxscores/20160916_8u19.xml,0,1,0,0,2016-17,2016-09-16,Alberta,Manitoba,42,12,2  ,2016-09-01,Final,20160916_8u19,NA
https://en.usports.ca/sports/fball/2016-17/boxscores/20160924_thv3.xml,0,1,0,0,2016-17,2016-09-24,UBC,Alberta,0,62,  ,2016-09-01,Final,20160924_thv3,NA
https://en.usports.ca/sports/fball/2016-17/boxscores/20161001_zcxk.xml,0,1,0,0,2016-17,2016-10-01,Alberta,Calgary,50,15,5  ,2016-10-01,Final,20161001_zcxk,NA
https://en.usports.ca/sports/fball/2016-17/boxscores/20161015_eqh0.xml,0,1,0,0,2016-17,2016-10-15,Regina,Alberta,19,18,8  ,2016-10-01,Final,20161015_eqh0,NA
https://en.usports.ca/sports/fball/2016-17/boxscores/20161022_ihnm.xml,0,1,0,0,2016-17,2016-10-22,Manitoba,Alberta,59,67,9  ,2016-10-01,Final - 7OT,20161022_ihnm,NA
https://en.usports.ca/sports/fball/2016-17/boxscores/20161028_geam.xml,0,1,0,0,2016-17,2016-10-28,Alberta,Saskatchewan,48,9,   ,2016-10-01,Final,20161028_geam,NA
https://en.usports.ca/sports/fball/2016-17/boxscores/20160903_zla2.xml,0,1,0,0,2016-17,2016-09-03,Sherbrooke,Bishop's,7,38,  ,2016-09-01,Final,20160903_zla2,NA
https://en.usports.ca/sports/fball/2016-17/boxscores/20160909_aw52.xml,0,1,0,0,2016-17,2016-09-09,Bishop's,Montreal,61,0,  ,2016-09-01,Final,20160909_aw52,NA
https://en.usports.ca/sports/fball/2016-17/boxscores/20160916_cn1v.xml,0,1,0,0,2016-17,2016-09-16,Bishop's,McGill,43,9, Video  ,2016-09-01,Final,20160916_cn1v,NA
https://en.usports.ca/sports/fball/2016-17/boxscores/20160924_0zvu.xml,0,1,0,0,2016-17,2016-09-24,Saint Mary's,Bishop's,30,29,9   More  ,2016-09-01,Final,20160924_0zvu,NA
https://en.usports.ca/sports/fball/2016-17/boxscores/20161001_t46c.xml,0,1,0,0,2016-17,2016-10-01,Bishop's,Concordia,50,34,4 ,2016-10-01,Final,20161001_t46c,NA
https://en.usports.ca/sports/fball/2016-17/boxscores/20161014_vots.xml,0,1,0,0,2016-17,2016-10-14,McGill,Bishop's,14,37,4   ,2016-10-01,Final,20161014_vots,NA
https://en.usports.ca/sports/fball/2016-17/boxscores/20161023_yios.xml,0,1,0,0,2016-17,2016-10-23,Bishop's,Laval,44,0, ,2016-10-01,Final,20161023_yios,NA
https://en.usports.ca/sports/fball/2016-17/boxscores/20161029_xu8m.xml,0,1,0,0,2016-17,2016-10-29,Concordia,Bishop's,6,39,  ,2016-10-01,Final,20161029_xu8m,NA
NA,1,0,0,0,2016-17,NA,Regina,Calgary,37,13,3 Pre-season,2016-08-01,Final,NA,NA
https://en.usports.ca/sports/fball/2016-17/boxscores/20160901_e7nj.xml,0,1,0,0,2016-17,2016-09-01,Calgary,Manitoba,14,23,4 Shaw TV/Access  ,2016-09-01,Final,20160901_e7nj,NA
https://en.usports.ca/sports/fball/2016-17/boxscores/20160909_gbhq.xml,0,1,0,0,2016-17,2016-09-09,UBC,Calgary,35,8, Shaw TV/Access  ,2016-09-01,Final,20160909_gbhq,NA
https://en.usports.ca/sports/fball/2016-17/boxscores/20160916_frds.xml,0,1,0,0,2016-17,2016-09-16,Calgary,Saskatchewan,19,20,9 Shaw TV/Access   More  ,2016-09-01,Final,20160916_frds,NA
https://en.usports.ca/sports/fball/2016-17/boxscores/20160923_iklr.xml,0,1,0,0,2016-17,2016-09-23,Calgary,Regina,32,27,7 Shaw TV/Access  ,2016-09-01,Final,20160923_iklr,NA
https://en.usports.ca/sports/fball/2016-17/boxscores/20161001_zcxk.xml,0,1,0,0,2016-17,2016-10-01,Alberta,Calgary,50,15,5  ,2016-10-01,Final,20161001_zcxk,NA
https://en.usports.ca/sports/fball/2016-17/boxscores/20161014_zqgp.xml,0,1,0,0,2016-17,2016-10-14,Manitoba,Calgary,63,6, Shaw TV/Access  ,2016-10-01,Final,20161014_zqgp,NA
https://en.usports.ca/sports/fball/2016-17/boxscores/20161022_gggh.xml,0,1,0,0,2016-17,2016-10-22,Saskatchewan,Calgary,35,38,5   ,2016-10-01,Final,20161022_gggh,NA
https://en.usports.ca/sports/fball/2016-17/boxscores/20161029_jl5w.xml,0,1,0,0,2016-17,2016-10-29,Calgary,UBC,35,41,5  ,2016-10-01,Final - OT,20161029_jl5w,NA
NA,1,0,0,0,2016-17,NA,Carleton,Laval,36,29,9 EXHIBITION GAME,2016-08-01,Final - OT,NA,NA
https://en.usports.ca/sports/fball/2016-17/boxscores/20160828_jhiw.xml,0,1,0,1,2016-17,2016-08-28,Carleton,McMaster,40,10,0 Ron Joyce Stadium Video  More  ,2016-08-01,Final,20160828_jhiw,NA
https://en.usports.ca/sports/fball/2016-17/boxscores/20160904_4gqj.xml,0,1,0,1,2016-17,2016-09-04,Western,Carleton,38,31,1 MNP Park Video  ,2016-09-01,Final,20160904_4gqj,NA
https://en.usports.ca/sports/fball/2016-17/boxscores/20160910_v5v4.xml,0,1,0,1,2016-17,2016-09-10,Carleton,Toronto,7,65, Varsity Stadium Video  ,2016-09-01,Final,20160910_v5v4,NA
https://en.usports.ca/sports/fball/2016-17/boxscores/20160917_3ku8.xml,0,1,0,1,2016-17,2016-09-17,Laurier,Carleton,16,17,6 MNP Park Video  ,2016-09-01,Final,20160917_3ku8,NA
https://en.usports.ca/sports/fball/2016-17/boxscores/20160924_jmtq.xml,0,1,0,1,2016-17,2016-09-24,Carleton,York,7,50, York Stadium Video  ,2016-09-01,Final,20160924_jmtq,NA
https://en.usports.ca/sports/fball/2016-17/boxscores/20161001_ky48.xml,0,1,0,1,2016-17,2016-10-01,Ottawa,Carleton,43,23,3 TD Place Video  ,2016-10-01,Final,20161001_ky48,NA
https://en.usports.ca/sports/fball/2016-17/boxscores/20161007_vytz.xml,0,1,0,1,2016-17,2016-10-07,Windsor,Carleton,53,10,0 MNP Park Video ,2016-10-01,Final,20161007_vytz,NA
https://en.usports.ca/sports/fball/2016-17/boxscores/20161022_iunl.xml,0,1,0,1,2016-17,2016-10-22,Carleton,Waterloo,15,43,5 Warrior Field Video  ,2016-10-01,Final,20161022_iunl,NA
https://en.usports.ca/sports/fball/2016-17/boxscores/20160902_fbfv.xml,0,1,0,0,2016-17,2016-09-02,Concordia,McGill,16,30,6 48th Shaughnessy Cup Video  ,2016-09-01,Final,20160902_fbfv,NA
https://en.usports.ca/sports/fball/2016-17/boxscores/20160910_2t9j.xml,0,1,0,0,2016-17,2016-09-10,Laval,Concordia,18,37,8 Video ,2016-09-01,Final,20160910_2t9j,NA
https://en.usports.ca/sports/fball/2016-17/boxscores/20160916_49eu.xml,0,1,0,0,2016-17,2016-09-16,Concordia,Montreal,59,3, ,2016-09-01,Final,20160916_49eu,NA
https://en.usports.ca/sports/fball/2016-17/boxscores/20160924_2n3k.xml,0,1,0,0,2016-17,2016-09-24,StFX,Concordia,17,11,1 Video  More  ,2016-09-01,Final,20160924_2n3k,NA
https://en.usports.ca/sports/fball/2016-17/boxscores/20161001_t46c.xml,0,1,0,0,2016-17,2016-10-01,Bishop's,Concordia,50,34,4 ,2016-10-01,Final,20161001_t46c,NA
https://en.usports.ca/sports/fball/2016-17/boxscores/20161015_kjd1.xml,0,1,0,0,2016-17,2016-10-15,Concordia,Sherbrooke,43,17,7 ,2016-10-01,Final,20161015_kjd1,NA
https://en.usports.ca/sports/fball/2016-17/boxscores/20161022_iol8.xml,0,1,0,0,2016-17,2016-10-22,McGill,Concordia,8,21,  ,2016-10-01,Final,20161022_iol8,NA
https://en.usports.ca/sports/fball/2016-17/boxscores/20161029_xu8m.xml,0,1,0,0,2016-17,2016-10-29,Concordia,Bishop's,6,39,  ,2016-10-01,Final,20161029_xu8m,NA
https://en.usports.ca/sports/fball/2016-17/boxscores/20160828_5ynv.xml,0,1,0,1,2016-17,2016-08-28,Toronto,Guelph,41,22,2 Alumni Stadium Video  ,2016-08-01,Final,20160828_5ynv,NA
https://en.usports.ca/sports/fball/2016-17/boxscores/20160905_mkdf.xml,0,1,0,1,2016-17,2016-09-05,Guelph,Windsor,33,29,9 Alumni Field Video  ,2016-09-01,Final,20160905_mkdf,NA
https://en.usports.ca/sports/fball/2016-17/boxscores/20160910_iitc.xml,0,1,0,1,2016-17,2016-09-10,Queen's,Guelph,38,29,9 Alumni Stadium Video  ,2016-09-01,Final,20160910_iitc,NA
https://en.usports.ca/sports/fball/2016-17/boxscores/20160917_aw6b.xml,0,1,0,1,2016-17,2016-09-17,Guelph,Ottawa,31,28,8 Gee-Gees Field Video  ,2016-09-01,Final - 2OT,20160917_aw6b,NA
https://en.usports.ca/sports/fball/2016-17/boxscores/20160924_156r.xml,0,1,0,1,2016-17,2016-09-24,Western,Guelph,16,50,6 Alumni Stadium Video  ,2016-09-01,Final,20160924_156r,NA
https://en.usports.ca/sports/fball/2016-17/boxscores/20161001_f91o.xml,0,1,0,1,2016-17,2016-10-01,Guelph,McMaster,27,15,5 Ron Joyce Stadium Video  ,2016-10-01,Final,20161001_f91o,NA
https://en.usports.ca/sports/fball/2016-17/boxscores/20161014_swcb.xml,0,1,0,1,2016-17,2016-10-14,Guelph,Laurier,27,25,5 University Stadium Video ,2016-10-01,Final,20161014_swcb,NA
https://en.usports.ca/sports/fball/2016-17/boxscores/20161022_c65m.xml,0,1,0,1,2016-17,2016-10-22,York,Guelph,52,8, Alumni Stadium Video  ,2016-10-01,Final,20161022_c65m,NA
https://en.usports.ca/sports/fball/2016-17/boxscores/20160820_rpuv.xml,1,0,0,0,2016-17,2016-08-20,Laurier,Montreal,37,33,3 EXHIBITION GAME ,2016-08-01,Final,20160820_rpuv,NA
https://en.usports.ca/sports/fball/2016-17/boxscores/20160828_emp5.xml,0,1,0,1,2016-17,2016-08-28,Queen's,Laurier,37,18,8 University Stadium Video ,2016-08-01,Final,20160828_emp5,NA
https://en.usports.ca/sports/fball/2016-17/boxscores/20160905_ej9h.xml,0,1,0,1,2016-17,2016-09-05,York,Laurier,74,3, University Stadium Video  More  ,2016-09-01,Final,20160905_ej9h,NA
https://en.usports.ca/sports/fball/2016-17/boxscores/20160917_3ku8.xml,0,1,0,1,2016-17,2016-09-17,Laurier,Carleton,16,17,6 MNP Park Video  ,2016-09-01,Final,20160917_3ku8,NA
https://en.usports.ca/sports/fball/2016-17/boxscores/20160924_0pyb.xml,0,1,0,1,2016-17,2016-09-24,Waterloo,Laurier,68,7, University Stadium Video  ,2016-09-01,Final,20160924_0pyb,NA
https://en.usports.ca/sports/fball/2016-17/boxscores/20161001_owqm.xml,0,1,0,1,2016-17,2016-10-01,Laurier,Western,45,26,6 TD Stadium Video  ,2016-10-01,Final,20161001_owqm,NA
https://en.usports.ca/sports/fball/2016-17/boxscores/20161006_sqry.xml,0,1,0,1,2016-17,2016-10-06,Laurier,Toronto,3,54, Varsity Stadium Video ,2016-10-01,Final,20161006_sqry,NA
https://en.usports.ca/sports/fball/2016-17/boxscores/20161014_swcb.xml,0,1,0,1,2016-17,2016-10-14,Guelph,Laurier,27,25,5 University Stadium Video ,2016-10-01,Final,20161014_swcb,NA
https://en.usports.ca/sports/fball/2016-17/boxscores/20161022_fqor.xml,0,1,0,1,2016-17,2016-10-22,Laurier,Windsor,9,38, Alumni Field Video  ,2016-10-01,Final,20161022_fqor,NA
NA,1,0,0,0,2016-17,NA,Carleton,Laval,36,29,9 EXHIBITION GAME,2016-08-01,Final - OT,NA,NA
https://en.usports.ca/sports/fball/2016-17/boxscores/20160903_ubma.xml,0,1,0,0,2016-17,2016-09-03,Montreal,Laval,21,24,1 ,2016-09-01,Final,20160903_ubma,NA
https://en.usports.ca/sports/fball/2016-17/boxscores/20160910_2t9j.xml,0,1,0,0,2016-17,2016-09-10,Laval,Concordia,18,37,8 Video ,2016-09-01,Final,20160910_2t9j,NA
https://en.usports.ca/sports/fball/2016-17/boxscores/20160918_m4un.xml,0,1,0,0,2016-17,2016-09-18,Sherbrooke,Laval,41,3, ,2016-09-01,Final,20160918_m4un,NA
https://en.usports.ca/sports/fball/2016-17/boxscores/20160924_qhr8.xml,0,1,0,0,2016-17,2016-09-24,Laval,Mount Allison,4,49, Alumni Field - Live on Bell Aliant Fibe TV1 Video  More   Photos,2016-09-01,Final,20160924_qhr8,NA
https://en.usports.ca/sports/fball/2016-17/boxscores/20161002_ect7.xml,0,1,0,0,2016-17,2016-10-02,McGill,Laval,61,9,  ,2016-10-01,Final,20161002_ect7,NA
https://en.usports.ca/sports/fball/2016-17/boxscores/20161015_4bcf.xml,0,1,0,0,2016-17,2016-10-15,Laval,Montreal,19,22,9 ,2016-10-01,Final,20161015_4bcf,NA
https://en.usports.ca/sports/fball/2016-17/boxscores/20161023_yios.xml,0,1,0,0,2016-17,2016-10-23,Bishop's,Laval,44,0, ,2016-10-01,Final,20161023_yios,NA
https://en.usports.ca/sports/fball/2016-17/boxscores/20161029_fcu7.xml,0,1,0,0,2016-17,2016-10-29,Laval,Sherbrooke,1,14, ,2016-10-01,Final,20161029_fcu7,NA
https://en.usports.ca/sports/fball/2016-17/boxscores/20160826_0u4d.xml,1,0,0,0,2016-17,2016-08-26,UBC,Manitoba,50,7, Pre-season ,2016-08-01,Final,20160826_0u4d,NA
https://en.usports.ca/sports/fball/2016-17/boxscores/20160901_e7nj.xml,0,1,0,0,2016-17,2016-09-01,Calgary,Manitoba,14,23,4 Shaw TV/Access  ,2016-09-01,Final,20160901_e7nj,NA
https://en.usports.ca/sports/fball/2016-17/boxscores/20160908_rf09.xml,0,1,0,0,2016-17,2016-09-08,Manitoba,Regina,41,38,8 Shaw TV/Access   ,2016-09-01,Final,20160908_rf09,/sports/fball/2016-17/releases/2016090948q2w4
https://en.usports.ca/sports/fball/2016-17/boxscores/20160916_8u19.xml,0,1,0,0,2016-17,2016-09-16,Alberta,Manitoba,42,12,2  ,2016-09-01,Final,20160916_8u19,NA
https://en.usports.ca/sports/fball/2016-17/boxscores/20160924_ybdw.xml,0,1,0,0,2016-17,2016-09-24,Saskatchewan,Manitoba,38,17,7   More  ,2016-09-01,Final,20160924_ybdw,NA
https://en.usports.ca/sports/fball/2016-17/boxscores/20160930_by1b.xml,0,1,0,0,2016-17,2016-09-30,Manitoba,UBC,53,50,0  ,2016-09-01,Final - 4OT,20160930_by1b,NA
https://en.usports.ca/sports/fball/2016-17/boxscores/20161014_zqgp.xml,0,1,0,0,2016-17,2016-10-14,Manitoba,Calgary,63,6, Shaw TV/Access  ,2016-10-01,Final,20161014_zqgp,NA
https://en.usports.ca/sports/fball/2016-17/boxscores/20161022_ihnm.xml,0,1,0,0,2016-17,2016-10-22,Manitoba,Alberta,59,67,9  ,2016-10-01,Final - 7OT,20161022_ihnm,NA
https://en.usports.ca/sports/fball/2016-17/boxscores/20161029_lq24.xml,0,1,0,0,2016-17,2016-10-29,Regina,Manitoba,21,55,1  ,2016-10-01,Final,20161029_lq24,NA
https://en.usports.ca/sports/fball/2016-17/boxscores/20160821_yvki.xml,1,0,0,0,2016-17,2016-08-21,Queen's,McGill,22,17,7 EXHIBITION GAME  ,2016-08-01,Final,20160821_yvki,NA
https://en.usports.ca/sports/fball/2016-17/boxscores/20160902_fbfv.xml,0,1,0,0,2016-17,2016-09-02,Concordia,McGill,16,30,6 48th Shaughnessy Cup Video  ,2016-09-01,Final,20160902_fbfv,NA
https://en.usports.ca/sports/fball/2016-17/boxscores/20160910_wblx.xml,0,1,0,0,2016-17,2016-09-10,Sherbrooke,McGill,19,18,8  ,2016-09-01,Final,20160910_wblx,NA
https://en.usports.ca/sports/fball/2016-17/boxscores/20160916_cn1v.xml,0,1,0,0,2016-17,2016-09-16,Bishop's,McGill,43,9, Video  ,2016-09-01,Final,20160916_cn1v,NA
https://en.usports.ca/sports/fball/2016-17/boxscores/20160924_rj12.xml,0,1,0,0,2016-17,2016-09-24,Sherbrooke,McGill,11,20,1 Video  ,2016-09-01,Final,20160924_rj12,NA
https://en.usports.ca/sports/fball/2016-17/boxscores/20161002_ect7.xml,0,1,0,0,2016-17,2016-10-02,McGill,Laval,61,9,  ,2016-10-01,Final,20161002_ect7,NA
https://en.usports.ca/sports/fball/2016-17/boxscores/20161014_vots.xml,0,1,0,0,2016-17,2016-10-14,McGill,Bishop's,14,37,4   ,2016-10-01,Final,20161014_vots,NA
https://en.usports.ca/sports/fball/2016-17/boxscores/20161022_iol8.xml,0,1,0,0,2016-17,2016-10-22,McGill,Concordia,8,21,  ,2016-10-01,Final,20161022_iol8,NA
https://en.usports.ca/sports/fball/2016-17/boxscores/20161029_sod8.xml,0,1,0,0,2016-17,2016-10-29,Montreal,McGill,0,13, Video  ,2016-10-01,Final,20161029_sod8,NA
https://en.usports.ca/sports/fball/2016-17/boxscores/20160828_jhiw.xml,0,1,0,1,2016-17,2016-08-28,Carleton,McMaster,40,10,0 Ron Joyce Stadium Video  More  ,2016-08-01,Final,20160828_jhiw,NA
https://en.usports.ca/sports/fball/2016-17/boxscores/20160905_man8.xml,0,1,0,1,2016-17,2016-09-05,Toronto,McMaster,32,5, Tim Hortons Field Video  ,2016-09-01,Final,20160905_man8,NA
https://en.usports.ca/sports/fball/2016-17/boxscores/20160910_mpqf.xml,0,1,0,1,2016-17,2016-09-10,McMaster,Ottawa,30,8, Gee-Gees Field Video  ,2016-09-01,Final,20160910_mpqf,NA
https://en.usports.ca/sports/fball/2016-17/boxscores/20160917_ocqd.xml,0,1,0,1,2016-17,2016-09-17,McMaster,Waterloo,0,35, Warrior Field Video  ,2016-09-01,Final,20160917_ocqd,NA
https://en.usports.ca/sports/fball/2016-17/boxscores/20161001_f91o.xml,0,1,0,1,2016-17,2016-10-01,Guelph,McMaster,27,15,5 Ron Joyce Stadium Video  ,2016-10-01,Final,20161001_f91o,NA
https://en.usports.ca/sports/fball/2016-17/boxscores/20161007_9pay.xml,0,1,0,1,2016-17,2016-10-07,Queen's,McMaster,36,6, Ron Joyce Stadium Video ,2016-10-01,Final,20161007_9pay,NA
https://en.usports.ca/sports/fball/2016-17/boxscores/20161015_zjb4.xml,0,1,0,1,2016-17,2016-10-15,McMaster,York,2,64, York Stadium Video  ,2016-10-01,Final,20161015_zjb4,NA
https://en.usports.ca/sports/fball/2016-17/boxscores/20161022_efvz.xml,0,1,0,1,2016-17,2016-10-22,McMaster,Western,19,18,8 TD Stadium Video  ,2016-10-01,Final,20161022_efvz,NA
https://en.usports.ca/sports/fball/2016-17/boxscores/20160820_rpuv.xml,1,0,0,0,2016-17,2016-08-20,Laurier,Montreal,37,33,3 EXHIBITION GAME ,2016-08-01,Final,20160820_rpuv,NA
https://en.usports.ca/sports/fball/2016-17/boxscores/20160903_ubma.xml,0,1,0,0,2016-17,2016-09-03,Montreal,Laval,21,24,1 ,2016-09-01,Final,20160903_ubma,NA
https://en.usports.ca/sports/fball/2016-17/boxscores/20160909_aw52.xml,0,1,0,0,2016-17,2016-09-09,Bishop's,Montreal,61,0,  ,2016-09-01,Final,20160909_aw52,NA
https://en.usports.ca/sports/fball/2016-17/boxscores/20160916_49eu.xml,0,1,0,0,2016-17,2016-09-16,Concordia,Montreal,59,3, ,2016-09-01,Final,20160916_49eu,NA
https://en.usports.ca/sports/fball/2016-17/boxscores/20160924_ldsn.xml,0,1,0,0,2016-17,2016-09-24,Montreal,Acadia,1,63, Raymond Field - Live on Bell Aliant Fibe TV1   ,2016-09-01,Final,20160924_ldsn,NA
https://en.usports.ca/sports/fball/2016-17/boxscores/20161001_c4he.xml,0,1,0,0,2016-17,2016-10-01,Montreal,Sherbrooke,20,27,0 ,2016-10-01,Final,20161001_c4he,NA
https://en.usports.ca/sports/fball/2016-17/boxscores/20161015_4bcf.xml,0,1,0,0,2016-17,2016-10-15,Laval,Montreal,19,22,9 ,2016-10-01,Final,20161015_4bcf,NA
https://en.usports.ca/sports/fball/2016-17/boxscores/20161023_2jc6.xml,0,1,0,0,2016-17,2016-10-23,Sherbrooke,Montreal,30,5, ,2016-10-01,Final,20161023_2jc6,NA
https://en.usports.ca/sports/fball/2016-17/boxscores/20161029_sod8.xml,0,1,0,0,2016-17,2016-10-29,Montreal,McGill,0,13, Video  ,2016-10-01,Final,20161029_sod8,NA
https://en.usports.ca/sports/fball/2016-17/boxscores/20160902_re63.xml,1,0,0,0,2016-17,2016-09-02,Mount Allison,StFX,18,17,7 (Pre-Season) @ Oland Stadium Video  More    Photos,2016-09-01,Final,20160902_re63,NA
https://en.usports.ca/sports/fball/2016-17/boxscores/20160910_42xt.xml,0,1,0,0,2016-17,2016-09-10,StFX,Mount Allison,14,29,4 Alumni Field - Live on Bell Aliant Fibe TV1 Video  More   ,2016-09-01,Final,20160910_42xt,NA
https://en.usports.ca/sports/fball/2016-17/boxscores/20160916_fy2k.xml,0,1,0,0,2016-17,2016-09-16,Mount Allison,Saint Mary's,32,27,7 Huskies Stadium - Live on Bell Aliant Fibe TV1 Video  More   ,2016-09-01,Final,20160916_fy2k,NA
https://en.usports.ca/sports/fball/2016-17/boxscores/20160924_qhr8.xml,0,1,0,0,2016-17,2016-09-24,Laval,Mount Allison,4,49, Alumni Field - Live on Bell Aliant Fibe TV1 Video  More   Photos,2016-09-01,Final,20160924_qhr8,NA
https://en.usports.ca/sports/fball/2016-17/boxscores/20161001_en3d.xml,0,1,0,0,2016-17,2016-10-01,Acadia,Mount Allison,20,12,2 Alumni Field (Homecoming) - Live on Bell Aliant Fibe TV1   More  ,2016-10-01,Final,20161001_en3d,NA
https://en.usports.ca/sports/fball/2016-17/boxscores/20161007_1qh3.xml,0,1,0,0,2016-17,2016-10-07,Mount Allison,Saint Mary's,29,21,1 Huskies Stadium - Live on Bell Aliant Fibe TV1 Video  More   ,2016-10-01,Final,20161007_1qh3,NA
https://en.usports.ca/sports/fball/2016-17/boxscores/20161015_9rg5.xml,0,1,0,0,2016-17,2016-10-15,Mount Allison,Acadia,13,15,3 Raymond Field - Live on Bell Aliant Fibe TV1   More  ,2016-10-01,Final,20161015_9rg5,NA
https://en.usports.ca/sports/fball/2016-17/boxscores/20161022_g5f5.xml,0,1,0,0,2016-17,2016-10-22,Saint Mary's,Mount Allison,39,9, Alumni Field - Live on Bell Aliant Fibe TV1   More  ,2016-10-01,Final,20161022_g5f5,NA
https://en.usports.ca/sports/fball/2016-17/boxscores/20161029_iq8z.xml,0,1,0,0,2016-17,2016-10-29,Mount Allison,StFX,65,17,7 Oland Stadium - Live on Bell Aliant Fibe TV1   More  ,2016-10-01,Final,20161029_iq8z,NA
https://en.usports.ca/sports/fball/2016-17/boxscores/20160905_a5v9.xml,0,1,0,1,2016-17,2016-09-05,Ottawa,Waterloo,1,65, Warrior Field Video  ,2016-09-01,Final,20160905_a5v9,NA
https://en.usports.ca/sports/fball/2016-17/boxscores/20160910_mpqf.xml,0,1,0,1,2016-17,2016-09-10,McMaster,Ottawa,30,8, Gee-Gees Field Video  ,2016-09-01,Final,20160910_mpqf,NA
https://en.usports.ca/sports/fball/2016-17/boxscores/20160917_aw6b.xml,0,1,0,1,2016-17,2016-09-17,Guelph,Ottawa,31,28,8 Gee-Gees Field Video  ,2016-09-01,Final - 2OT,20160917_aw6b,NA
https://en.usports.ca/sports/fball/2016-17/boxscores/20160924_2n82.xml,0,1,0,1,2016-17,2016-09-24,Ottawa,Windsor,18,41,8 Alumni Field Video  ,2016-09-01,Final,20160924_2n82,NA
https://en.usports.ca/sports/fball/2016-17/boxscores/20161001_ky48.xml,0,1,0,1,2016-17,2016-10-01,Ottawa,Carleton,43,23,3 TD Place Video  ,2016-10-01,Final,20161001_ky48,NA
https://en.usports.ca/sports/fball/2016-17/boxscores/20161007_vc0p.xml,0,1,0,1,2016-17,2016-10-07,York,Ottawa,54,20,0 Gee-Gees Field Video ,2016-10-01,Final,20161007_vc0p,NA
https://en.usports.ca/sports/fball/2016-17/boxscores/20161015_uuz3.xml,0,1,0,1,2016-17,2016-10-15,Western,Ottawa,17,68,7 Gee-Gees Field Video  ,2016-10-01,Final,20161015_uuz3,NA
https://en.usports.ca/sports/fball/2016-17/boxscores/20161022_rzef.xml,0,1,0,1,2016-17,2016-10-22,Ottawa,Queen's,41,42,1 Richardson Stadium Video  ,2016-10-01,Final - OT,20161022_rzef,NA
https://en.usports.ca/sports/fball/2016-17/boxscores/20160821_yvki.xml,1,0,0,0,2016-17,2016-08-21,Queen's,McGill,22,17,7 EXHIBITION GAME  ,2016-08-01,Final,20160821_yvki,NA
https://en.usports.ca/sports/fball/2016-17/boxscores/20160828_emp5.xml,0,1,0,1,2016-17,2016-08-28,Queen's,Laurier,37,18,8 University Stadium Video ,2016-08-01,Final,20160828_emp5,NA
https://en.usports.ca/sports/fball/2016-17/boxscores/20160910_iitc.xml,0,1,0,1,2016-17,2016-09-10,Queen's,Guelph,38,29,9 Alumni Stadium Video  ,2016-09-01,Final,20160910_iitc,NA
https://en.usports.ca/sports/fball/2016-17/boxscores/20160917_0ca4.xml,0,1,0,1,2016-17,2016-09-17,Western,Queen's,13,27,3 Richardson Stadium Video  More  ,2016-09-01,Final,20160917_0ca4,NA
https://en.usports.ca/sports/fball/2016-17/boxscores/20160924_ygbs.xml,0,1,0,1,2016-17,2016-09-24,Toronto,Queen's,20,5, Richardson Stadium Video  ,2016-09-01,Final,20160924_ygbs,NA
https://en.usports.ca/sports/fball/2016-17/boxscores/20161001_yku4.xml,0,1,0,1,2016-17,2016-10-01,Queen's,Waterloo,20,54,0 Warrior Field Video  ,2016-10-01,Final,20161001_yku4,NA
https://en.usports.ca/sports/fball/2016-17/boxscores/20161007_9pay.xml,0,1,0,1,2016-17,2016-10-07,Queen's,McMaster,36,6, Ron Joyce Stadium Video ,2016-10-01,Final,20161007_9pay,NA
https://en.usports.ca/sports/fball/2016-17/boxscores/20161015_vh4k.xml,0,1,0,1,2016-17,2016-10-15,Windsor,Queen's,55,5, Richardson Stadium Video  ,2016-10-01,Final,20161015_vh4k,NA
https://en.usports.ca/sports/fball/2016-17/boxscores/20161022_rzef.xml,0,1,0,1,2016-17,2016-10-22,Ottawa,Queen's,41,42,1 Richardson Stadium Video  ,2016-10-01,Final - OT,20161022_rzef,NA
NA,1,0,0,0,2016-17,NA,Calgary,Regina,13,37,3 Pre-season,2016-08-01,Final,NA,NA
https://en.usports.ca/sports/fball/2016-17/boxscores/20160902_v9wk.xml,0,1,0,0,2016-17,2016-09-02,Regina,Saskatchewan,41,39,9 Shaw TV/Access   ,2016-09-01,Final - 2OT,20160902_v9wk,NA
https://en.usports.ca/sports/fball/2016-17/boxscores/20160908_rf09.xml,0,1,0,0,2016-17,2016-09-08,Manitoba,Regina,41,38,8 Shaw TV/Access   ,2016-09-01,Final,20160908_rf09,/sports/fball/2016-17/releases/2016090948q2w4
https://en.usports.ca/sports/fball/2016-17/boxscores/20160917_nprb.xml,0,1,0,0,2016-17,2016-09-17,Regina,UBC,10,20,0   ,2016-09-01,Final,20160917_nprb,NA
https://en.usports.ca/sports/fball/2016-17/boxscores/20160923_iklr.xml,0,1,0,0,2016-17,2016-09-23,Calgary,Regina,32,27,7 Shaw TV/Access  ,2016-09-01,Final,20160923_iklr,NA
https://en.usports.ca/sports/fball/2016-17/boxscores/20161001_ytuz.xml,0,1,0,0,2016-17,2016-10-01,Saskatchewan,Regina,37,29,9 Shaw TV/Access   ,2016-10-01,Final,20161001_ytuz,NA
https://en.usports.ca/sports/fball/2016-17/boxscores/20161015_eqh0.xml,0,1,0,0,2016-17,2016-10-15,Regina,Alberta,19,18,8  ,2016-10-01,Final,20161015_eqh0,NA
https://en.usports.ca/sports/fball/2016-17/boxscores/20161021_e5wk.xml,0,1,0,0,2016-17,2016-10-21,UBC,Regina,35,33,3 Shaw TV/Access  ,2016-10-01,Final,20161021_e5wk,NA
https://en.usports.ca/sports/fball/2016-17/boxscores/20161029_lq24.xml,0,1,0,0,2016-17,2016-10-29,Regina,Manitoba,21,55,1  ,2016-10-01,Final,20161029_lq24,NA
NA,1,0,0,0,2016-17,NA,Acadia,Saint Mary's,31,8, (Pre-Season) @ Huskies Stadium Video  ,2016-09-01,Final,NA,NA
https://en.usports.ca/sports/fball/2016-17/boxscores/20160910_xq93.xml,0,1,0,0,2016-17,2016-09-10,Saint Mary's,Acadia,30,1, Raymond Field - Live on Bell Aliant Fibe TV1 Video  More   ,2016-09-01,Final,20160910_xq93,NA
https://en.usports.ca/sports/fball/2016-17/boxscores/20160916_fy2k.xml,0,1,0,0,2016-17,2016-09-16,Mount Allison,Saint Mary's,32,27,7 Huskies Stadium - Live on Bell Aliant Fibe TV1 Video  More   ,2016-09-01,Final,20160916_fy2k,NA
https://en.usports.ca/sports/fball/2016-17/boxscores/20160924_0zvu.xml,0,1,0,0,2016-17,2016-09-24,Saint Mary's,Bishop's,30,29,9   More  ,2016-09-01,Final,20160924_0zvu,NA
https://en.usports.ca/sports/fball/2016-17/boxscores/20161001_97n8.xml,0,1,0,0,2016-17,2016-10-01,Saint Mary's,StFX,37,17,7 Oland Stadium - Live on Bell Aliant Fibe TV1   More  ,2016-10-01,Final,20161001_97n8,NA
https://en.usports.ca/sports/fball/2016-17/boxscores/20161007_1qh3.xml,0,1,0,0,2016-17,2016-10-07,Mount Allison,Saint Mary's,29,21,1 Huskies Stadium - Live on Bell Aliant Fibe TV1 Video  More   ,2016-10-01,Final,20161007_1qh3,NA
https://en.usports.ca/sports/fball/2016-17/boxscores/20161015_7gpn.xml,0,1,0,0,2016-17,2016-10-15,StFX,Saint Mary's,6,45, Huskies Stadium - Live on Bell Aliant Fibe TV1   More  ,2016-10-01,Final,20161015_7gpn,NA
https://en.usports.ca/sports/fball/2016-17/boxscores/20161022_g5f5.xml,0,1,0,0,2016-17,2016-10-22,Saint Mary's,Mount Allison,39,9, Alumni Field - Live on Bell Aliant Fibe TV1   More  ,2016-10-01,Final,20161022_g5f5,NA
https://en.usports.ca/sports/fball/2016-17/boxscores/20161029_hvkf.xml,0,1,0,0,2016-17,2016-10-29,Acadia,Saint Mary's,3,10, Huskies Stadium - Live on Bell Aliant Fibe TV1   More  ,2016-10-01,Final,20161029_hvkf,NA
https://en.usports.ca/sports/fball/2016-17/boxscores/20160902_v9wk.xml,0,1,0,0,2016-17,2016-09-02,Regina,Saskatchewan,41,39,9 Shaw TV/Access   ,2016-09-01,Final - 2OT,20160902_v9wk,NA
https://en.usports.ca/sports/fball/2016-17/boxscores/20160909_k7ic.xml,0,1,0,0,2016-17,2016-09-09,Saskatchewan,Alberta,17,29,7   ,2016-09-01,Final,20160909_k7ic,NA
https://en.usports.ca/sports/fball/2016-17/boxscores/20160916_frds.xml,0,1,0,0,2016-17,2016-09-16,Calgary,Saskatchewan,19,20,9 Shaw TV/Access   More  ,2016-09-01,Final,20160916_frds,NA
https://en.usports.ca/sports/fball/2016-17/boxscores/20160924_ybdw.xml,0,1,0,0,2016-17,2016-09-24,Saskatchewan,Manitoba,38,17,7   More  ,2016-09-01,Final,20160924_ybdw,NA
https://en.usports.ca/sports/fball/2016-17/boxscores/20161001_ytuz.xml,0,1,0,0,2016-17,2016-10-01,Saskatchewan,Regina,37,29,9 Shaw TV/Access   ,2016-10-01,Final,20161001_ytuz,NA
https://en.usports.ca/sports/fball/2016-17/boxscores/20161014_b557.xml,0,1,0,0,2016-17,2016-10-14,UBC,Saskatchewan,40,10,0   ,2016-10-01,Final,20161014_b557,NA
https://en.usports.ca/sports/fball/2016-17/boxscores/20161022_gggh.xml,0,1,0,0,2016-17,2016-10-22,Saskatchewan,Calgary,35,38,5   ,2016-10-01,Final,20161022_gggh,NA
https://en.usports.ca/sports/fball/2016-17/boxscores/20161028_geam.xml,0,1,0,0,2016-17,2016-10-28,Alberta,Saskatchewan,48,9,   ,2016-10-01,Final,20161028_geam,NA
NA,1,0,0,0,2016-17,NA,York,Sherbrooke,44,3, EXHIBITION GAME,2016-08-01,Final,NA,NA
https://en.usports.ca/sports/fball/2016-17/boxscores/20160903_zla2.xml,0,1,0,0,2016-17,2016-09-03,Sherbrooke,Bishop's,7,38,  ,2016-09-01,Final,20160903_zla2,NA
https://en.usports.ca/sports/fball/2016-17/boxscores/20160910_wblx.xml,0,1,0,0,2016-17,2016-09-10,McGill,Sherbrooke,18,19,8  ,2016-09-01,Final,20160910_wblx,NA
https://en.usports.ca/sports/fball/2016-17/boxscores/20160918_m4un.xml,0,1,0,0,2016-17,2016-09-18,Sherbrooke,Laval,41,3, ,2016-09-01,Final,20160918_m4un,NA
https://en.usports.ca/sports/fball/2016-17/boxscores/20160924_rj12.xml,0,1,0,0,2016-17,2016-09-24,Sherbrooke,McGill,11,20,1 Video  ,2016-09-01,Final,20160924_rj12,NA
https://en.usports.ca/sports/fball/2016-17/boxscores/20161001_c4he.xml,0,1,0,0,2016-17,2016-10-01,Montreal,Sherbrooke,20,27,0 ,2016-10-01,Final,20161001_c4he,NA
https://en.usports.ca/sports/fball/2016-17/boxscores/20161015_kjd1.xml,0,1,0,0,2016-17,2016-10-15,Concordia,Sherbrooke,43,17,7 ,2016-10-01,Final,20161015_kjd1,NA
https://en.usports.ca/sports/fball/2016-17/boxscores/20161023_2jc6.xml,0,1,0,0,2016-17,2016-10-23,Sherbrooke,Montreal,30,5, ,2016-10-01,Final,20161023_2jc6,NA
https://en.usports.ca/sports/fball/2016-17/boxscores/20161029_fcu7.xml,0,1,0,0,2016-17,2016-10-29,Laval,Sherbrooke,1,14, ,2016-10-01,Final,20161029_fcu7,NA
https://en.usports.ca/sports/fball/2016-17/boxscores/20160902_re63.xml,1,0,0,0,2016-17,2016-09-02,Mount Allison,StFX,18,17,7 (Pre-Season) @ Oland Stadium Video  More    Photos,2016-09-01,Final,20160902_re63,NA
https://en.usports.ca/sports/fball/2016-17/boxscores/20160910_42xt.xml,0,1,0,0,2016-17,2016-09-10,StFX,Mount Allison,14,29,4 Alumni Field - Live on Bell Aliant Fibe TV1 Video  More   ,2016-09-01,Final,20160910_42xt,NA
https://en.usports.ca/sports/fball/2016-17/boxscores/20160917_9klg.xml,0,1,0,0,2016-17,2016-09-17,Acadia,StFX,37,8, Oland Stadium - Live on Bell Aliant Fibe TV1 Video  More   ,2016-09-01,Final,20160917_9klg,NA
https://en.usports.ca/sports/fball/2016-17/boxscores/20160924_2n3k.xml,0,1,0,0,2016-17,2016-09-24,StFX,Concordia,17,11,1 Video  More  ,2016-09-01,Final,20160924_2n3k,NA
https://en.usports.ca/sports/fball/2016-17/boxscores/20161001_97n8.xml,0,1,0,0,2016-17,2016-10-01,Saint Mary's,StFX,37,17,7 Oland Stadium - Live on Bell Aliant Fibe TV1   More  ,2016-10-01,Final,20161001_97n8,NA
https://en.usports.ca/sports/fball/2016-17/boxscores/20161007_934j.xml,0,1,0,0,2016-17,2016-10-07,Acadia,StFX,42,21,1 Oland Stadium - Live on Bell Aliant Fibe TV1 Video  More   ,2016-10-01,Final,20161007_934j,NA
https://en.usports.ca/sports/fball/2016-17/boxscores/20161015_7gpn.xml,0,1,0,0,2016-17,2016-10-15,StFX,Saint Mary's,6,45, Huskies Stadium - Live on Bell Aliant Fibe TV1   More  ,2016-10-01,Final,20161015_7gpn,NA
https://en.usports.ca/sports/fball/2016-17/boxscores/20161022_o6xt.xml,0,1,0,0,2016-17,2016-10-22,StFX,Acadia,29,33,9 Raymond Field - Live on Bell Aliant Fibe TV1   More  ,2016-10-01,Final,20161022_o6xt,NA
https://en.usports.ca/sports/fball/2016-17/boxscores/20161029_iq8z.xml,0,1,0,0,2016-17,2016-10-29,Mount Allison,StFX,65,17,7 Oland Stadium - Live on Bell Aliant Fibe TV1   More  ,2016-10-01,Final,20161029_iq8z,NA
https://en.usports.ca/sports/fball/2016-17/boxscores/20160828_5ynv.xml,0,1,0,1,2016-17,2016-08-28,Toronto,Guelph,41,22,2 Alumni Stadium Video  ,2016-08-01,Final,20160828_5ynv,NA
https://en.usports.ca/sports/fball/2016-17/boxscores/20160905_man8.xml,0,1,0,1,2016-17,2016-09-05,Toronto,McMaster,32,5, Tim Hortons Field Video  ,2016-09-01,Final,20160905_man8,NA
https://en.usports.ca/sports/fball/2016-17/boxscores/20160910_v5v4.xml,0,1,0,1,2016-17,2016-09-10,Carleton,Toronto,7,65, Varsity Stadium Video  ,2016-09-01,Final,20160910_v5v4,NA
https://en.usports.ca/sports/fball/2016-17/boxscores/20160917_zsph.xml,0,1,0,1,2016-17,2016-09-17,York,Toronto,45,18,8 Varsity Stadium Video  ,2016-09-01,Final,20160917_zsph,NA
https://en.usports.ca/sports/fball/2016-17/boxscores/20160924_ygbs.xml,0,1,0,1,2016-17,2016-09-24,Toronto,Queen's,20,5, Richardson Stadium Video  ,2016-09-01,Final,20160924_ygbs,NA
https://en.usports.ca/sports/fball/2016-17/boxscores/20161001_9zkz.xml,0,1,0,1,2016-17,2016-10-01,Toronto,Windsor,51,30,0 Alumni Field Video  ,2016-10-01,Final,20161001_9zkz,NA
https://en.usports.ca/sports/fball/2016-17/boxscores/20161006_sqry.xml,0,1,0,1,2016-17,2016-10-06,Laurier,Toronto,3,54, Varsity Stadium Video ,2016-10-01,Final,20161006_sqry,NA
https://en.usports.ca/sports/fball/2016-17/boxscores/20161015_nwbo.xml,0,1,0,1,2016-17,2016-10-15,Waterloo,Toronto,38,7, Varsity Stadium Video  ,2016-10-01,Final,20161015_nwbo,NA
https://en.usports.ca/sports/fball/2016-17/boxscores/20160826_0u4d.xml,1,0,0,0,2016-17,2016-08-26,Manitoba,UBC,7,50, Pre-season ,2016-08-01,Final,20160826_0u4d,NA
https://en.usports.ca/sports/fball/2016-17/boxscores/20160903_06l2.xml,0,1,0,0,2016-17,2016-09-03,Alberta,UBC,39,24,4 Video  ,2016-09-01,Final,20160903_06l2,NA
https://en.usports.ca/sports/fball/2016-17/boxscores/20160909_gbhq.xml,0,1,0,0,2016-17,2016-09-09,UBC,Calgary,35,8, Shaw TV/Access  ,2016-09-01,Final,20160909_gbhq,NA
https://en.usports.ca/sports/fball/2016-17/boxscores/20160917_nprb.xml,0,1,0,0,2016-17,2016-09-17,Regina,UBC,10,20,0   ,2016-09-01,Final,20160917_nprb,NA
https://en.usports.ca/sports/fball/2016-17/boxscores/20160924_thv3.xml,0,1,0,0,2016-17,2016-09-24,UBC,Alberta,0,62,  ,2016-09-01,Final,20160924_thv3,NA
https://en.usports.ca/sports/fball/2016-17/boxscores/20160930_by1b.xml,0,1,0,0,2016-17,2016-09-30,Manitoba,UBC,53,50,0  ,2016-09-01,Final - 4OT,20160930_by1b,NA
https://en.usports.ca/sports/fball/2016-17/boxscores/20161014_b557.xml,0,1,0,0,2016-17,2016-10-14,UBC,Saskatchewan,40,10,0   ,2016-10-01,Final,20161014_b557,NA
https://en.usports.ca/sports/fball/2016-17/boxscores/20161021_e5wk.xml,0,1,0,0,2016-17,2016-10-21,UBC,Regina,35,33,3 Shaw TV/Access  ,2016-10-01,Final,20161021_e5wk,NA
https://en.usports.ca/sports/fball/2016-17/boxscores/20161029_jl5w.xml,0,1,0,0,2016-17,2016-10-29,Calgary,UBC,35,41,5  ,2016-10-01,Final - OT,20161029_jl5w,NA
NA,1,0,0,0,2016-17,NA,Waterloo,Windsor,38,19,9 EXHIBITION GAME,2016-08-01,Final,NA,NA
https://en.usports.ca/sports/fball/2016-17/boxscores/20160828_ecsq.xml,0,1,0,1,2016-17,2016-08-28,Waterloo,York,57,13,3 York Stadium Video  ,2016-08-01,Final,20160828_ecsq,NA
https://en.usports.ca/sports/fball/2016-17/boxscores/20160905_a5v9.xml,0,1,0,1,2016-17,2016-09-05,Ottawa,Waterloo,1,65, Warrior Field Video  ,2016-09-01,Final,20160905_a5v9,NA
https://en.usports.ca/sports/fball/2016-17/boxscores/20160910_gbju.xml,0,1,0,1,2016-17,2016-09-10,Waterloo,Western,75,14,4 TD Stadium Video  ,2016-09-01,Final,20160910_gbju,NA
https://en.usports.ca/sports/fball/2016-17/boxscores/20160917_ocqd.xml,0,1,0,1,2016-17,2016-09-17,McMaster,Waterloo,0,35, Warrior Field Video  ,2016-09-01,Final,20160917_ocqd,NA
https://en.usports.ca/sports/fball/2016-17/boxscores/20160924_0pyb.xml,0,1,0,1,2016-17,2016-09-24,Waterloo,Laurier,68,7, University Stadium Video  ,2016-09-01,Final,20160924_0pyb,NA
https://en.usports.ca/sports/fball/2016-17/boxscores/20161001_yku4.xml,0,1,0,1,2016-17,2016-10-01,Queen's,Waterloo,20,54,0 Warrior Field Video  ,2016-10-01,Final,20161001_yku4,NA
https://en.usports.ca/sports/fball/2016-17/boxscores/20161015_nwbo.xml,0,1,0,1,2016-17,2016-10-15,Waterloo,Toronto,38,7, Varsity Stadium Video  ,2016-10-01,Final,20161015_nwbo,NA
https://en.usports.ca/sports/fball/2016-17/boxscores/20161022_iunl.xml,0,1,0,1,2016-17,2016-10-22,Carleton,Waterloo,15,43,5 Warrior Field Video  ,2016-10-01,Final,20161022_iunl,NA
https://en.usports.ca/sports/fball/2016-17/boxscores/20160828_om79.xml,0,1,0,1,2016-17,2016-08-28,Windsor,Western,78,6, TD Stadium Video  More  Audio,2016-08-01,Final,20160828_om79,NA
https://en.usports.ca/sports/fball/2016-17/boxscores/20160904_4gqj.xml,0,1,0,1,2016-17,2016-09-04,Western,Carleton,38,31,1 MNP Park Video  ,2016-09-01,Final,20160904_4gqj,NA
https://en.usports.ca/sports/fball/2016-17/boxscores/20160910_gbju.xml,0,1,0,1,2016-17,2016-09-10,Waterloo,Western,75,14,4 TD Stadium Video  ,2016-09-01,Final,20160910_gbju,NA
https://en.usports.ca/sports/fball/2016-17/boxscores/20160917_0ca4.xml,0,1,0,1,2016-17,2016-09-17,Western,Queen's,13,27,3 Richardson Stadium Video  More  ,2016-09-01,Final,20160917_0ca4,NA
https://en.usports.ca/sports/fball/2016-17/boxscores/20160924_156r.xml,0,1,0,1,2016-17,2016-09-24,Western,Guelph,16,50,6 Alumni Stadium Video  ,2016-09-01,Final,20160924_156r,NA
https://en.usports.ca/sports/fball/2016-17/boxscores/20161001_owqm.xml,0,1,0,1,2016-17,2016-10-01,Laurier,Western,45,26,6 TD Stadium Video  ,2016-10-01,Final,20161001_owqm,NA
https://en.usports.ca/sports/fball/2016-17/boxscores/20161015_uuz3.xml,0,1,0,1,2016-17,2016-10-15,Western,Ottawa,17,68,7 Gee-Gees Field Video  ,2016-10-01,Final,20161015_uuz3,NA
https://en.usports.ca/sports/fball/2016-17/boxscores/20161022_efvz.xml,0,1,0,1,2016-17,2016-10-22,McMaster,Western,19,18,8 TD Stadium Video  ,2016-10-01,Final,20161022_efvz,NA
NA,1,0,0,0,2016-17,NA,Waterloo,Windsor,38,19,9 EXHIBITION GAME,2016-08-01,Final,NA,NA
https://en.usports.ca/sports/fball/2016-17/boxscores/20160828_om79.xml,0,1,0,1,2016-17,2016-08-28,Windsor,Western,78,6, TD Stadium Video  More  Audio,2016-08-01,Final,20160828_om79,NA
https://en.usports.ca/sports/fball/2016-17/boxscores/20160905_mkdf.xml,0,1,0,1,2016-17,2016-09-05,Guelph,Windsor,33,29,9 Alumni Field Video  ,2016-09-01,Final,20160905_mkdf,NA
https://en.usports.ca/sports/fball/2016-17/boxscores/20160910_k490.xml,0,1,0,1,2016-17,2016-09-10,Windsor,York,56,32,2 York Stadium Video  ,2016-09-01,Final,20160910_k490,NA
https://en.usports.ca/sports/fball/2016-17/boxscores/20160924_2n82.xml,0,1,0,1,2016-17,2016-09-24,Ottawa,Windsor,18,41,8 Alumni Field Video  ,2016-09-01,Final,20160924_2n82,NA
https://en.usports.ca/sports/fball/2016-17/boxscores/20161001_9zkz.xml,0,1,0,1,2016-17,2016-10-01,Toronto,Windsor,51,30,0 Alumni Field Video  ,2016-10-01,Final,20161001_9zkz,NA
https://en.usports.ca/sports/fball/2016-17/boxscores/20161007_vytz.xml,0,1,0,1,2016-17,2016-10-07,Windsor,Carleton,53,10,0 MNP Park Video ,2016-10-01,Final,20161007_vytz,NA
https://en.usports.ca/sports/fball/2016-17/boxscores/20161015_vh4k.xml,0,1,0,1,2016-17,2016-10-15,Windsor,Queen's,55,5, Richardson Stadium Video  ,2016-10-01,Final,20161015_vh4k,NA
https://en.usports.ca/sports/fball/2016-17/boxscores/20161022_fqor.xml,0,1,0,1,2016-17,2016-10-22,Laurier,Windsor,9,38, Alumni Field Video  ,2016-10-01,Final,20161022_fqor,NA
NA,1,0,0,0,2016-17,NA,York,Sherbrooke,44,3, EXHIBITION GAME,2016-08-01,Final,NA,NA
https://en.usports.ca/sports/fball/2016-17/boxscores/20160828_ecsq.xml,0,1,0,1,2016-17,2016-08-28,Waterloo,York,57,13,3 York Stadium Video  ,2016-08-01,Final,20160828_ecsq,NA
https://en.usports.ca/sports/fball/2016-17/boxscores/20160905_ej9h.xml,0,1,0,1,2016-17,2016-09-05,York,Laurier,74,3, University Stadium Video  More  ,2016-09-01,Final,20160905_ej9h,NA
https://en.usports.ca/sports/fball/2016-17/boxscores/20160910_k490.xml,0,1,0,1,2016-17,2016-09-10,Windsor,York,56,32,2 York Stadium Video  ,2016-09-01,Final,20160910_k490,NA
https://en.usports.ca/sports/fball/2016-17/boxscores/20160917_zsph.xml,0,1,0,1,2016-17,2016-09-17,York,Toronto,45,18,8 Varsity Stadium Video  ,2016-09-01,Final,20160917_zsph,NA
https://en.usports.ca/sports/fball/2016-17/boxscores/20160924_jmtq.xml,0,1,0,1,2016-17,2016-09-24,Carleton,York,7,50, York Stadium Video  ,2016-09-01,Final,20160924_jmtq,NA
https://en.usports.ca/sports/fball/2016-17/boxscores/20161007_vc0p.xml,0,1,0,1,2016-17,2016-10-07,York,Ottawa,54,20,0 Gee-Gees Field Video ,2016-10-01,Final,20161007_vc0p,NA
https://en.usports.ca/sports/fball/2016-17/boxscores/20161015_zjb4.xml,0,1,0,1,2016-17,2016-10-15,McMaster,York,2,64, York Stadium Video  ,2016-10-01,Final,20161015_zjb4,NA
https://en.usports.ca/sports/fball/2016-17/boxscores/20161022_c65m.xml,0,1,0,1,2016-17,2016-10-22,York,Guelph,52,8, Alumni Stadium Video  ,2016-10-01,Final,20161022_c65m,NA
NA,1,0,0,0,2015-16,NA,Saint Mary's,Acadia,3,14, (Pre-Season),2015-09-01,Final,NA,NA
https://en.usports.ca/sports/fball/2015-16/boxscores/20150912_j6xw.xml,0,1,0,0,2015-16,2015-09-12,StFX,Acadia,31,15,5   Photos,2015-09-01,Final,20150912_j6xw,NA
https://en.usports.ca/sports/fball/2015-16/boxscores/20150919_zbcp.xml,0,1,0,0,2015-16,2015-09-19,Acadia,Mount Allison,24,25,4 Bell Aliant FibreOP TV1  ,2015-09-01,Final,20150919_zbcp,NA
https://en.usports.ca/sports/fball/2015-16/boxscores/20150926_5vsc.xml,0,1,0,0,2015-16,2015-09-26,Acadia,McGill,45,15,5  ,2015-09-01,Final,20150926_5vsc,NA
https://en.usports.ca/sports/fball/2015-16/boxscores/20151003_tx8m.xml,0,1,0,0,2015-16,2015-10-03,Mount Allison,Acadia,14,32,4 Bell Aliant FibreOP TV1  ,2015-10-01,Final,20151003_tx8m,NA
https://en.usports.ca/sports/fball/2015-16/boxscores/20151009_4xnx.xml,0,1,0,0,2015-16,2015-10-09,Acadia,Saint Mary's,9,47, Bell Aliant FibreOP TV1  ,2015-10-01,Final,20151009_4xnx,/sports/fball/2015-16/releases/20151009xor0go
https://en.usports.ca/sports/fball/2015-16/boxscores/20151017_ssks.xml,0,1,0,0,2015-16,2015-10-17,Mount Allison,Acadia,21,38,1 Homecoming - Bell Aliant FibreOP TV1  ,2015-10-01,Final,20151017_ssks,/sports/fball/2015-16/releases/20151017x7bjw3
https://en.usports.ca/sports/fball/2015-16/boxscores/20151024_5afb.xml,0,1,0,0,2015-16,2015-10-24,Acadia,StFX,7,5, Bell Aliant FibreOP TV1  ,2015-10-01,Final,20151024_5afb,NA
https://en.usports.ca/sports/fball/2015-16/boxscores/20151031_tgp1.xml,0,1,0,0,2015-16,2015-10-31,Saint Mary's,Acadia,27,0, Bell Aliant FibreOP TV1   More  ,2015-10-01,Final,20151031_tgp1,NA
https://en.usports.ca/sports/fball/2015-16/boxscores/20150904_27bi.xml,0,1,0,0,2015-16,2015-09-04,Alberta,Regina,22,29,"2 TV: Access, Shaw (Edm. only)  ",2015-09-01,Final,20150904_27bi,NA
https://en.usports.ca/sports/fball/2015-16/boxscores/20150911_ych9.xml,0,1,0,0,2015-16,2015-09-11,Saskatchewan,Alberta,38,26,6   ,2015-09-01,Final,20150911_ych9,NA
https://en.usports.ca/sports/fball/2015-16/boxscores/20150917_df1d.xml,0,1,0,0,2015-16,2015-09-17,Alberta,Calgary,80,18,"8 TV: Shaw TV, Access  ",2015-09-01,Final,20150917_df1d,NA
https://en.usports.ca/sports/fball/2015-16/boxscores/20150925_w1cs.xml,0,1,0,0,2015-16,2015-09-25,Manitoba,Alberta,32,42,2  ,2015-09-01,Final,20150925_w1cs,NA
https://en.usports.ca/sports/fball/2015-16/boxscores/20151003_669s.xml,0,1,0,0,2015-16,2015-10-03,UBC,Alberta,21,39,"1 TV: Shaw TV, Access  ",2015-10-01,Final,20151003_669s,NA
https://en.usports.ca/sports/fball/2015-16/boxscores/20151017_agj3.xml,0,1,0,0,2015-16,2015-10-17,Alberta,UBC,54,10,0  ,2015-10-01,Final,20151017_agj3,/sports/fball/2015-16/releases/20151017xu4m5n
https://en.usports.ca/sports/fball/2015-16/boxscores/20151023_o1o3.xml,0,1,0,0,2015-16,2015-10-23,Alberta,Manitoba,29,7, Video  ,2015-10-01,Final,20151023_o1o3,NA
https://en.usports.ca/sports/fball/2015-16/boxscores/20151031_grom.xml,0,1,0,0,2015-16,2015-10-31,Calgary,Alberta,28,64,8   ,2015-10-01,Final,20151031_grom,NA
https://en.usports.ca/sports/fball/2015-16/boxscores/20150904_epk2.xml,0,1,0,0,2015-16,2015-09-04,Bishop's,McGill,10,3,  ,2015-09-01,Final,20150904_epk2,NA
https://en.usports.ca/sports/fball/2015-16/boxscores/20150912_dnxe.xml,0,1,0,0,2015-16,2015-09-12,Concordia,Bishop's,18,38,8  ,2015-09-01,Final,20150912_dnxe,NA
https://en.usports.ca/sports/fball/2015-16/boxscores/20150919_iqxm.xml,0,1,0,0,2015-16,2015-09-19,Laval,Bishop's,2,44,   ,2015-09-01,Final,20150919_iqxm,/sports/fball/2015-16/releases/20150919ytwo0b
https://en.usports.ca/sports/fball/2015-16/boxscores/20150926_z46a.xml,0,1,0,0,2015-16,2015-09-26,Bishop's,Saint Mary's,17,23,7 Bell Aliant FibreOP TV1  ,2015-09-01,Final,20150926_z46a,NA
https://en.usports.ca/sports/fball/2015-16/boxscores/20151003_wi9g.xml,0,1,0,0,2015-16,2015-10-03,McGill,Bishop's,11,53,1 Homecoming - TVA Sports  ,2015-10-01,Final,20151003_wi9g,NA
https://en.usports.ca/sports/fball/2015-16/boxscores/20151017_uxdm.xml,0,1,0,0,2015-16,2015-10-17,Bishop's,Concordia,63,0, ,2015-10-01,Final,20151017_uxdm,NA
https://en.usports.ca/sports/fball/2015-16/boxscores/20151024_ht5h.xml,0,1,0,0,2015-16,2015-10-24,Montreal,Bishop's,3,52, ,2015-10-01,Final,20151024_ht5h,NA
https://en.usports.ca/sports/fball/2015-16/boxscores/20151031_6d8n.xml,0,1,0,0,2015-16,2015-10-31,Bishop's,Sherbrooke,42,29,9 ,2015-10-01,Final,20151031_6d8n,NA
https://en.usports.ca/sports/fball/2015-16/boxscores/20150826_mdgp.xml,1,0,0,0,2015-16,2015-08-26,Regina,Calgary,25,9, ,2015-08-01,Final,20150826_mdgp,NA
https://en.usports.ca/sports/fball/2015-16/boxscores/20150904_5rvl.xml,0,1,0,0,2015-16,2015-09-04,UBC,Calgary,49,16,6   Photos,2015-09-01,Final,20150904_5rvl,NA
https://en.usports.ca/sports/fball/2015-16/boxscores/20150911_if40.xml,0,1,0,0,2015-16,2015-09-11,Calgary,Manitoba,38,46,"8 TV: Shaw TV, Access  ",2015-09-01,Final,20150911_if40,NA
https://en.usports.ca/sports/fball/2015-16/boxscores/20150917_df1d.xml,0,1,0,0,2015-16,2015-09-17,Alberta,Calgary,80,18,"8 TV: Shaw TV, Access  ",2015-09-01,Final,20150917_df1d,NA
https://en.usports.ca/sports/fball/2015-16/boxscores/20150926_m8u5.xml,0,1,0,0,2015-16,2015-09-26,Calgary,Regina,8,72," TV: Shaw TV, Access  ",2015-09-01,Final,20150926_m8u5,NA
https://en.usports.ca/sports/fball/2015-16/boxscores/20151003_nig2.xml,0,1,0,0,2015-16,2015-10-03,Saskatchewan,Calgary,59,19,9  ,2015-10-01,Final,20151003_nig2,NA
https://en.usports.ca/sports/fball/2015-16/boxscores/20151016_983a.xml,0,1,0,0,2015-16,2015-10-16,Calgary,Saskatchewan,15,44,5  ,2015-10-01,Final,20151016_983a,NA
https://en.usports.ca/sports/fball/2015-16/boxscores/20151024_4uf1.xml,0,1,0,0,2015-16,2015-10-24,Regina,Calgary,57,7,  ,2015-10-01,Final,20151024_4uf1,NA
https://en.usports.ca/sports/fball/2015-16/boxscores/20151031_grom.xml,0,1,0,0,2015-16,2015-10-31,Calgary,Alberta,28,64,8   ,2015-10-01,Final,20151031_grom,NA
https://en.usports.ca/sports/fball/2015-16/boxscores/20150830_wejo.xml,0,1,0,0,2015-16,2015-08-30,Carleton,Queen's,34,24,4 Video  ,2015-08-01,Final,20150830_wejo,NA
https://en.usports.ca/sports/fball/2015-16/boxscores/20150906_wyeu.xml,0,1,0,0,2015-16,2015-09-06,Waterloo,Carleton,57,0,  ,2015-09-01,Final,20150906_wyeu,NA
https://en.usports.ca/sports/fball/2015-16/boxscores/20150912_ed4i.xml,0,1,0,0,2015-16,2015-09-12,Carleton,Windsor,16,62,6  ,2015-09-01,Final,20150912_ed4i,NA
https://en.usports.ca/sports/fball/2015-16/boxscores/20150919_rmwp.xml,0,1,0,0,2015-16,2015-09-19,Toronto,Carleton,19,15,5 Homecoming  ,2015-09-01,Final,20150919_rmwp,NA
https://en.usports.ca/sports/fball/2015-16/boxscores/20150926_401v.xml,0,1,0,0,2015-16,2015-09-26,Carleton,Western,70,14,"4 Homecoming - Rogers TV Cable 13, Rogers Sports Plus  ",2015-09-01,Final,20150926_401v,NA
https://en.usports.ca/sports/fball/2015-16/boxscores/20151003_rucu.xml,0,1,0,0,2015-16,2015-10-03,Carleton,Ottawa,45,48,5 Panda Game  ,2015-10-01,Final - 2OT,20151003_rucu,NA
https://en.usports.ca/sports/fball/2015-16/boxscores/20151009_urtj.xml,0,1,0,0,2015-16,2015-10-09,York,Carleton,52,0,  ,2015-10-01,Final,20151009_urtj,NA
https://en.usports.ca/sports/fball/2015-16/boxscores/20151024_1tk3.xml,0,1,0,0,2015-16,2015-10-24,Guelph,Carleton,12,44,2  ,2015-10-01,Final,20151024_1tk3,NA
NA,1,0,0,0,2015-16,NA,Queen's,Concordia,21,18,8 Preseason,2015-08-01,Final,NA,NA
https://en.usports.ca/sports/fball/2015-16/boxscores/20150904_t9nm.xml,0,1,0,0,2015-16,2015-09-04,Sherbrooke,Concordia,0,37, ,2015-09-01,Final,20150904_t9nm,NA
https://en.usports.ca/sports/fball/2015-16/boxscores/20150912_dnxe.xml,0,1,0,0,2015-16,2015-09-12,Concordia,Bishop's,18,38,8  ,2015-09-01,Final,20150912_dnxe,NA
https://en.usports.ca/sports/fball/2015-16/boxscores/20150919_eh4s.xml,0,1,0,0,2015-16,2015-09-19,McGill,Concordia,33,21,1 29th annual Montreal Shrine Bowl  ,2015-09-01,Final,20150919_eh4s,NA
https://en.usports.ca/sports/fball/2015-16/boxscores/20150926_i30x.xml,0,1,0,0,2015-16,2015-09-26,Montreal,Concordia,29,41,9 TVA Sports ,2015-09-01,Final,20150926_i30x,NA
https://en.usports.ca/sports/fball/2015-16/boxscores/20151004_lkig.xml,0,1,0,0,2015-16,2015-10-04,Concordia,Laval,42,27,7 TVA Sports  ,2015-10-01,Final,20151004_lkig,NA
https://en.usports.ca/sports/fball/2015-16/boxscores/20151017_uxdm.xml,0,1,0,0,2015-16,2015-10-17,Bishop's,Concordia,63,0, ,2015-10-01,Final,20151017_uxdm,NA
https://en.usports.ca/sports/fball/2015-16/boxscores/20151024_w4zx.xml,0,1,0,0,2015-16,2015-10-24,Concordia,McGill,41,43,1 Homecoming Game & 47th Shaughnessy Cup; TVA Sports ,2015-10-01,Final,20151024_w4zx,NA
https://en.usports.ca/sports/fball/2015-16/boxscores/20151031_dqw2.xml,0,1,0,0,2015-16,2015-10-31,Concordia,Montreal,22,17,7 ,2015-10-01,Final,20151031_dqw2,NA
https://en.usports.ca/sports/fball/2015-16/boxscores/20150822_vqgf.xml,1,0,0,0,2015-16,2015-08-22,Guelph,Manitoba,33,33,3 ,2015-08-01,Final,20150822_vqgf,NA
https://en.usports.ca/sports/fball/2015-16/boxscores/20150830_3pxf.xml,0,1,0,0,2015-16,2015-08-30,Guelph,Waterloo,7,78,  ,2015-08-01,Final,20150830_3pxf,NA
https://en.usports.ca/sports/fball/2015-16/boxscores/20150907_xef3.xml,0,1,0,0,2015-16,2015-09-07,Laurier,Guelph,30,19,9 Video  More  ,2015-09-01,Final,20150907_xef3,NA
https://en.usports.ca/sports/fball/2015-16/boxscores/20150912_20qn.xml,0,1,0,0,2015-16,2015-09-12,Guelph,York,22,49,2 Homecoming  ,2015-09-01,Final,20150912_20qn,NA
https://en.usports.ca/sports/fball/2015-16/boxscores/20150919_mh94.xml,0,1,0,0,2015-16,2015-09-19,McMaster,Guelph,33,23,3 Homecoming - Rogers TV Cable 20 Video  ,2015-09-01,Final,20150919_mh94,NA
https://en.usports.ca/sports/fball/2015-16/boxscores/20150926_relq.xml,0,1,0,0,2015-16,2015-09-26,Ottawa,Guelph,48,26,6 Rogers TV Cable 20 Video  ,2015-09-01,Final,20150926_relq,NA
https://en.usports.ca/sports/fball/2015-16/boxscores/20151003_cric.xml,0,1,0,0,2015-16,2015-10-03,Guelph,Queen's,23,15,5  ,2015-10-01,Final,20151003_cric,NA
https://en.usports.ca/sports/fball/2015-16/boxscores/20151017_ui2g.xml,0,1,0,0,2015-16,2015-10-17,Windsor,Guelph,41,27,7 Video  ,2015-10-01,Final,20151017_ui2g,/sports/fball/2015-16/releases/20151017xkvq2h
https://en.usports.ca/sports/fball/2015-16/boxscores/20151024_1tk3.xml,0,1,0,0,2015-16,2015-10-24,Guelph,Carleton,12,44,2  ,2015-10-01,Final,20151024_1tk3,NA
https://en.usports.ca/sports/fball/2015-16/boxscores/20150821_t7l8.xml,1,0,0,0,2015-16,2015-08-21,Laurier,Saskatchewan,33,10,0 Preseason  ,2015-08-01,Final,20150821_t7l8,NA
https://en.usports.ca/sports/fball/2015-16/boxscores/20150830_4oei.xml,0,1,0,0,2015-16,2015-08-30,Laurier,York,21,38,1  ,2015-08-01,Final,20150830_4oei,NA
https://en.usports.ca/sports/fball/2015-16/boxscores/20150907_xef3.xml,0,1,0,0,2015-16,2015-09-07,Laurier,Guelph,30,19,9 Video  More  ,2015-09-01,Final,20150907_xef3,NA
https://en.usports.ca/sports/fball/2015-16/boxscores/20150912_b8dr.xml,0,1,0,0,2015-16,2015-09-12,Western,Laurier,9,59,  ,2015-09-01,Final,20150912_b8dr,NA
https://en.usports.ca/sports/fball/2015-16/boxscores/20150926_cpvi.xml,0,1,0,0,2015-16,2015-09-26,Windsor,Laurier,18,22,8 Homecoming  ,2015-09-01,Final,20150926_cpvi,NA
https://en.usports.ca/sports/fball/2015-16/boxscores/20151003_71sh.xml,0,1,0,0,2015-16,2015-10-03,Laurier,Waterloo,0,42, Battle of Waterloo / Homecoming  ,2015-10-01,Final,20151003_71sh,NA
https://en.usports.ca/sports/fball/2015-16/boxscores/20151009_z9ve.xml,0,1,0,0,2015-16,2015-10-09,Ottawa,Laurier,65,30,0  ,2015-10-01,Final,20151009_z9ve,NA
https://en.usports.ca/sports/fball/2015-16/boxscores/20151017_ubcf.xml,0,1,0,0,2015-16,2015-10-17,McMaster,Laurier,21,30,1  ,2015-10-01,Final,20151017_ubcf,/sports/fball/2015-16/releases/20151017xj410z
https://en.usports.ca/sports/fball/2015-16/boxscores/20151024_xep7.xml,0,1,0,0,2015-16,2015-10-24,Laurier,Queen's,26,49,6  ,2015-10-01,Final,20151024_xep7,NA
https://en.usports.ca/sports/fball/2015-16/boxscores/20150829_aesn.xml,1,0,0,0,2015-16,2015-08-29,UBC,Laval,16,41,6   Photos,2015-08-01,Final,20150829_aesn,NA
https://en.usports.ca/sports/fball/2015-16/boxscores/20150905_vbet.xml,0,1,0,0,2015-16,2015-09-05,Montreal,Laval,12,9, TVA Sports 2   Photos,2015-09-01,Final,20150905_vbet,NA
https://en.usports.ca/sports/fball/2015-16/boxscores/20150912_o0fp.xml,0,1,0,0,2015-16,2015-09-12,Laval,Sherbrooke,24,27,4 ,2015-09-01,Final - OT,20150912_o0fp,NA
https://en.usports.ca/sports/fball/2015-16/boxscores/20150919_iqxm.xml,0,1,0,0,2015-16,2015-09-19,Laval,Bishop's,2,44,   ,2015-09-01,Final,20150919_iqxm,/sports/fball/2015-16/releases/20150919ytwo0b
https://en.usports.ca/sports/fball/2015-16/boxscores/20150926_fhw6.xml,0,1,0,0,2015-16,2015-09-26,StFX,Laval,64,0,   ,2015-09-01,Final,20150926_fhw6,NA
https://en.usports.ca/sports/fball/2015-16/boxscores/20151004_lkig.xml,0,1,0,0,2015-16,2015-10-04,Concordia,Laval,42,27,7 TVA Sports  ,2015-10-01,Final,20151004_lkig,NA
https://en.usports.ca/sports/fball/2015-16/boxscores/20151017_nmiu.xml,0,1,0,0,2015-16,2015-10-17,Laval,Montreal,22,16,6 TVA Sports  ,2015-10-01,Final,20151017_nmiu,/sports/fball/2015-16/releases/20151017xpewdh
https://en.usports.ca/sports/fball/2015-16/boxscores/20151025_hy3l.xml,0,1,0,0,2015-16,2015-10-25,Sherbrooke,Laval,36,7, ,2015-10-01,Final,20151025_hy3l,NA
https://en.usports.ca/sports/fball/2015-16/boxscores/20151031_9b97.xml,0,1,0,0,2015-16,2015-10-31,Laval,McGill,10,57,0  ,2015-10-01,Final,20151031_9b97,NA
https://en.usports.ca/sports/fball/2015-16/boxscores/20150822_vqgf.xml,1,0,0,0,2015-16,2015-08-22,Guelph,Manitoba,33,33,3 ,2015-08-01,Final,20150822_vqgf,NA
https://en.usports.ca/sports/fball/2015-16/boxscores/20150904_ygj4.xml,0,1,0,0,2015-16,2015-09-04,Manitoba,Saskatchewan,28,34,8 TV: Shaw TV  ,2015-09-01,Final,20150904_ygj4,NA
https://en.usports.ca/sports/fball/2015-16/boxscores/20150911_if40.xml,0,1,0,0,2015-16,2015-09-11,Calgary,Manitoba,38,46,"8 TV: Shaw TV, Access  ",2015-09-01,Final,20150911_if40,NA
https://en.usports.ca/sports/fball/2015-16/boxscores/20150919_n3wv.xml,0,1,0,0,2015-16,2015-09-19,UBC,Manitoba,48,51,8  ,2015-09-01,Final,20150919_n3wv,NA
https://en.usports.ca/sports/fball/2015-16/boxscores/20150925_w1cs.xml,0,1,0,0,2015-16,2015-09-25,Manitoba,Alberta,32,42,2  ,2015-09-01,Final,20150925_w1cs,NA
https://en.usports.ca/sports/fball/2015-16/boxscores/20151002_kkv8.xml,0,1,0,0,2015-16,2015-10-02,Regina,Manitoba,34,19,9  ,2015-10-01,Final,20151002_kkv8,NA
https://en.usports.ca/sports/fball/2015-16/boxscores/20151017_vxve.xml,0,1,0,0,2015-16,2015-10-17,Manitoba,Regina,46,49,"6 TV: Shaw TV, Access  ",2015-10-01,Final,20151017_vxve,NA
https://en.usports.ca/sports/fball/2015-16/boxscores/20151023_o1o3.xml,0,1,0,0,2015-16,2015-10-23,Alberta,Manitoba,29,7, Video  ,2015-10-01,Final,20151023_o1o3,NA
https://en.usports.ca/sports/fball/2015-16/boxscores/20151031_c44f.xml,0,1,0,0,2015-16,2015-10-31,Manitoba,UBC,24,10,"0 TV: Shaw TV, Access  ",2015-10-01,Final,20151031_c44f,NA
https://en.usports.ca/sports/fball/2015-16/boxscores/20150821_w4s7.xml,1,0,0,0,2015-16,2015-08-21,Toronto,McGill,3,36, Preseason ,2015-08-01,Final,20150821_w4s7,NA
https://en.usports.ca/sports/fball/2015-16/boxscores/20150904_epk2.xml,0,1,0,0,2015-16,2015-09-04,Bishop's,McGill,10,3,  ,2015-09-01,Final,20150904_epk2,NA
https://en.usports.ca/sports/fball/2015-16/boxscores/20150911_5a5o.xml,0,1,0,0,2015-16,2015-09-11,McGill,Montreal,42,2,  ,2015-09-01,Final,20150911_5a5o,NA
https://en.usports.ca/sports/fball/2015-16/boxscores/20150919_eh4s.xml,0,1,0,0,2015-16,2015-09-19,McGill,Concordia,33,21,1 29th annual Montreal Shrine Bowl  ,2015-09-01,Final,20150919_eh4s,NA
https://en.usports.ca/sports/fball/2015-16/boxscores/20150926_5vsc.xml,0,1,0,0,2015-16,2015-09-26,Acadia,McGill,45,15,5  ,2015-09-01,Final,20150926_5vsc,NA
https://en.usports.ca/sports/fball/2015-16/boxscores/20151003_wi9g.xml,0,1,0,0,2015-16,2015-10-03,McGill,Bishop's,11,53,1 Homecoming - TVA Sports  ,2015-10-01,Final,20151003_wi9g,NA
https://en.usports.ca/sports/fball/2015-16/boxscores/20151017_gmiy.xml,0,1,0,0,2015-16,2015-10-17,McGill,Sherbrooke,45,10,0  ,2015-10-01,Final,20151017_gmiy,/sports/fball/2015-16/releases/20151017xrmc8t
https://en.usports.ca/sports/fball/2015-16/boxscores/20151024_w4zx.xml,0,1,0,0,2015-16,2015-10-24,Concordia,McGill,41,43,1 Homecoming Game & 47th Shaughnessy Cup; TVA Sports ,2015-10-01,Final,20151024_w4zx,NA
https://en.usports.ca/sports/fball/2015-16/boxscores/20151031_9b97.xml,0,1,0,0,2015-16,2015-10-31,Laval,McGill,10,57,0  ,2015-10-01,Final,20151031_9b97,NA
https://en.usports.ca/sports/fball/2015-16/boxscores/20150830_uifx.xml,0,1,0,0,2015-16,2015-08-30,McMaster,Toronto,33,55,3  ,2015-08-01,Final,20150830_uifx,NA
https://en.usports.ca/sports/fball/2015-16/boxscores/20150912_jwff.xml,0,1,0,0,2015-16,2015-09-12,Ottawa,McMaster,57,42,2  ,2015-09-01,Final,20150912_jwff,NA
https://en.usports.ca/sports/fball/2015-16/boxscores/20150919_mh94.xml,0,1,0,0,2015-16,2015-09-19,McMaster,Guelph,33,23,3 Homecoming - Rogers TV Cable 20 Video  ,2015-09-01,Final,20150919_mh94,NA
https://en.usports.ca/sports/fball/2015-16/boxscores/20150926_8c7f.xml,0,1,0,0,2015-16,2015-09-26,York,McMaster,67,10,0 Homecoming  ,2015-09-01,Final,20150926_8c7f,NA
https://en.usports.ca/sports/fball/2015-16/boxscores/20151003_zvq3.xml,0,1,0,0,2015-16,2015-10-03,McMaster,Windsor,19,44,9  ,2015-10-01,Final,20151003_zvq3,NA
https://en.usports.ca/sports/fball/2015-16/boxscores/20151008_gzvc.xml,0,1,0,0,2015-16,2015-10-08,Waterloo,McMaster,55,7,  ,2015-10-01,Final,20151008_gzvc,/sports/fball/2015-16/releases/20151009fs57tr
https://en.usports.ca/sports/fball/2015-16/boxscores/20151017_ubcf.xml,0,1,0,0,2015-16,2015-10-17,McMaster,Laurier,21,30,1  ,2015-10-01,Final,20151017_ubcf,/sports/fball/2015-16/releases/20151017xj410z
https://en.usports.ca/sports/fball/2015-16/boxscores/20151024_xnkx.xml,0,1,0,0,2015-16,2015-10-24,Western,McMaster,24,46,4  ,2015-10-01,Final,20151024_xnkx,NA
https://en.usports.ca/sports/fball/2015-16/boxscores/20150823_ly9v.xml,1,0,0,0,2015-16,2015-08-23,Ottawa,Montreal,36,3, Preseason ,2015-08-01,Final,20150823_ly9v,NA
https://en.usports.ca/sports/fball/2015-16/boxscores/20150905_vbet.xml,0,1,0,0,2015-16,2015-09-05,Montreal,Laval,12,9, TVA Sports 2   Photos,2015-09-01,Final,20150905_vbet,NA
https://en.usports.ca/sports/fball/2015-16/boxscores/20150911_5a5o.xml,0,1,0,0,2015-16,2015-09-11,McGill,Montreal,42,2,  ,2015-09-01,Final,20150911_5a5o,NA
https://en.usports.ca/sports/fball/2015-16/boxscores/20150919_fldk.xml,0,1,0,0,2015-16,2015-09-19,Sherbrooke,Montreal,32,13,3 TVA Sports  ,2015-09-01,Final,20150919_fldk,NA
https://en.usports.ca/sports/fball/2015-16/boxscores/20150926_i30x.xml,0,1,0,0,2015-16,2015-09-26,Montreal,Concordia,29,41,9 TVA Sports ,2015-09-01,Final,20150926_i30x,NA
https://en.usports.ca/sports/fball/2015-16/boxscores/20151003_6w5g.xml,0,1,0,0,2015-16,2015-10-03,Montreal,Sherbrooke,17,12,2  ,2015-10-01,Final,20151003_6w5g,NA
https://en.usports.ca/sports/fball/2015-16/boxscores/20151017_nmiu.xml,0,1,0,0,2015-16,2015-10-17,Laval,Montreal,22,16,6 TVA Sports  ,2015-10-01,Final,20151017_nmiu,/sports/fball/2015-16/releases/20151017xpewdh
https://en.usports.ca/sports/fball/2015-16/boxscores/20151024_ht5h.xml,0,1,0,0,2015-16,2015-10-24,Montreal,Bishop's,3,52, ,2015-10-01,Final,20151024_ht5h,NA
https://en.usports.ca/sports/fball/2015-16/boxscores/20151031_dqw2.xml,0,1,0,0,2015-16,2015-10-31,Concordia,Montreal,22,17,7 ,2015-10-01,Final,20151031_dqw2,NA
NA,1,0,0,0,2015-16,NA,Mount Allison,StFX,29,14,4 (Pre-Season) ,2015-09-01,Final,NA,NA
https://en.usports.ca/sports/fball/2015-16/boxscores/20150911_tcdo.xml,0,1,0,0,2015-16,2015-09-11,Mount Allison,Saint Mary's,6,38,  ,2015-09-01,Final,20150911_tcdo,NA
https://en.usports.ca/sports/fball/2015-16/boxscores/20150919_zbcp.xml,0,1,0,0,2015-16,2015-09-19,Acadia,Mount Allison,24,25,4 Bell Aliant FibreOP TV1  ,2015-09-01,Final,20150919_zbcp,NA
https://en.usports.ca/sports/fball/2015-16/boxscores/20150926_zqba.xml,0,1,0,0,2015-16,2015-09-26,Sherbrooke,Mount Allison,7,31, Homecoming - Bell Aliant FibreOP TV1  ,2015-09-01,Final,20150926_zqba,NA
https://en.usports.ca/sports/fball/2015-16/boxscores/20151003_tx8m.xml,0,1,0,0,2015-16,2015-10-03,Mount Allison,Acadia,14,32,4 Bell Aliant FibreOP TV1  ,2015-10-01,Final,20151003_tx8m,NA
https://en.usports.ca/sports/fball/2015-16/boxscores/20151010_voh9.xml,0,1,0,0,2015-16,2015-10-10,Mount Allison,StFX,17,27,7 Bell Aliant FibreOP TV1  ,2015-10-01,Final,20151010_voh9,NA
https://en.usports.ca/sports/fball/2015-16/boxscores/20151017_ssks.xml,0,1,0,0,2015-16,2015-10-17,Mount Allison,Acadia,21,38,1 Homecoming - Bell Aliant FibreOP TV1  ,2015-10-01,Final,20151017_ssks,/sports/fball/2015-16/releases/20151017x7bjw3
https://en.usports.ca/sports/fball/2015-16/boxscores/20151024_9yty.xml,0,1,0,0,2015-16,2015-10-24,Saint Mary's,Mount Allison,37,6, Bell Aliant FibreOP TV1   ,2015-10-01,Final,20151024_9yty,NA
https://en.usports.ca/sports/fball/2015-16/boxscores/20151031_w0oe.xml,0,1,0,0,2015-16,2015-10-31,StFX,Mount Allison,18,24,8 Bell Aliant FibreOP TV1   More  ,2015-10-01,Final,20151031_w0oe,NA
https://en.usports.ca/sports/fball/2015-16/boxscores/20150823_ly9v.xml,1,0,0,0,2015-16,2015-08-23,Ottawa,Montreal,36,3, Preseason ,2015-08-01,Final,20150823_ly9v,NA
https://en.usports.ca/sports/fball/2015-16/boxscores/20150906_t4vf.xml,0,1,0,0,2015-16,2015-09-06,Queen's,Ottawa,41,17,7  ,2015-09-01,Final,20150906_t4vf,NA
https://en.usports.ca/sports/fball/2015-16/boxscores/20150912_jwff.xml,0,1,0,0,2015-16,2015-09-12,Ottawa,McMaster,57,42,2  ,2015-09-01,Final,20150912_jwff,NA
https://en.usports.ca/sports/fball/2015-16/boxscores/20150919_qs5o.xml,0,1,0,0,2015-16,2015-09-19,Windsor,Ottawa,52,24,4  ,2015-09-01,Final,20150919_qs5o,NA
https://en.usports.ca/sports/fball/2015-16/boxscores/20150926_relq.xml,0,1,0,0,2015-16,2015-09-26,Ottawa,Guelph,48,26,6 Rogers TV Cable 20 Video  ,2015-09-01,Final,20150926_relq,NA
https://en.usports.ca/sports/fball/2015-16/boxscores/20151003_rucu.xml,0,1,0,0,2015-16,2015-10-03,Carleton,Ottawa,45,48,5 Panda Game  ,2015-10-01,Final - 2OT,20151003_rucu,NA
https://en.usports.ca/sports/fball/2015-16/boxscores/20151009_z9ve.xml,0,1,0,0,2015-16,2015-10-09,Ottawa,Laurier,65,30,0  ,2015-10-01,Final,20151009_z9ve,NA
https://en.usports.ca/sports/fball/2015-16/boxscores/20151017_j0db.xml,0,1,0,0,2015-16,2015-10-17,Ottawa,Western,63,19,"9 Rogers TV Cable 13, Rogers Sports Plus  ",2015-10-01,Final,20151017_j0db,/sports/fball/2015-16/releases/20151017xn4hue
https://en.usports.ca/sports/fball/2015-16/boxscores/20151024_rl24.xml,0,1,0,0,2015-16,2015-10-24,Toronto,Ottawa,45,9, ,2015-10-01,Final,20151024_rl24,NA
NA,1,0,0,0,2015-16,NA,Queen's,Concordia,21,18,8 Preseason,2015-08-01,Final,NA,NA
https://en.usports.ca/sports/fball/2015-16/boxscores/20150830_wejo.xml,0,1,0,0,2015-16,2015-08-30,Carleton,Queen's,34,24,4 Video  ,2015-08-01,Final,20150830_wejo,NA
https://en.usports.ca/sports/fball/2015-16/boxscores/20150906_t4vf.xml,0,1,0,0,2015-16,2015-09-06,Queen's,Ottawa,41,17,7  ,2015-09-01,Final,20150906_t4vf,NA
https://en.usports.ca/sports/fball/2015-16/boxscores/20150912_locs.xml,0,1,0,0,2015-16,2015-09-12,Waterloo,Queen's,47,24,4  ,2015-09-01,Final,20150912_locs,NA
https://en.usports.ca/sports/fball/2015-16/boxscores/20150919_0a29.xml,0,1,0,0,2015-16,2015-09-19,Queen's,Western,48,25,"5 Rogers TV Cable 13, Rogers Sports Plus  ",2015-09-01,Final,20150919_0a29,NA
https://en.usports.ca/sports/fball/2015-16/boxscores/20150926_e2b9.xml,0,1,0,0,2015-16,2015-09-26,Queen's,Toronto,18,37,8  ,2015-09-01,Final,20150926_e2b9,NA
https://en.usports.ca/sports/fball/2015-16/boxscores/20151003_cric.xml,0,1,0,0,2015-16,2015-10-03,Guelph,Queen's,23,15,5  ,2015-10-01,Final,20151003_cric,NA
https://en.usports.ca/sports/fball/2015-16/boxscores/20151017_xkmh.xml,0,1,0,0,2015-16,2015-10-17,Queen's,York,32,33,2  ,2015-10-01,Final,20151017_xkmh,/sports/fball/2015-16/releases/20151017xgu9zx
https://en.usports.ca/sports/fball/2015-16/boxscores/20151024_xep7.xml,0,1,0,0,2015-16,2015-10-24,Laurier,Queen's,26,49,6  ,2015-10-01,Final,20151024_xep7,NA
https://en.usports.ca/sports/fball/2015-16/boxscores/20150826_mdgp.xml,1,0,0,0,2015-16,2015-08-26,Calgary,Regina,9,25, ,2015-08-01,Final,20150826_mdgp,NA
https://en.usports.ca/sports/fball/2015-16/boxscores/20150904_27bi.xml,0,1,0,0,2015-16,2015-09-04,Alberta,Regina,22,29,"2 TV: Access, Shaw (Edm. only)  ",2015-09-01,Final,20150904_27bi,NA
https://en.usports.ca/sports/fball/2015-16/boxscores/20150912_p3v4.xml,0,1,0,0,2015-16,2015-09-12,Regina,UBC,27,20,0  ,2015-09-01,Final,20150912_p3v4,NA
https://en.usports.ca/sports/fball/2015-16/boxscores/20150918_o2of.xml,0,1,0,0,2015-16,2015-09-18,Regina,Saskatchewan,33,18,"8 TV: Shaw TV, Access  ",2015-09-01,Final,20150918_o2of,NA
https://en.usports.ca/sports/fball/2015-16/boxscores/20150926_m8u5.xml,0,1,0,0,2015-16,2015-09-26,Calgary,Regina,8,72," TV: Shaw TV, Access  ",2015-09-01,Final,20150926_m8u5,NA
https://en.usports.ca/sports/fball/2015-16/boxscores/20151002_kkv8.xml,0,1,0,0,2015-16,2015-10-02,Regina,Manitoba,34,19,9  ,2015-10-01,Final,20151002_kkv8,NA
https://en.usports.ca/sports/fball/2015-16/boxscores/20151017_vxve.xml,0,1,0,0,2015-16,2015-10-17,Manitoba,Regina,46,49,"6 TV: Shaw TV, Access  ",2015-10-01,Final,20151017_vxve,NA
https://en.usports.ca/sports/fball/2015-16/boxscores/20151024_4uf1.xml,0,1,0,0,2015-16,2015-10-24,Regina,Calgary,57,7,  ,2015-10-01,Final,20151024_4uf1,NA
https://en.usports.ca/sports/fball/2015-16/boxscores/20151030_47lf.xml,0,1,0,0,2015-16,2015-10-30,Saskatchewan,Regina,37,38,"7 TV: Shaw TV, Access  ",2015-10-01,Final,20151030_47lf,NA
NA,1,0,0,0,2015-16,NA,Saint Mary's,Acadia,3,14, (Pre-Season),2015-09-01,Final,NA,NA
https://en.usports.ca/sports/fball/2015-16/boxscores/20150911_tcdo.xml,0,1,0,0,2015-16,2015-09-11,Mount Allison,Saint Mary's,6,38,  ,2015-09-01,Final,20150911_tcdo,NA
https://en.usports.ca/sports/fball/2015-16/boxscores/20150919_bdwd.xml,0,1,0,0,2015-16,2015-09-19,Saint Mary's,StFX,48,13,3 Bell Aliant FibreOP TV1  ,2015-09-01,Final,20150919_bdwd,NA
https://en.usports.ca/sports/fball/2015-16/boxscores/20150926_z46a.xml,0,1,0,0,2015-16,2015-09-26,Bishop's,Saint Mary's,17,23,7 Bell Aliant FibreOP TV1  ,2015-09-01,Final,20150926_z46a,NA
https://en.usports.ca/sports/fball/2015-16/boxscores/20151003_z0qt.xml,0,1,0,0,2015-16,2015-10-03,Saint Mary's,StFX,31,15,5 Homecoming - Bell Aliant FibreOP TV1  ,2015-10-01,Final,20151003_z0qt,NA
https://en.usports.ca/sports/fball/2015-16/boxscores/20151009_4xnx.xml,0,1,0,0,2015-16,2015-10-09,Acadia,Saint Mary's,9,47, Bell Aliant FibreOP TV1  ,2015-10-01,Final,20151009_4xnx,/sports/fball/2015-16/releases/20151009xor0go
https://en.usports.ca/sports/fball/2015-16/boxscores/20151017_e96k.xml,0,1,0,0,2015-16,2015-10-17,StFX,Saint Mary's,6,30, Homecoming - Bell Aliant FibreOP TV1  ,2015-10-01,Final,20151017_e96k,/sports/fball/2015-16/releases/20151017xaxvax
https://en.usports.ca/sports/fball/2015-16/boxscores/20151024_9yty.xml,0,1,0,0,2015-16,2015-10-24,Saint Mary's,Mount Allison,37,6, Bell Aliant FibreOP TV1   ,2015-10-01,Final,20151024_9yty,NA
https://en.usports.ca/sports/fball/2015-16/boxscores/20151031_tgp1.xml,0,1,0,0,2015-16,2015-10-31,Saint Mary's,Acadia,27,0, Bell Aliant FibreOP TV1   More  ,2015-10-01,Final,20151031_tgp1,NA
https://en.usports.ca/sports/fball/2015-16/boxscores/20150821_t7l8.xml,1,0,0,0,2015-16,2015-08-21,Laurier,Saskatchewan,33,10,0 Preseason  ,2015-08-01,Final,20150821_t7l8,NA
https://en.usports.ca/sports/fball/2015-16/boxscores/20150904_ygj4.xml,0,1,0,0,2015-16,2015-09-04,Manitoba,Saskatchewan,28,34,8 TV: Shaw TV  ,2015-09-01,Final,20150904_ygj4,NA
https://en.usports.ca/sports/fball/2015-16/boxscores/20150911_ych9.xml,0,1,0,0,2015-16,2015-09-11,Saskatchewan,Alberta,38,26,6   ,2015-09-01,Final,20150911_ych9,NA
https://en.usports.ca/sports/fball/2015-16/boxscores/20150918_o2of.xml,0,1,0,0,2015-16,2015-09-18,Regina,Saskatchewan,33,18,"8 TV: Shaw TV, Access  ",2015-09-01,Final,20150918_o2of,NA
https://en.usports.ca/sports/fball/2015-16/boxscores/20150925_1989.xml,0,1,0,0,2015-16,2015-09-25,Saskatchewan,UBC,29,45,9   Photos,2015-09-01,Final,20150925_1989,NA
https://en.usports.ca/sports/fball/2015-16/boxscores/20151003_nig2.xml,0,1,0,0,2015-16,2015-10-03,Saskatchewan,Calgary,59,19,9  ,2015-10-01,Final,20151003_nig2,NA
https://en.usports.ca/sports/fball/2015-16/boxscores/20151016_983a.xml,0,1,0,0,2015-16,2015-10-16,Calgary,Saskatchewan,15,44,5  ,2015-10-01,Final,20151016_983a,NA
https://en.usports.ca/sports/fball/2015-16/boxscores/20151023_4f91.xml,0,1,0,0,2015-16,2015-10-23,UBC,Saskatchewan,36,41,"6 TV: Shaw TV, Access Video  More   ",2015-10-01,Final,20151023_4f91,NA
https://en.usports.ca/sports/fball/2015-16/boxscores/20151030_47lf.xml,0,1,0,0,2015-16,2015-10-30,Saskatchewan,Regina,37,38,"7 TV: Shaw TV, Access  ",2015-10-01,Final,20151030_47lf,NA
https://en.usports.ca/sports/fball/2015-16/boxscores/20150904_t9nm.xml,0,1,0,0,2015-16,2015-09-04,Sherbrooke,Concordia,0,37, ,2015-09-01,Final,20150904_t9nm,NA
https://en.usports.ca/sports/fball/2015-16/boxscores/20150912_o0fp.xml,0,1,0,0,2015-16,2015-09-12,Laval,Sherbrooke,24,27,4 ,2015-09-01,Final - OT,20150912_o0fp,NA
https://en.usports.ca/sports/fball/2015-16/boxscores/20150919_fldk.xml,0,1,0,0,2015-16,2015-09-19,Sherbrooke,Montreal,32,13,3 TVA Sports  ,2015-09-01,Final,20150919_fldk,NA
https://en.usports.ca/sports/fball/2015-16/boxscores/20150926_zqba.xml,0,1,0,0,2015-16,2015-09-26,Sherbrooke,Mount Allison,7,31, Homecoming - Bell Aliant FibreOP TV1  ,2015-09-01,Final,20150926_zqba,NA
https://en.usports.ca/sports/fball/2015-16/boxscores/20151003_6w5g.xml,0,1,0,0,2015-16,2015-10-03,Montreal,Sherbrooke,17,12,2  ,2015-10-01,Final,20151003_6w5g,NA
https://en.usports.ca/sports/fball/2015-16/boxscores/20151017_gmiy.xml,0,1,0,0,2015-16,2015-10-17,McGill,Sherbrooke,45,10,0  ,2015-10-01,Final,20151017_gmiy,/sports/fball/2015-16/releases/20151017xrmc8t
https://en.usports.ca/sports/fball/2015-16/boxscores/20151025_hy3l.xml,0,1,0,0,2015-16,2015-10-25,Sherbrooke,Laval,36,7, ,2015-10-01,Final,20151025_hy3l,NA
https://en.usports.ca/sports/fball/2015-16/boxscores/20151031_6d8n.xml,0,1,0,0,2015-16,2015-10-31,Bishop's,Sherbrooke,42,29,9 ,2015-10-01,Final,20151031_6d8n,NA
NA,1,0,0,0,2015-16,NA,Mount Allison,StFX,29,14,4 (Pre-Season) ,2015-09-01,Final,NA,NA
https://en.usports.ca/sports/fball/2015-16/boxscores/20150912_j6xw.xml,0,1,0,0,2015-16,2015-09-12,StFX,Acadia,31,15,5   Photos,2015-09-01,Final,20150912_j6xw,NA
https://en.usports.ca/sports/fball/2015-16/boxscores/20150919_bdwd.xml,0,1,0,0,2015-16,2015-09-19,Saint Mary's,StFX,48,13,3 Bell Aliant FibreOP TV1  ,2015-09-01,Final,20150919_bdwd,NA
https://en.usports.ca/sports/fball/2015-16/boxscores/20150926_fhw6.xml,0,1,0,0,2015-16,2015-09-26,StFX,Laval,64,0,   ,2015-09-01,Final,20150926_fhw6,NA
https://en.usports.ca/sports/fball/2015-16/boxscores/20151003_z0qt.xml,0,1,0,0,2015-16,2015-10-03,Saint Mary's,StFX,31,15,5 Homecoming - Bell Aliant FibreOP TV1  ,2015-10-01,Final,20151003_z0qt,NA
https://en.usports.ca/sports/fball/2015-16/boxscores/20151010_voh9.xml,0,1,0,0,2015-16,2015-10-10,Mount Allison,StFX,17,27,7 Bell Aliant FibreOP TV1  ,2015-10-01,Final,20151010_voh9,NA
https://en.usports.ca/sports/fball/2015-16/boxscores/20151017_e96k.xml,0,1,0,0,2015-16,2015-10-17,StFX,Saint Mary's,6,30, Homecoming - Bell Aliant FibreOP TV1  ,2015-10-01,Final,20151017_e96k,/sports/fball/2015-16/releases/20151017xaxvax
https://en.usports.ca/sports/fball/2015-16/boxscores/20151024_5afb.xml,0,1,0,0,2015-16,2015-10-24,Acadia,StFX,7,5, Bell Aliant FibreOP TV1  ,2015-10-01,Final,20151024_5afb,NA
https://en.usports.ca/sports/fball/2015-16/boxscores/20151031_w0oe.xml,0,1,0,0,2015-16,2015-10-31,StFX,Mount Allison,18,24,8 Bell Aliant FibreOP TV1   More  ,2015-10-01,Final,20151031_w0oe,NA
https://en.usports.ca/sports/fball/2015-16/boxscores/20150821_w4s7.xml,1,0,0,0,2015-16,2015-08-21,Toronto,McGill,3,36, Preseason ,2015-08-01,Final,20150821_w4s7,NA
https://en.usports.ca/sports/fball/2015-16/boxscores/20150830_uifx.xml,0,1,0,0,2015-16,2015-08-30,McMaster,Toronto,33,55,3  ,2015-08-01,Final,20150830_uifx,NA
https://en.usports.ca/sports/fball/2015-16/boxscores/20150907_d8u7.xml,0,1,0,0,2015-16,2015-09-07,Windsor,Toronto,8,7,  ,2015-09-01,Final,20150907_d8u7,NA
https://en.usports.ca/sports/fball/2015-16/boxscores/20150919_rmwp.xml,0,1,0,0,2015-16,2015-09-19,Toronto,Carleton,19,15,5 Homecoming  ,2015-09-01,Final,20150919_rmwp,NA
https://en.usports.ca/sports/fball/2015-16/boxscores/20150926_e2b9.xml,0,1,0,0,2015-16,2015-09-26,Queen's,Toronto,18,37,8  ,2015-09-01,Final,20150926_e2b9,NA
https://en.usports.ca/sports/fball/2015-16/boxscores/20151002_9duy.xml,0,1,0,0,2015-16,2015-10-02,Toronto,York,3,40, Red/Blue Bowl  ,2015-10-01,Final,20151002_9duy,NA
https://en.usports.ca/sports/fball/2015-16/boxscores/20151008_iixx.xml,0,1,0,0,2015-16,2015-10-08,Western,Toronto,2,58,  ,2015-10-01,Final,20151008_iixx,/sports/fball/2015-16/releases/20151009fw4opb
https://en.usports.ca/sports/fball/2015-16/boxscores/20151017_v72f.xml,0,1,0,0,2015-16,2015-10-17,Toronto,Waterloo,0,34,  ,2015-10-01,Final,20151017_v72f,/sports/fball/2015-16/releases/20151017xdtdvw
https://en.usports.ca/sports/fball/2015-16/boxscores/20151024_rl24.xml,0,1,0,0,2015-16,2015-10-24,Toronto,Ottawa,45,9, ,2015-10-01,Final,20151024_rl24,NA
https://en.usports.ca/sports/fball/2015-16/boxscores/20150829_aesn.xml,1,0,0,0,2015-16,2015-08-29,UBC,Laval,16,41,6   Photos,2015-08-01,Final,20150829_aesn,NA
https://en.usports.ca/sports/fball/2015-16/boxscores/20150904_5rvl.xml,0,1,0,0,2015-16,2015-09-04,UBC,Calgary,49,16,6   Photos,2015-09-01,Final,20150904_5rvl,NA
https://en.usports.ca/sports/fball/2015-16/boxscores/20150912_p3v4.xml,0,1,0,0,2015-16,2015-09-12,Regina,UBC,27,20,0  ,2015-09-01,Final,20150912_p3v4,NA
https://en.usports.ca/sports/fball/2015-16/boxscores/20150919_n3wv.xml,0,1,0,0,2015-16,2015-09-19,UBC,Manitoba,48,51,8  ,2015-09-01,Final,20150919_n3wv,NA
https://en.usports.ca/sports/fball/2015-16/boxscores/20150925_1989.xml,0,1,0,0,2015-16,2015-09-25,Saskatchewan,UBC,29,45,9   Photos,2015-09-01,Final,20150925_1989,NA
https://en.usports.ca/sports/fball/2015-16/boxscores/20151003_669s.xml,0,1,0,0,2015-16,2015-10-03,UBC,Alberta,21,39,"1 TV: Shaw TV, Access  ",2015-10-01,Final,20151003_669s,NA
https://en.usports.ca/sports/fball/2015-16/boxscores/20151017_agj3.xml,0,1,0,0,2015-16,2015-10-17,Alberta,UBC,54,10,0  ,2015-10-01,Final,20151017_agj3,/sports/fball/2015-16/releases/20151017xu4m5n
https://en.usports.ca/sports/fball/2015-16/boxscores/20151023_4f91.xml,0,1,0,0,2015-16,2015-10-23,UBC,Saskatchewan,36,41,"6 TV: Shaw TV, Access Video  More   ",2015-10-01,Final,20151023_4f91,NA
https://en.usports.ca/sports/fball/2015-16/boxscores/20151031_c44f.xml,0,1,0,0,2015-16,2015-10-31,Manitoba,UBC,24,10,"0 TV: Shaw TV, Access  ",2015-10-01,Final,20151031_c44f,NA
https://en.usports.ca/sports/fball/2015-16/boxscores/20150830_3pxf.xml,0,1,0,0,2015-16,2015-08-30,Guelph,Waterloo,7,78,  ,2015-08-01,Final,20150830_3pxf,NA
https://en.usports.ca/sports/fball/2015-16/boxscores/20150906_wyeu.xml,0,1,0,0,2015-16,2015-09-06,Waterloo,Carleton,57,0,  ,2015-09-01,Final,20150906_wyeu,NA
https://en.usports.ca/sports/fball/2015-16/boxscores/20150912_locs.xml,0,1,0,0,2015-16,2015-09-12,Waterloo,Queen's,47,24,4  ,2015-09-01,Final,20150912_locs,NA
https://en.usports.ca/sports/fball/2015-16/boxscores/20150919_o3g4.xml,0,1,0,0,2015-16,2015-09-19,York,Waterloo,14,23,4  ,2015-09-01,Final,20150919_o3g4,NA
https://en.usports.ca/sports/fball/2015-16/boxscores/20151003_71sh.xml,0,1,0,0,2015-16,2015-10-03,Laurier,Waterloo,0,42, Battle of Waterloo / Homecoming  ,2015-10-01,Final,20151003_71sh,NA
https://en.usports.ca/sports/fball/2015-16/boxscores/20151008_gzvc.xml,0,1,0,0,2015-16,2015-10-08,Waterloo,McMaster,55,7,  ,2015-10-01,Final,20151008_gzvc,/sports/fball/2015-16/releases/20151009fs57tr
https://en.usports.ca/sports/fball/2015-16/boxscores/20151017_v72f.xml,0,1,0,0,2015-16,2015-10-17,Toronto,Waterloo,0,34,  ,2015-10-01,Final,20151017_v72f,/sports/fball/2015-16/releases/20151017xdtdvw
https://en.usports.ca/sports/fball/2015-16/boxscores/20151024_inav.xml,0,1,0,0,2015-16,2015-10-24,Waterloo,Windsor,44,14,4  ,2015-10-01,Final,20151024_inav,NA
https://en.usports.ca/sports/fball/2015-16/boxscores/20150830_47cj.xml,0,1,0,0,2015-16,2015-08-30,Western,Windsor,7,76,  ,2015-08-01,Final,20150830_47cj,NA
https://en.usports.ca/sports/fball/2015-16/boxscores/20150907_uvm0.xml,0,1,0,0,2015-16,2015-09-07,York,Western,74,10,0  ,2015-09-01,Final,20150907_uvm0,NA
https://en.usports.ca/sports/fball/2015-16/boxscores/20150912_b8dr.xml,0,1,0,0,2015-16,2015-09-12,Western,Laurier,9,59,  ,2015-09-01,Final,20150912_b8dr,NA
https://en.usports.ca/sports/fball/2015-16/boxscores/20150919_0a29.xml,0,1,0,0,2015-16,2015-09-19,Queen's,Western,48,25,"5 Rogers TV Cable 13, Rogers Sports Plus  ",2015-09-01,Final,20150919_0a29,NA
https://en.usports.ca/sports/fball/2015-16/boxscores/20150926_401v.xml,0,1,0,0,2015-16,2015-09-26,Carleton,Western,70,14,"4 Homecoming - Rogers TV Cable 13, Rogers Sports Plus  ",2015-09-01,Final,20150926_401v,NA
https://en.usports.ca/sports/fball/2015-16/boxscores/20151008_iixx.xml,0,1,0,0,2015-16,2015-10-08,Western,Toronto,2,58,  ,2015-10-01,Final,20151008_iixx,/sports/fball/2015-16/releases/20151009fw4opb
https://en.usports.ca/sports/fball/2015-16/boxscores/20151017_j0db.xml,0,1,0,0,2015-16,2015-10-17,Ottawa,Western,63,19,"9 Rogers TV Cable 13, Rogers Sports Plus  ",2015-10-01,Final,20151017_j0db,/sports/fball/2015-16/releases/20151017xn4hue
https://en.usports.ca/sports/fball/2015-16/boxscores/20151024_xnkx.xml,0,1,0,0,2015-16,2015-10-24,Western,McMaster,24,46,4  ,2015-10-01,Final,20151024_xnkx,NA
https://en.usports.ca/sports/fball/2015-16/boxscores/20150830_47cj.xml,0,1,0,0,2015-16,2015-08-30,Western,Windsor,7,76,  ,2015-08-01,Final,20150830_47cj,NA
https://en.usports.ca/sports/fball/2015-16/boxscores/20150907_d8u7.xml,0,1,0,0,2015-16,2015-09-07,Windsor,Toronto,8,7,  ,2015-09-01,Final,20150907_d8u7,NA
https://en.usports.ca/sports/fball/2015-16/boxscores/20150912_ed4i.xml,0,1,0,0,2015-16,2015-09-12,Carleton,Windsor,16,62,6  ,2015-09-01,Final,20150912_ed4i,NA
https://en.usports.ca/sports/fball/2015-16/boxscores/20150919_qs5o.xml,0,1,0,0,2015-16,2015-09-19,Windsor,Ottawa,52,24,4  ,2015-09-01,Final,20150919_qs5o,NA
https://en.usports.ca/sports/fball/2015-16/boxscores/20150926_cpvi.xml,0,1,0,0,2015-16,2015-09-26,Windsor,Laurier,18,22,8 Homecoming  ,2015-09-01,Final,20150926_cpvi,NA
https://en.usports.ca/sports/fball/2015-16/boxscores/20151003_zvq3.xml,0,1,0,0,2015-16,2015-10-03,McMaster,Windsor,19,44,9  ,2015-10-01,Final,20151003_zvq3,NA
https://en.usports.ca/sports/fball/2015-16/boxscores/20151017_ui2g.xml,0,1,0,0,2015-16,2015-10-17,Windsor,Guelph,41,27,7 Video  ,2015-10-01,Final,20151017_ui2g,/sports/fball/2015-16/releases/20151017xkvq2h
https://en.usports.ca/sports/fball/2015-16/boxscores/20151024_inav.xml,0,1,0,0,2015-16,2015-10-24,Waterloo,Windsor,44,14,4  ,2015-10-01,Final,20151024_inav,NA
https://en.usports.ca/sports/fball/2015-16/boxscores/20150830_4oei.xml,0,1,0,0,2015-16,2015-08-30,Laurier,York,21,38,1  ,2015-08-01,Final,20150830_4oei,NA
https://en.usports.ca/sports/fball/2015-16/boxscores/20150907_uvm0.xml,0,1,0,0,2015-16,2015-09-07,York,Western,74,10,0  ,2015-09-01,Final,20150907_uvm0,NA
https://en.usports.ca/sports/fball/2015-16/boxscores/20150912_20qn.xml,0,1,0,0,2015-16,2015-09-12,Guelph,York,22,49,2 Homecoming  ,2015-09-01,Final,20150912_20qn,NA
https://en.usports.ca/sports/fball/2015-16/boxscores/20150919_o3g4.xml,0,1,0,0,2015-16,2015-09-19,York,Waterloo,14,23,4  ,2015-09-01,Final,20150919_o3g4,NA
https://en.usports.ca/sports/fball/2015-16/boxscores/20150926_8c7f.xml,0,1,0,0,2015-16,2015-09-26,York,McMaster,67,10,0 Homecoming  ,2015-09-01,Final,20150926_8c7f,NA
https://en.usports.ca/sports/fball/2015-16/boxscores/20151002_9duy.xml,0,1,0,0,2015-16,2015-10-02,Toronto,York,3,40, Red/Blue Bowl  ,2015-10-01,Final,20151002_9duy,NA
https://en.usports.ca/sports/fball/2015-16/boxscores/20151009_urtj.xml,0,1,0,0,2015-16,2015-10-09,York,Carleton,52,0,  ,2015-10-01,Final,20151009_urtj,NA
https://en.usports.ca/sports/fball/2015-16/boxscores/20151017_xkmh.xml,0,1,0,0,2015-16,2015-10-17,Queen's,York,32,33,2  ,2015-10-01,Final,20151017_xkmh,/sports/fball/2015-16/releases/20151017xgu9zx
https://en.usports.ca/sports/fball/2014-15/boxscores/20140830_0czh.xml,1,0,0,0,2014-15,2014-08-30,Saint Mary's,Acadia,34,5, (Pre-Season)   ,2014-08-01,Final,20140830_0czh,NA
https://en.usports.ca/sports/fball/2014-15/boxscores/20140906_kr03.xml,0,1,0,0,2014-15,2014-09-06,Acadia,Mount Allison,20,12,2   Photos,2014-09-01,Final,20140906_kr03,NA
https://en.usports.ca/sports/fball/2014-15/boxscores/20140913_oyfq.xml,0,1,0,0,2014-15,2014-09-13,Saint Mary's,Acadia,16,13,3   More   Photos,2014-09-01,Final,20140913_oyfq,NA
https://en.usports.ca/sports/fball/2014-15/boxscores/20140920_zndv.xml,0,1,0,0,2014-15,2014-09-20,StFX,Acadia,29,38,9   Photos,2014-09-01,Final,20140920_zndv,NA
https://en.usports.ca/sports/fball/2014-15/boxscores/20140927_x7je.xml,0,1,0,0,2014-15,2014-09-27,Acadia,Sherbrooke,48,10,0  ,2014-09-01,Final,20140927_x7je,NA
https://en.usports.ca/sports/fball/2014-15/boxscores/20141004_4hnv.xml,0,1,0,0,2014-15,2014-10-04,Acadia,StFX,37,20,0 Homecoming  ,2014-10-01,Final,20141004_4hnv,NA
https://en.usports.ca/sports/fball/2014-15/boxscores/20141011_58dr.xml,0,1,0,0,2014-15,2014-10-11,StFX,Acadia,26,4,  ,2014-10-01,Final,20141011_58dr,NA
https://en.usports.ca/sports/fball/2014-15/boxscores/20141018_e1y2.xml,0,1,0,0,2014-15,2014-10-18,Mount Allison,Acadia,5,33,  ,2014-10-01,Final,20141018_e1y2,NA
https://en.usports.ca/sports/fball/2014-15/boxscores/20141025_3rpw.xml,0,1,0,0,2014-15,2014-10-25,Acadia,Saint Mary's,17,26,7   More  ,2014-10-01,Final,20141025_3rpw,NA
https://en.usports.ca/sports/fball/2014-15/boxscores/20140829_w4u7.xml,1,0,0,0,2014-15,2014-08-29,Alberta,Regina,40,28,8  ,2014-08-01,Final,20140829_w4u7,NA
https://en.usports.ca/sports/fball/2014-15/boxscores/20140905_a8si.xml,0,1,0,0,2014-15,2014-09-05,Alberta,Calgary,0,1, Calgary forfeits game 1-0 due to ineligible players. Video ,2014-09-01,Final,20140905_a8si,NA
https://en.usports.ca/sports/fball/2014-15/boxscores/20140913_caed.xml,0,1,0,0,2014-15,2014-09-13,Saskatchewan,Alberta,41,42,1 Video  ,2014-09-01,Final - OT,20140913_caed,NA
https://en.usports.ca/sports/fball/2014-15/boxscores/20140920_le9j.xml,0,1,0,0,2014-15,2014-09-20,Regina,Alberta,44,42,2 Shaw TV Video  ,2014-09-01,Final,20140920_le9j,NA
https://en.usports.ca/sports/fball/2014-15/boxscores/20140927_dceu.xml,0,1,0,0,2014-15,2014-09-27,Alberta,UBC,49,13,3 Video  ,2014-09-01,Final,20140927_dceu,NA
https://en.usports.ca/sports/fball/2014-15/boxscores/20141004_rs0c.xml,0,1,0,0,2014-15,2014-10-04,Manitoba,Alberta,38,31,1  ,2014-10-01,Final,20141004_rs0c,NA
https://en.usports.ca/sports/fball/2014-15/boxscores/20141018_lx47.xml,0,1,0,0,2014-15,2014-10-18,Calgary,Alberta,37,52,7  ,2014-10-01,Final,20141018_lx47,NA
https://en.usports.ca/sports/fball/2014-15/boxscores/20141025_k263.xml,0,1,0,0,2014-15,2014-10-25,Alberta,Saskatchewan,41,23,3  ,2014-10-01,Final,20141025_k263,NA
https://en.usports.ca/sports/fball/2014-15/boxscores/20141101_1947.xml,0,1,0,0,2014-15,2014-11-01,Alberta,Regina,35,31,1  ,2014-11-01,Final,20141101_1947,NA
https://en.usports.ca/sports/fball/2014-15/boxscores/20140906_pqjt.xml,0,1,0,0,2014-15,2014-09-06,Bishop's,Concordia,25,15,5 ,2014-09-01,Final,20140906_pqjt,NA
https://en.usports.ca/sports/fball/2014-15/boxscores/20140912_2b51.xml,0,1,0,0,2014-15,2014-09-12,Bishop's,Montreal,41,7, ,2014-09-01,Final,20140912_2b51,NA
https://en.usports.ca/sports/fball/2014-15/boxscores/20140920_804e.xml,0,1,0,0,2014-15,2014-09-20,Laval,Bishop's,15,72,5 Radio-Canada TV ,2014-09-01,Final,20140920_804e,NA
https://en.usports.ca/sports/fball/2014-15/boxscores/20140927_wsi5.xml,0,1,0,0,2014-15,2014-09-27,Mount Allison,Bishop's,3,26,  ,2014-09-01,Final,20140927_wsi5,NA
https://en.usports.ca/sports/fball/2014-15/boxscores/20141009_zanm.xml,0,1,0,0,2014-15,2014-10-09,Bishop's,McGill,13,17,3 ,2014-10-01,Final,20141009_zanm,NA
https://en.usports.ca/sports/fball/2014-15/boxscores/20141019_zpgl.xml,0,1,0,0,2014-15,2014-10-19,Bishop's,Laval,64,3, ici Radio-Canada Quebec  ,2014-10-01,Final,20141019_zpgl,NA
https://en.usports.ca/sports/fball/2014-15/boxscores/20141025_djnz.xml,0,1,0,0,2014-15,2014-10-25,Montreal,Bishop's,8,56, Radio-Canada TV  ,2014-10-01,Final,20141025_djnz,NA
https://en.usports.ca/sports/fball/2014-15/boxscores/20141101_fuog.xml,0,1,0,0,2014-15,2014-11-01,Sherbrooke,Bishop's,14,35,4 ,2014-11-01,Final,20141101_fuog,NA
https://en.usports.ca/sports/fball/2014-15/boxscores/20140830_vi5z.xml,1,0,0,0,2014-15,2014-08-30,Calgary,Laval,35,23,3 (Pre-Season)  ,2014-08-01,Final,20140830_vi5z,NA
https://en.usports.ca/sports/fball/2014-15/boxscores/20140905_a8si.xml,0,1,0,0,2014-15,2014-09-05,Alberta,Calgary,0,1, Calgary forfeits game 1-0 due to ineligible players. Video ,2014-09-01,Final,20140905_a8si,NA
https://en.usports.ca/sports/fball/2014-15/boxscores/20140913_3mgb.xml,0,1,0,0,2014-15,2014-09-13,Calgary,UBC,11,59,1 Video  ,2014-09-01,Final,20140913_3mgb,NA
https://en.usports.ca/sports/fball/2014-15/boxscores/20140919_98hu.xml,0,1,0,0,2014-15,2014-09-19,Calgary,Saskatchewan,24,38,4 Video  ,2014-09-01,Final,20140919_98hu,NA
https://en.usports.ca/sports/fball/2014-15/boxscores/20140926_5etz.xml,0,1,0,0,2014-15,2014-09-26,Manitoba,Calgary,42,41,1 Shaw TV Video  ,2014-09-01,Final,20140926_5etz,NA
https://en.usports.ca/sports/fball/2014-15/boxscores/20141004_c9ud.xml,0,1,0,0,2014-15,2014-10-04,Regina,Calgary,59,7,  ,2014-10-01,Final,20141004_c9ud,NA
https://en.usports.ca/sports/fball/2014-15/boxscores/20141018_lx47.xml,0,1,0,0,2014-15,2014-10-18,Calgary,Alberta,37,52,7  ,2014-10-01,Final,20141018_lx47,NA
https://en.usports.ca/sports/fball/2014-15/boxscores/20141025_3zpi.xml,0,1,0,0,2014-15,2014-10-25,UBC,Calgary,67,6,  ,2014-10-01,Final,20141025_3zpi,NA
https://en.usports.ca/sports/fball/2014-15/boxscores/20141101_k1al.xml,0,1,0,0,2014-15,2014-11-01,Calgary,Manitoba,50,31,1  ,2014-11-01,Final,20141101_k1al,NA
https://en.usports.ca/sports/fball/2014-15/boxscores/20140901_qe6n.xml,0,1,0,0,2014-15,2014-09-01,Carleton,Waterloo,14,33,4  ,2014-09-01,Final,20140901_qe6n,NA
https://en.usports.ca/sports/fball/2014-15/boxscores/20140913_qb3u.xml,0,1,0,0,2014-15,2014-09-13,Carleton,McMaster,37,17,7  ,2014-09-01,Final,20140913_qb3u,NA
https://en.usports.ca/sports/fball/2014-15/boxscores/20140920_oa6x.xml,0,1,0,0,2014-15,2014-09-20,Ottawa,Carleton,33,31,1 Panda Game   More  Photos,2014-09-01,Final,20140920_oa6x,NA
https://en.usports.ca/sports/fball/2014-15/boxscores/20140927_vi1p.xml,0,1,0,0,2014-15,2014-09-27,Carleton,Laurier,53,3, Homecoming  ,2014-09-01,Final,20140927_vi1p,NA
https://en.usports.ca/sports/fball/2014-15/boxscores/20141004_v9lg.xml,0,1,0,0,2014-15,2014-10-04,Toronto,Carleton,53,32,2  ,2014-10-01,Final,20141004_v9lg,NA
https://en.usports.ca/sports/fball/2014-15/boxscores/20141010_nbeb.xml,0,1,0,0,2014-15,2014-10-10,Carleton,Guelph,44,24,4  ,2014-10-01,Final,20141010_nbeb,NA
https://en.usports.ca/sports/fball/2014-15/boxscores/20141018_kvgg.xml,0,1,0,0,2014-15,2014-10-18,Windsor,Carleton,21,18,8 Homecoming  ,2014-10-01,Final,20141018_kvgg,NA
https://en.usports.ca/sports/fball/2014-15/boxscores/20141025_4w4e.xml,0,1,0,0,2014-15,2014-10-25,Queen's,Carleton,15,37,5  ,2014-10-01,Final,20141025_4w4e,NA
https://en.usports.ca/sports/fball/2014-15/boxscores/20140824_kpya.xml,1,0,0,0,2014-15,2014-08-24,Concordia,Queen's,18,25,8 Exhibition ,2014-08-01,Final,20140824_kpya,NA
https://en.usports.ca/sports/fball/2014-15/boxscores/20140906_pqjt.xml,0,1,0,0,2014-15,2014-09-06,Bishop's,Concordia,25,15,5 ,2014-09-01,Final,20140906_pqjt,NA
https://en.usports.ca/sports/fball/2014-15/boxscores/20140912_fajm.xml,0,1,0,0,2014-15,2014-09-12,Concordia,McGill,7,41,  ,2014-09-01,Final,20140912_fajm,NA
https://en.usports.ca/sports/fball/2014-15/boxscores/20140919_1ddy.xml,0,1,0,0,2014-15,2014-09-19,Sherbrooke,Concordia,29,22,2 ,2014-09-01,Final,20140919_1ddy,NA
https://en.usports.ca/sports/fball/2014-15/boxscores/20140927_wmn2.xml,0,1,0,0,2014-15,2014-09-27,Concordia,Saint Mary's,7,63,  ,2014-09-01,Final,20140927_wmn2,NA
https://en.usports.ca/sports/fball/2014-15/boxscores/20141005_z77o.xml,0,1,0,0,2014-15,2014-10-05,Concordia,Laval,32,16,6 ,2014-10-01,Final,20141005_z77o,NA
https://en.usports.ca/sports/fball/2014-15/boxscores/20141011_aktj.xml,0,1,0,0,2014-15,2014-10-11,Montreal,Concordia,3,36, Radio-Canada TV ,2014-10-01,Final,20141011_aktj,NA
https://en.usports.ca/sports/fball/2014-15/boxscores/20141025_kwo5.xml,0,1,0,0,2014-15,2014-10-25,Concordia,Sherbrooke,29,0, ,2014-10-01,Final,20141025_kwo5,NA
https://en.usports.ca/sports/fball/2014-15/boxscores/20141101_x0gx.xml,0,1,0,0,2014-15,2014-11-01,McGill,Concordia,30,28,8 ,2014-11-01,Final,20141101_x0gx,NA
https://en.usports.ca/sports/fball/2014-15/boxscores/20140901_plfb.xml,0,1,0,0,2014-15,2014-09-01,Guelph,McMaster,34,27,7   Photos,2014-09-01,Final - OT,20140901_plfb,NA
https://en.usports.ca/sports/fball/2014-15/boxscores/20140906_ztjj.xml,0,1,0,0,2014-15,2014-09-06,Toronto,Guelph,50,18,8 Video  More  Photos,2014-09-01,Final,20140906_ztjj,NA
https://en.usports.ca/sports/fball/2014-15/boxscores/20140913_f3xv.xml,0,1,0,0,2014-15,2014-09-13,Guelph,Ottawa,7,42,   More  Photos,2014-09-01,Final,20140913_f3xv,NA
https://en.usports.ca/sports/fball/2014-15/boxscores/20140920_zi8t.xml,0,1,0,0,2014-15,2014-09-20,Queen's,Guelph,66,0, Homecoming  ,2014-09-01,Final,20140920_zi8t,NA
https://en.usports.ca/sports/fball/2014-15/boxscores/20141004_rgm1.xml,0,1,0,0,2014-15,2014-10-04,Guelph,Windsor,9,24,  ,2014-10-01,Final,20141004_rgm1,NA
https://en.usports.ca/sports/fball/2014-15/boxscores/20141010_nbeb.xml,0,1,0,0,2014-15,2014-10-10,Carleton,Guelph,44,24,4  ,2014-10-01,Final,20141010_nbeb,NA
https://en.usports.ca/sports/fball/2014-15/boxscores/20141018_mxyb.xml,0,1,0,0,2014-15,2014-10-18,Western,Guelph,49,46,6  ,2014-10-01,Final,20141018_mxyb,NA
https://en.usports.ca/sports/fball/2014-15/boxscores/20141025_5msj.xml,0,1,0,0,2014-15,2014-10-25,Guelph,Laurier,36,41,6  ,2014-10-01,Final,20141025_5msj,NA
https://en.usports.ca/sports/fball/2014-15/boxscores/20140901_zbqb.xml,0,1,0,0,2014-15,2014-09-01,Laurier,Toronto,17,53,7  ,2014-09-01,Final,20140901_zbqb,NA
https://en.usports.ca/sports/fball/2014-15/boxscores/20140906_ykj0.xml,0,1,0,0,2014-15,2014-09-06,Laurier,Windsor,39,34,4   Photos,2014-09-01,Final,20140906_ykj0,NA
https://en.usports.ca/sports/fball/2014-15/boxscores/20140913_k7e9.xml,0,1,0,0,2014-15,2014-09-13,Waterloo,Laurier,44,0,  ,2014-09-01,Final,20140913_k7e9,NA
https://en.usports.ca/sports/fball/2014-15/boxscores/20140927_vi1p.xml,0,1,0,0,2014-15,2014-09-27,Carleton,Laurier,53,3, Homecoming  ,2014-09-01,Final,20140927_vi1p,NA
https://en.usports.ca/sports/fball/2014-15/boxscores/20141004_j72n.xml,0,1,0,0,2014-15,2014-10-04,York,Laurier,27,10,0  ,2014-10-01,Final,20141004_j72n,NA
https://en.usports.ca/sports/fball/2014-15/boxscores/20141009_mkzy.xml,0,1,0,0,2014-15,2014-10-09,Laurier,Western,61,20,0  ,2014-10-01,Final,20141009_mkzy,NA
https://en.usports.ca/sports/fball/2014-15/boxscores/20141018_94t7.xml,0,1,0,0,2014-15,2014-10-18,Laurier,McMaster,27,10,0  ,2014-10-01,Final,20141018_94t7,NA
https://en.usports.ca/sports/fball/2014-15/boxscores/20141025_5msj.xml,0,1,0,0,2014-15,2014-10-25,Guelph,Laurier,36,41,6  ,2014-10-01,Final,20141025_5msj,NA
https://en.usports.ca/sports/fball/2014-15/boxscores/20140830_vi5z.xml,1,0,0,0,2014-15,2014-08-30,Calgary,Laval,35,23,3 (Pre-Season)  ,2014-08-01,Final,20140830_vi5z,NA
https://en.usports.ca/sports/fball/2014-15/boxscores/20140906_3rkj.xml,0,1,0,0,2014-15,2014-09-06,Montreal,Laval,40,13,3 ,2014-09-01,Final,20140906_3rkj,NA
https://en.usports.ca/sports/fball/2014-15/boxscores/20140913_nc4c.xml,0,1,0,0,2014-15,2014-09-13,Laval,Sherbrooke,1,43, Radio-Canada TV ,2014-09-01,Final,20140913_nc4c,NA
https://en.usports.ca/sports/fball/2014-15/boxscores/20140920_804e.xml,0,1,0,0,2014-15,2014-09-20,Laval,Bishop's,15,72,5 Radio-Canada TV ,2014-09-01,Final,20140920_804e,NA
https://en.usports.ca/sports/fball/2014-15/boxscores/20140927_1exj.xml,0,1,0,0,2014-15,2014-09-27,McGill,Laval,70,3, Radio-Canada TV ,2014-09-01,Final,20140927_1exj,NA
https://en.usports.ca/sports/fball/2014-15/boxscores/20141005_z77o.xml,0,1,0,0,2014-15,2014-10-05,Concordia,Laval,32,16,6 ,2014-10-01,Final,20141005_z77o,NA
https://en.usports.ca/sports/fball/2014-15/boxscores/20141019_zpgl.xml,0,1,0,0,2014-15,2014-10-19,Bishop's,Laval,64,3, ici Radio-Canada Quebec  ,2014-10-01,Final,20141019_zpgl,NA
https://en.usports.ca/sports/fball/2014-15/boxscores/20141024_p14v.xml,0,1,0,0,2014-15,2014-10-24,Laval,McGill,14,53,4  ,2014-10-01,Final,20141024_p14v,/sports/fball/2014-15/releases/20141024-fb
https://en.usports.ca/sports/fball/2014-15/boxscores/20141101_dwjk.xml,0,1,0,0,2014-15,2014-11-01,Laval,Montreal,13,9, Radio-Canada TV ,2014-11-01,Final,20141101_dwjk,NA
https://en.usports.ca/sports/fball/2014-15/boxscores/20140905_j0fi.xml,0,1,0,0,2014-15,2014-09-05,Manitoba,Saskatchewan,44,24,4 Shaw TV Video  ,2014-09-01,Final,20140905_j0fi,NA
https://en.usports.ca/sports/fball/2014-15/boxscores/20140912_8p44.xml,0,1,0,0,2014-15,2014-09-12,Regina,Manitoba,42,18,8 Shaw TV Video  ,2014-09-01,Final,20140912_8p44,NA
https://en.usports.ca/sports/fball/2014-15/boxscores/20140920_7yql.xml,0,1,0,0,2014-15,2014-09-20,UBC,Manitoba,20,10,0 Video  ,2014-09-01,Final,20140920_7yql,NA
https://en.usports.ca/sports/fball/2014-15/boxscores/20140926_5etz.xml,0,1,0,0,2014-15,2014-09-26,Manitoba,Calgary,42,41,1 Shaw TV Video  ,2014-09-01,Final,20140926_5etz,NA
https://en.usports.ca/sports/fball/2014-15/boxscores/20141004_rs0c.xml,0,1,0,0,2014-15,2014-10-04,Manitoba,Alberta,38,31,1  ,2014-10-01,Final,20141004_rs0c,NA
https://en.usports.ca/sports/fball/2014-15/boxscores/20141017_enhi.xml,0,1,0,0,2014-15,2014-10-17,Saskatchewan,Manitoba,41,8,  ,2014-10-01,Final,20141017_enhi,/sports/fball/2014-15/releases/20141018-fb
https://en.usports.ca/sports/fball/2014-15/boxscores/20141025_n2mg.xml,0,1,0,0,2014-15,2014-10-25,Manitoba,Regina,56,41,1 Shaw TV  ,2014-10-01,Final,20141025_n2mg,NA
https://en.usports.ca/sports/fball/2014-15/boxscores/20141101_k1al.xml,0,1,0,0,2014-15,2014-11-01,Calgary,Manitoba,50,31,1  ,2014-11-01,Final,20141101_k1al,NA
https://en.usports.ca/sports/fball/2014-15/boxscores/20140906_ljhx.xml,0,1,0,0,2014-15,2014-09-06,McGill,Sherbrooke,43,21,1  ,2014-09-01,Final,20140906_ljhx,NA
https://en.usports.ca/sports/fball/2014-15/boxscores/20140912_fajm.xml,0,1,0,0,2014-15,2014-09-12,Concordia,McGill,7,41,  ,2014-09-01,Final,20140912_fajm,NA
https://en.usports.ca/sports/fball/2014-15/boxscores/20140919_h9n4.xml,0,1,0,0,2014-15,2014-09-19,McGill,Montreal,43,17,7 ,2014-09-01,Final,20140919_h9n4,NA
https://en.usports.ca/sports/fball/2014-15/boxscores/20140927_1exj.xml,0,1,0,0,2014-15,2014-09-27,McGill,Laval,70,3, Radio-Canada TV ,2014-09-01,Final,20140927_1exj,NA
https://en.usports.ca/sports/fball/2014-15/boxscores/20141009_zanm.xml,0,1,0,0,2014-15,2014-10-09,Bishop's,McGill,13,17,3 ,2014-10-01,Final,20141009_zanm,NA
https://en.usports.ca/sports/fball/2014-15/boxscores/20141018_vh19.xml,0,1,0,0,2014-15,2014-10-18,Sherbrooke,McGill,0,45, ,2014-10-01,Final,20141018_vh19,NA
https://en.usports.ca/sports/fball/2014-15/boxscores/20141024_p14v.xml,0,1,0,0,2014-15,2014-10-24,Laval,McGill,14,53,4  ,2014-10-01,Final,20141024_p14v,/sports/fball/2014-15/releases/20141024-fb
https://en.usports.ca/sports/fball/2014-15/boxscores/20141101_x0gx.xml,0,1,0,0,2014-15,2014-11-01,McGill,Concordia,30,28,8 ,2014-11-01,Final,20141101_x0gx,NA
https://en.usports.ca/sports/fball/2014-15/boxscores/20140901_plfb.xml,0,1,0,0,2014-15,2014-09-01,Guelph,McMaster,34,27,7   Photos,2014-09-01,Final - OT,20140901_plfb,NA
https://en.usports.ca/sports/fball/2014-15/boxscores/20140906_4hpx.xml,0,1,0,0,2014-15,2014-09-06,McMaster,Waterloo,0,66,  ,2014-09-01,Final,20140906_4hpx,NA
https://en.usports.ca/sports/fball/2014-15/boxscores/20140913_qb3u.xml,0,1,0,0,2014-15,2014-09-13,Carleton,McMaster,37,17,7  ,2014-09-01,Final,20140913_qb3u,NA
https://en.usports.ca/sports/fball/2014-15/boxscores/20140920_58jx.xml,0,1,0,0,2014-15,2014-09-20,McMaster,York,2,49, Homecoming  ,2014-09-01,Final,20140920_58jx,NA
https://en.usports.ca/sports/fball/2014-15/boxscores/20140927_yolv.xml,0,1,0,0,2014-15,2014-09-27,Queen's,McMaster,28,19,9 Homecoming   Photos,2014-09-01,Final,20140927_yolv,NA
https://en.usports.ca/sports/fball/2014-15/boxscores/20141004_4g4z.xml,0,1,0,0,2014-15,2014-10-04,McMaster,Western,29,32,9   Photos,2014-10-01,Final,20141004_4g4z,NA
https://en.usports.ca/sports/fball/2014-15/boxscores/20141018_94t7.xml,0,1,0,0,2014-15,2014-10-18,Laurier,McMaster,27,10,0  ,2014-10-01,Final,20141018_94t7,NA
https://en.usports.ca/sports/fball/2014-15/boxscores/20141025_w0ze.xml,0,1,0,0,2014-15,2014-10-25,McMaster,Ottawa,38,18,8   ,2014-10-01,Final,20141025_w0ze,NA
https://en.usports.ca/sports/fball/2014-15/boxscores/20140906_3rkj.xml,0,1,0,0,2014-15,2014-09-06,Montreal,Laval,40,13,3 ,2014-09-01,Final,20140906_3rkj,NA
https://en.usports.ca/sports/fball/2014-15/boxscores/20140912_2b51.xml,0,1,0,0,2014-15,2014-09-12,Bishop's,Montreal,41,7, ,2014-09-01,Final,20140912_2b51,NA
https://en.usports.ca/sports/fball/2014-15/boxscores/20140919_h9n4.xml,0,1,0,0,2014-15,2014-09-19,McGill,Montreal,43,17,7 ,2014-09-01,Final,20140919_h9n4,NA
https://en.usports.ca/sports/fball/2014-15/boxscores/20140927_pf6q.xml,0,1,0,0,2014-15,2014-09-27,Montreal,StFX,0,47,  ,2014-09-01,Final,20140927_pf6q,NA
https://en.usports.ca/sports/fball/2014-15/boxscores/20141004_pndj.xml,0,1,0,0,2014-15,2014-10-04,Sherbrooke,Montreal,22,16,6 Radio-Canada TV ,2014-10-01,Final,20141004_pndj,NA
https://en.usports.ca/sports/fball/2014-15/boxscores/20141011_aktj.xml,0,1,0,0,2014-15,2014-10-11,Montreal,Concordia,3,36, Radio-Canada TV ,2014-10-01,Final,20141011_aktj,NA
https://en.usports.ca/sports/fball/2014-15/boxscores/20141025_djnz.xml,0,1,0,0,2014-15,2014-10-25,Montreal,Bishop's,8,56, Radio-Canada TV  ,2014-10-01,Final,20141025_djnz,NA
https://en.usports.ca/sports/fball/2014-15/boxscores/20141101_dwjk.xml,0,1,0,0,2014-15,2014-11-01,Laval,Montreal,13,9, Radio-Canada TV ,2014-11-01,Final,20141101_dwjk,NA
https://en.usports.ca/sports/fball/2014-15/boxscores/20140830_0x5g.xml,1,0,0,0,2014-15,2014-08-30,StFX,Mount Allison,16,8, (Pre-Season)   More   ,2014-08-01,Final,20140830_0x5g,NA
https://en.usports.ca/sports/fball/2014-15/boxscores/20140906_kr03.xml,0,1,0,0,2014-15,2014-09-06,Acadia,Mount Allison,20,12,2   Photos,2014-09-01,Final,20140906_kr03,NA
https://en.usports.ca/sports/fball/2014-15/boxscores/20140913_bvft.xml,0,1,0,0,2014-15,2014-09-13,Mount Allison,StFX,25,27,5   Photos,2014-09-01,Final,20140913_bvft,NA
https://en.usports.ca/sports/fball/2014-15/boxscores/20140920_scc7.xml,0,1,0,0,2014-15,2014-09-20,Saint Mary's,Mount Allison,39,8, Homecoming   ,2014-09-01,Final,20140920_scc7,NA
https://en.usports.ca/sports/fball/2014-15/boxscores/20140927_wsi5.xml,0,1,0,0,2014-15,2014-09-27,Mount Allison,Bishop's,3,26,  ,2014-09-01,Final,20140927_wsi5,NA
https://en.usports.ca/sports/fball/2014-15/boxscores/20141004_dfkh.xml,0,1,0,0,2014-15,2014-10-04,Mount Allison,Saint Mary's,0,38, Homecoming  ,2014-10-01,Final,20141004_dfkh,NA
https://en.usports.ca/sports/fball/2014-15/boxscores/20141011_5su0.xml,0,1,0,0,2014-15,2014-10-11,Saint Mary's,Mount Allison,33,1,  ,2014-10-01,Final,20141011_5su0,NA
https://en.usports.ca/sports/fball/2014-15/boxscores/20141018_e1y2.xml,0,1,0,0,2014-15,2014-10-18,Mount Allison,Acadia,5,33,  ,2014-10-01,Final,20141018_e1y2,NA
https://en.usports.ca/sports/fball/2014-15/boxscores/20141025_m8sr.xml,0,1,0,0,2014-15,2014-10-25,StFX,Mount Allison,18,10,0   ,2014-10-01,Final,20141025_m8sr,NA
https://en.usports.ca/sports/fball/2014-15/boxscores/20140901_h0os.xml,0,1,0,0,2014-15,2014-09-01,York,Ottawa,51,7,   ,2014-09-01,Final,20140901_h0os,NA
https://en.usports.ca/sports/fball/2014-15/boxscores/20140906_44hu.xml,0,1,0,0,2014-15,2014-09-06,Ottawa,Queen's,30,37,0   ,2014-09-01,Final,20140906_44hu,NA
https://en.usports.ca/sports/fball/2014-15/boxscores/20140913_f3xv.xml,0,1,0,0,2014-15,2014-09-13,Guelph,Ottawa,7,42,   More  Photos,2014-09-01,Final,20140913_f3xv,NA
https://en.usports.ca/sports/fball/2014-15/boxscores/20140920_oa6x.xml,0,1,0,0,2014-15,2014-09-20,Ottawa,Carleton,33,31,1 Panda Game   More  Photos,2014-09-01,Final,20140920_oa6x,NA
https://en.usports.ca/sports/fball/2014-15/boxscores/20140927_xwa5.xml,0,1,0,0,2014-15,2014-09-27,Ottawa,Toronto,25,41,5   ,2014-09-01,Final,20140927_xwa5,NA
https://en.usports.ca/sports/fball/2014-15/boxscores/20141004_9b3l.xml,0,1,0,0,2014-15,2014-10-04,Waterloo,Ottawa,51,10,0   ,2014-10-01,Final,20141004_9b3l,NA
https://en.usports.ca/sports/fball/2014-15/boxscores/20141010_bhhf.xml,0,1,0,0,2014-15,2014-10-10,Ottawa,Windsor,39,29,9  ,2014-10-01,Final,20141010_bhhf,NA
https://en.usports.ca/sports/fball/2014-15/boxscores/20141025_w0ze.xml,0,1,0,0,2014-15,2014-10-25,McMaster,Ottawa,38,18,8   ,2014-10-01,Final,20141025_w0ze,NA
https://en.usports.ca/sports/fball/2014-15/boxscores/20140824_kpya.xml,1,0,0,0,2014-15,2014-08-24,Concordia,Queen's,18,25,8 Exhibition ,2014-08-01,Final,20140824_kpya,NA
https://en.usports.ca/sports/fball/2014-15/boxscores/20140901_c518.xml,0,1,0,0,2014-15,2014-09-01,Queen's,Windsor,1,0, Queen's forfeits game to Windsor 1-0 because of due to the participation of an ineligible player ,2014-09-01,Final,20140901_c518,NA
https://en.usports.ca/sports/fball/2014-15/boxscores/20140906_44hu.xml,0,1,0,0,2014-15,2014-09-06,Ottawa,Queen's,30,37,0   ,2014-09-01,Final,20140906_44hu,NA
https://en.usports.ca/sports/fball/2014-15/boxscores/20140913_zcl5.xml,0,1,0,0,2014-15,2014-09-13,Western,Queen's,12,43,2  ,2014-09-01,Final,20140913_zcl5,NA
https://en.usports.ca/sports/fball/2014-15/boxscores/20140920_zi8t.xml,0,1,0,0,2014-15,2014-09-20,Queen's,Guelph,66,0, Homecoming  ,2014-09-01,Final,20140920_zi8t,NA
https://en.usports.ca/sports/fball/2014-15/boxscores/20140927_yolv.xml,0,1,0,0,2014-15,2014-09-27,Queen's,McMaster,28,19,9 Homecoming   Photos,2014-09-01,Final,20140927_yolv,NA
https://en.usports.ca/sports/fball/2014-15/boxscores/20141011_oqc4.xml,0,1,0,0,2014-15,2014-10-11,Toronto,Queen's,48,27,7  ,2014-10-01,Final,20141011_oqc4,NA
https://en.usports.ca/sports/fball/2014-15/boxscores/20141018_2q2o.xml,0,1,0,0,2014-15,2014-10-18,York,Queen's,57,10,0 Homecoming  ,2014-10-01,Final,20141018_2q2o,NA
https://en.usports.ca/sports/fball/2014-15/boxscores/20141025_4w4e.xml,0,1,0,0,2014-15,2014-10-25,Queen's,Carleton,15,37,5  ,2014-10-01,Final,20141025_4w4e,NA
https://en.usports.ca/sports/fball/2014-15/boxscores/20140829_w4u7.xml,1,0,0,0,2014-15,2014-08-29,Alberta,Regina,40,28,8  ,2014-08-01,Final,20140829_w4u7,NA
https://en.usports.ca/sports/fball/2014-15/boxscores/20140905_9bxc.xml,0,1,0,0,2014-15,2014-09-05,UBC,Regina,33,23,3 Video  ,2014-09-01,Final,20140905_9bxc,NA
https://en.usports.ca/sports/fball/2014-15/boxscores/20140912_8p44.xml,0,1,0,0,2014-15,2014-09-12,Regina,Manitoba,42,18,8 Shaw TV Video  ,2014-09-01,Final,20140912_8p44,NA
https://en.usports.ca/sports/fball/2014-15/boxscores/20140920_le9j.xml,0,1,0,0,2014-15,2014-09-20,Regina,Alberta,44,42,2 Shaw TV Video  ,2014-09-01,Final,20140920_le9j,NA
https://en.usports.ca/sports/fball/2014-15/boxscores/20140927_el9g.xml,0,1,0,0,2014-15,2014-09-27,Saskatchewan,Regina,16,21,6 Video  ,2014-09-01,Final,20140927_el9g,NA
https://en.usports.ca/sports/fball/2014-15/boxscores/20141004_c9ud.xml,0,1,0,0,2014-15,2014-10-04,Regina,Calgary,59,7,  ,2014-10-01,Final,20141004_c9ud,NA
https://en.usports.ca/sports/fball/2014-15/boxscores/20141018_jmsp.xml,0,1,0,0,2014-15,2014-10-18,Regina,UBC,33,32,2 Shaw TV  ,2014-10-01,Final,20141018_jmsp,NA
https://en.usports.ca/sports/fball/2014-15/boxscores/20141025_n2mg.xml,0,1,0,0,2014-15,2014-10-25,Manitoba,Regina,56,41,1 Shaw TV  ,2014-10-01,Final,20141025_n2mg,NA
https://en.usports.ca/sports/fball/2014-15/boxscores/20141101_1947.xml,0,1,0,0,2014-15,2014-11-01,Alberta,Regina,35,31,1  ,2014-11-01,Final,20141101_1947,NA
https://en.usports.ca/sports/fball/2014-15/boxscores/20140830_0czh.xml,1,0,0,0,2014-15,2014-08-30,Saint Mary's,Acadia,34,5, (Pre-Season)   ,2014-08-01,Final,20140830_0czh,NA
https://en.usports.ca/sports/fball/2014-15/boxscores/20140905_po9e.xml,0,1,0,0,2014-15,2014-09-05,StFX,Saint Mary's,7,31,  ,2014-09-01,Final,20140905_po9e,NA
https://en.usports.ca/sports/fball/2014-15/boxscores/20140913_oyfq.xml,0,1,0,0,2014-15,2014-09-13,Saint Mary's,Acadia,16,13,3   More   Photos,2014-09-01,Final,20140913_oyfq,NA
https://en.usports.ca/sports/fball/2014-15/boxscores/20140920_scc7.xml,0,1,0,0,2014-15,2014-09-20,Saint Mary's,Mount Allison,39,8, Homecoming   ,2014-09-01,Final,20140920_scc7,NA
https://en.usports.ca/sports/fball/2014-15/boxscores/20140927_wmn2.xml,0,1,0,0,2014-15,2014-09-27,Concordia,Saint Mary's,7,63,  ,2014-09-01,Final,20140927_wmn2,NA
https://en.usports.ca/sports/fball/2014-15/boxscores/20141004_dfkh.xml,0,1,0,0,2014-15,2014-10-04,Mount Allison,Saint Mary's,0,38, Homecoming  ,2014-10-01,Final,20141004_dfkh,NA
https://en.usports.ca/sports/fball/2014-15/boxscores/20141011_5su0.xml,0,1,0,0,2014-15,2014-10-11,Saint Mary's,Mount Allison,33,1,  ,2014-10-01,Final,20141011_5su0,NA
https://en.usports.ca/sports/fball/2014-15/boxscores/20141018_lcfg.xml,0,1,0,0,2014-15,2014-10-18,Saint Mary's,StFX,36,6,  ,2014-10-01,Final,20141018_lcfg,NA
https://en.usports.ca/sports/fball/2014-15/boxscores/20141025_3rpw.xml,0,1,0,0,2014-15,2014-10-25,Acadia,Saint Mary's,17,26,7   More  ,2014-10-01,Final,20141025_3rpw,NA
https://en.usports.ca/sports/fball/2014-15/boxscores/20140905_j0fi.xml,0,1,0,0,2014-15,2014-09-05,Manitoba,Saskatchewan,44,24,4 Shaw TV Video  ,2014-09-01,Final,20140905_j0fi,NA
https://en.usports.ca/sports/fball/2014-15/boxscores/20140913_caed.xml,0,1,0,0,2014-15,2014-09-13,Saskatchewan,Alberta,41,42,1 Video  ,2014-09-01,Final - OT,20140913_caed,NA
https://en.usports.ca/sports/fball/2014-15/boxscores/20140919_98hu.xml,0,1,0,0,2014-15,2014-09-19,Calgary,Saskatchewan,24,38,4 Video  ,2014-09-01,Final,20140919_98hu,NA
https://en.usports.ca/sports/fball/2014-15/boxscores/20140927_el9g.xml,0,1,0,0,2014-15,2014-09-27,Saskatchewan,Regina,16,21,6 Video  ,2014-09-01,Final,20140927_el9g,NA
https://en.usports.ca/sports/fball/2014-15/boxscores/20141004_i6gd.xml,0,1,0,0,2014-15,2014-10-04,UBC,Saskatchewan,31,25,5 Shaw TV  ,2014-10-01,Final,20141004_i6gd,NA
https://en.usports.ca/sports/fball/2014-15/boxscores/20141017_enhi.xml,0,1,0,0,2014-15,2014-10-17,Saskatchewan,Manitoba,41,8,  ,2014-10-01,Final,20141017_enhi,/sports/fball/2014-15/releases/20141018-fb
https://en.usports.ca/sports/fball/2014-15/boxscores/20141025_k263.xml,0,1,0,0,2014-15,2014-10-25,Alberta,Saskatchewan,41,23,3  ,2014-10-01,Final,20141025_k263,NA
https://en.usports.ca/sports/fball/2014-15/boxscores/20141101_c044.xml,0,1,0,0,2014-15,2014-11-01,Saskatchewan,UBC,18,38,8 Shaw TV  ,2014-11-01,Final,20141101_c044,NA
https://en.usports.ca/sports/fball/2014-15/boxscores/20140906_ljhx.xml,0,1,0,0,2014-15,2014-09-06,McGill,Sherbrooke,43,21,1  ,2014-09-01,Final,20140906_ljhx,NA
https://en.usports.ca/sports/fball/2014-15/boxscores/20140913_nc4c.xml,0,1,0,0,2014-15,2014-09-13,Laval,Sherbrooke,1,43, Radio-Canada TV ,2014-09-01,Final,20140913_nc4c,NA
https://en.usports.ca/sports/fball/2014-15/boxscores/20140919_1ddy.xml,0,1,0,0,2014-15,2014-09-19,Sherbrooke,Concordia,29,22,2 ,2014-09-01,Final,20140919_1ddy,NA
https://en.usports.ca/sports/fball/2014-15/boxscores/20140927_x7je.xml,0,1,0,0,2014-15,2014-09-27,Acadia,Sherbrooke,48,10,0  ,2014-09-01,Final,20140927_x7je,NA
https://en.usports.ca/sports/fball/2014-15/boxscores/20141004_pndj.xml,0,1,0,0,2014-15,2014-10-04,Sherbrooke,Montreal,22,16,6 Radio-Canada TV ,2014-10-01,Final,20141004_pndj,NA
https://en.usports.ca/sports/fball/2014-15/boxscores/20141018_vh19.xml,0,1,0,0,2014-15,2014-10-18,Sherbrooke,McGill,0,45, ,2014-10-01,Final,20141018_vh19,NA
https://en.usports.ca/sports/fball/2014-15/boxscores/20141025_kwo5.xml,0,1,0,0,2014-15,2014-10-25,Concordia,Sherbrooke,29,0, ,2014-10-01,Final,20141025_kwo5,NA
https://en.usports.ca/sports/fball/2014-15/boxscores/20141101_fuog.xml,0,1,0,0,2014-15,2014-11-01,Sherbrooke,Bishop's,14,35,4 ,2014-11-01,Final,20141101_fuog,NA
https://en.usports.ca/sports/fball/2014-15/boxscores/20140830_0x5g.xml,1,0,0,0,2014-15,2014-08-30,StFX,Mount Allison,16,8, (Pre-Season)   More   ,2014-08-01,Final,20140830_0x5g,NA
https://en.usports.ca/sports/fball/2014-15/boxscores/20140905_po9e.xml,0,1,0,0,2014-15,2014-09-05,StFX,Saint Mary's,7,31,  ,2014-09-01,Final,20140905_po9e,NA
https://en.usports.ca/sports/fball/2014-15/boxscores/20140913_bvft.xml,0,1,0,0,2014-15,2014-09-13,Mount Allison,StFX,25,27,5   Photos,2014-09-01,Final,20140913_bvft,NA
https://en.usports.ca/sports/fball/2014-15/boxscores/20140920_zndv.xml,0,1,0,0,2014-15,2014-09-20,StFX,Acadia,29,38,9   Photos,2014-09-01,Final,20140920_zndv,NA
https://en.usports.ca/sports/fball/2014-15/boxscores/20140927_pf6q.xml,0,1,0,0,2014-15,2014-09-27,Montreal,StFX,0,47,  ,2014-09-01,Final,20140927_pf6q,NA
https://en.usports.ca/sports/fball/2014-15/boxscores/20141004_4hnv.xml,0,1,0,0,2014-15,2014-10-04,Acadia,StFX,37,20,0 Homecoming  ,2014-10-01,Final,20141004_4hnv,NA
https://en.usports.ca/sports/fball/2014-15/boxscores/20141011_58dr.xml,0,1,0,0,2014-15,2014-10-11,StFX,Acadia,26,4,  ,2014-10-01,Final,20141011_58dr,NA
https://en.usports.ca/sports/fball/2014-15/boxscores/20141018_lcfg.xml,0,1,0,0,2014-15,2014-10-18,Saint Mary's,StFX,36,6,  ,2014-10-01,Final,20141018_lcfg,NA
https://en.usports.ca/sports/fball/2014-15/boxscores/20141025_m8sr.xml,0,1,0,0,2014-15,2014-10-25,StFX,Mount Allison,18,10,0   ,2014-10-01,Final,20141025_m8sr,NA
https://en.usports.ca/sports/fball/2014-15/boxscores/20140901_zbqb.xml,0,1,0,0,2014-15,2014-09-01,Laurier,Toronto,17,53,7  ,2014-09-01,Final,20140901_zbqb,NA
https://en.usports.ca/sports/fball/2014-15/boxscores/20140906_ztjj.xml,0,1,0,0,2014-15,2014-09-06,Toronto,Guelph,50,18,8 Video  More  Photos,2014-09-01,Final,20140906_ztjj,NA
https://en.usports.ca/sports/fball/2014-15/boxscores/20140913_rkk0.xml,0,1,0,0,2014-15,2014-09-13,York,Toronto,70,0,   Photos,2014-09-01,Final,20140913_rkk0,NA
https://en.usports.ca/sports/fball/2014-15/boxscores/20140920_56xx.xml,0,1,0,0,2014-15,2014-09-20,Toronto,Western,63,15,5 Homecoming  ,2014-09-01,Final,20140920_56xx,NA
https://en.usports.ca/sports/fball/2014-15/boxscores/20140927_xwa5.xml,0,1,0,0,2014-15,2014-09-27,Ottawa,Toronto,25,41,5   ,2014-09-01,Final,20140927_xwa5,NA
https://en.usports.ca/sports/fball/2014-15/boxscores/20141004_v9lg.xml,0,1,0,0,2014-15,2014-10-04,Toronto,Carleton,53,32,2  ,2014-10-01,Final,20141004_v9lg,NA
https://en.usports.ca/sports/fball/2014-15/boxscores/20141011_oqc4.xml,0,1,0,0,2014-15,2014-10-11,Toronto,Queen's,48,27,7  ,2014-10-01,Final,20141011_oqc4,NA
https://en.usports.ca/sports/fball/2014-15/boxscores/20141018_00ri.xml,0,1,0,0,2014-15,2014-10-18,Waterloo,Toronto,61,13,3  ,2014-10-01,Final,20141018_00ri,NA
https://en.usports.ca/sports/fball/2014-15/boxscores/20140905_9bxc.xml,0,1,0,0,2014-15,2014-09-05,UBC,Regina,33,23,3 Video  ,2014-09-01,Final,20140905_9bxc,NA
https://en.usports.ca/sports/fball/2014-15/boxscores/20140913_3mgb.xml,0,1,0,0,2014-15,2014-09-13,Calgary,UBC,11,59,1 Video  ,2014-09-01,Final,20140913_3mgb,NA
https://en.usports.ca/sports/fball/2014-15/boxscores/20140920_7yql.xml,0,1,0,0,2014-15,2014-09-20,UBC,Manitoba,20,10,0 Video  ,2014-09-01,Final,20140920_7yql,NA
https://en.usports.ca/sports/fball/2014-15/boxscores/20140927_dceu.xml,0,1,0,0,2014-15,2014-09-27,Alberta,UBC,49,13,3 Video  ,2014-09-01,Final,20140927_dceu,NA
https://en.usports.ca/sports/fball/2014-15/boxscores/20141004_i6gd.xml,0,1,0,0,2014-15,2014-10-04,UBC,Saskatchewan,31,25,5 Shaw TV  ,2014-10-01,Final,20141004_i6gd,NA
https://en.usports.ca/sports/fball/2014-15/boxscores/20141018_jmsp.xml,0,1,0,0,2014-15,2014-10-18,Regina,UBC,33,32,2 Shaw TV  ,2014-10-01,Final,20141018_jmsp,NA
https://en.usports.ca/sports/fball/2014-15/boxscores/20141025_3zpi.xml,0,1,0,0,2014-15,2014-10-25,UBC,Calgary,67,6,  ,2014-10-01,Final,20141025_3zpi,NA
https://en.usports.ca/sports/fball/2014-15/boxscores/20141101_c044.xml,0,1,0,0,2014-15,2014-11-01,Saskatchewan,UBC,18,38,8 Shaw TV  ,2014-11-01,Final,20141101_c044,NA
https://en.usports.ca/sports/fball/2014-15/boxscores/20140901_qe6n.xml,0,1,0,0,2014-15,2014-09-01,Carleton,Waterloo,14,33,4  ,2014-09-01,Final,20140901_qe6n,NA
https://en.usports.ca/sports/fball/2014-15/boxscores/20140906_4hpx.xml,0,1,0,0,2014-15,2014-09-06,McMaster,Waterloo,0,66,  ,2014-09-01,Final,20140906_4hpx,NA
https://en.usports.ca/sports/fball/2014-15/boxscores/20140913_k7e9.xml,0,1,0,0,2014-15,2014-09-13,Waterloo,Laurier,44,0,  ,2014-09-01,Final,20140913_k7e9,NA
https://en.usports.ca/sports/fball/2014-15/boxscores/20140920_9vkx.xml,0,1,0,0,2014-15,2014-09-20,Windsor,Waterloo,4,63,  ,2014-09-01,Final,20140920_9vkx,NA
https://en.usports.ca/sports/fball/2014-15/boxscores/20140927_4v9z.xml,0,1,0,0,2014-15,2014-09-27,Western,Waterloo,3,69, Homecoming  ,2014-09-01,Final,20140927_4v9z,NA
https://en.usports.ca/sports/fball/2014-15/boxscores/20141004_9b3l.xml,0,1,0,0,2014-15,2014-10-04,Waterloo,Ottawa,51,10,0   ,2014-10-01,Final,20141004_9b3l,NA
https://en.usports.ca/sports/fball/2014-15/boxscores/20141018_00ri.xml,0,1,0,0,2014-15,2014-10-18,Waterloo,Toronto,61,13,3  ,2014-10-01,Final,20141018_00ri,NA
https://en.usports.ca/sports/fball/2014-15/boxscores/20141025_yod7.xml,0,1,0,0,2014-15,2014-10-25,Waterloo,York,31,32,1  ,2014-10-01,Final,20141025_yod7,NA
https://en.usports.ca/sports/fball/2014-15/boxscores/20140906_d7hm.xml,0,1,0,0,2014-15,2014-09-06,Western,York,0,61,  ,2014-09-01,Final,20140906_d7hm,NA
https://en.usports.ca/sports/fball/2014-15/boxscores/20140913_zcl5.xml,0,1,0,0,2014-15,2014-09-13,Western,Queen's,12,43,2  ,2014-09-01,Final,20140913_zcl5,NA
https://en.usports.ca/sports/fball/2014-15/boxscores/20140920_56xx.xml,0,1,0,0,2014-15,2014-09-20,Toronto,Western,63,15,5 Homecoming  ,2014-09-01,Final,20140920_56xx,NA
https://en.usports.ca/sports/fball/2014-15/boxscores/20140927_4v9z.xml,0,1,0,0,2014-15,2014-09-27,Western,Waterloo,3,69, Homecoming  ,2014-09-01,Final,20140927_4v9z,NA
https://en.usports.ca/sports/fball/2014-15/boxscores/20141004_4g4z.xml,0,1,0,0,2014-15,2014-10-04,McMaster,Western,29,32,9   Photos,2014-10-01,Final,20141004_4g4z,NA
https://en.usports.ca/sports/fball/2014-15/boxscores/20141009_mkzy.xml,0,1,0,0,2014-15,2014-10-09,Laurier,Western,61,20,0  ,2014-10-01,Final,20141009_mkzy,NA
https://en.usports.ca/sports/fball/2014-15/boxscores/20141018_mxyb.xml,0,1,0,0,2014-15,2014-10-18,Western,Guelph,49,46,6  ,2014-10-01,Final,20141018_mxyb,NA
https://en.usports.ca/sports/fball/2014-15/boxscores/20141025_rj3v.xml,0,1,0,0,2014-15,2014-10-25,Windsor,Western,43,21,1  ,2014-10-01,Final,20141025_rj3v,NA
https://en.usports.ca/sports/fball/2014-15/boxscores/20140901_c518.xml,0,1,0,0,2014-15,2014-09-01,Queen's,Windsor,1,0, Queen's forfeits game to Windsor 1-0 because of due to the participation of an ineligible player ,2014-09-01,Final,20140901_c518,NA
https://en.usports.ca/sports/fball/2014-15/boxscores/20140906_ykj0.xml,0,1,0,0,2014-15,2014-09-06,Laurier,Windsor,39,34,4   Photos,2014-09-01,Final,20140906_ykj0,NA
https://en.usports.ca/sports/fball/2014-15/boxscores/20140920_9vkx.xml,0,1,0,0,2014-15,2014-09-20,Windsor,Waterloo,4,63,  ,2014-09-01,Final,20140920_9vkx,NA
https://en.usports.ca/sports/fball/2014-15/boxscores/20140926_5fcs.xml,0,1,0,0,2014-15,2014-09-26,Windsor,York,3,35,  ,2014-09-01,Final,20140926_5fcs,NA
https://en.usports.ca/sports/fball/2014-15/boxscores/20141004_rgm1.xml,0,1,0,0,2014-15,2014-10-04,Guelph,Windsor,9,24,  ,2014-10-01,Final,20141004_rgm1,NA
https://en.usports.ca/sports/fball/2014-15/boxscores/20141010_bhhf.xml,0,1,0,0,2014-15,2014-10-10,Ottawa,Windsor,39,29,9  ,2014-10-01,Final,20141010_bhhf,NA
https://en.usports.ca/sports/fball/2014-15/boxscores/20141018_kvgg.xml,0,1,0,0,2014-15,2014-10-18,Windsor,Carleton,21,18,8 Homecoming  ,2014-10-01,Final,20141018_kvgg,NA
https://en.usports.ca/sports/fball/2014-15/boxscores/20141025_rj3v.xml,0,1,0,0,2014-15,2014-10-25,Windsor,Western,43,21,1  ,2014-10-01,Final,20141025_rj3v,NA
https://en.usports.ca/sports/fball/2014-15/boxscores/20140901_h0os.xml,0,1,0,0,2014-15,2014-09-01,York,Ottawa,51,7,   ,2014-09-01,Final,20140901_h0os,NA
https://en.usports.ca/sports/fball/2014-15/boxscores/20140906_d7hm.xml,0,1,0,0,2014-15,2014-09-06,Western,York,0,61,  ,2014-09-01,Final,20140906_d7hm,NA
https://en.usports.ca/sports/fball/2014-15/boxscores/20140913_rkk0.xml,0,1,0,0,2014-15,2014-09-13,York,Toronto,70,0,   Photos,2014-09-01,Final,20140913_rkk0,NA
https://en.usports.ca/sports/fball/2014-15/boxscores/20140920_58jx.xml,0,1,0,0,2014-15,2014-09-20,McMaster,York,2,49, Homecoming  ,2014-09-01,Final,20140920_58jx,NA
https://en.usports.ca/sports/fball/2014-15/boxscores/20140926_5fcs.xml,0,1,0,0,2014-15,2014-09-26,Windsor,York,3,35,  ,2014-09-01,Final,20140926_5fcs,NA
https://en.usports.ca/sports/fball/2014-15/boxscores/20141004_j72n.xml,0,1,0,0,2014-15,2014-10-04,York,Laurier,27,10,0  ,2014-10-01,Final,20141004_j72n,NA
https://en.usports.ca/sports/fball/2014-15/boxscores/20141018_2q2o.xml,0,1,0,0,2014-15,2014-10-18,York,Queen's,57,10,0 Homecoming  ,2014-10-01,Final,20141018_2q2o,NA
https://en.usports.ca/sports/fball/2014-15/boxscores/20141025_yod7.xml,0,1,0,0,2014-15,2014-10-25,Waterloo,York,31,32,1  ,2014-10-01,Final,20141025_yod7,NA
https://en.usports.ca/sports/fball/2013-14/boxscores/20130831_ist4.xml,1,0,0,0,2013-14,2013-08-31,Acadia,StFX,15,19,5 (Pre-Season)   ,2013-08-01,Final,20130831_ist4,NA
https://en.usports.ca/sports/fball/2013-14/boxscores/20130906_mv46.xml,0,1,0,0,2013-14,2013-09-06,Acadia,Saint Mary's,14,11,1  ,2013-09-01,Final,20130906_mv46,NA
https://en.usports.ca/sports/fball/2013-14/boxscores/20130914_en1f.xml,0,1,0,0,2013-14,2013-09-14,Laval,Acadia,14,26,4   ,2013-09-01,Final,20130914_en1f,NA
https://en.usports.ca/sports/fball/2013-14/boxscores/20130920_nso5.xml,0,1,0,0,2013-14,2013-09-20,Acadia,StFX,11,40,1   ,2013-09-01,Final,20130920_nso5,NA
https://en.usports.ca/sports/fball/2013-14/boxscores/20130928_j5q1.xml,0,1,0,0,2013-14,2013-09-28,Mount Allison,Acadia,40,9,   ,2013-09-01,Final,20130928_j5q1,NA
https://en.usports.ca/sports/fball/2013-14/boxscores/20131005_2naf.xml,0,1,0,0,2013-14,2013-10-05,Acadia,Saint Mary's,17,10,0   ,2013-10-01,Final,20131005_2naf,NA
https://en.usports.ca/sports/fball/2013-14/boxscores/20131011_k10w.xml,0,1,0,0,2013-14,2013-10-11,Saint Mary's,Acadia,9,11,  ,2013-10-01,Final,20131011_k10w,NA
https://en.usports.ca/sports/fball/2013-14/boxscores/20131019_ewbx.xml,0,1,0,0,2013-14,2013-10-19,StFX,Acadia,27,11,1   More  ,2013-10-01,Final,20131019_ewbx,NA
https://en.usports.ca/sports/fball/2013-14/boxscores/20131026_b2wr.xml,0,1,0,0,2013-14,2013-10-26,Acadia,Mount Allison,23,14,4   ,2013-10-01,Final,20131026_b2wr,NA
https://en.usports.ca/sports/fball/2013-14/boxscores/20130830_n825.xml,0,1,0,0,2013-14,2013-08-30,Alberta,Manitoba,65,41,1  ,2013-08-01,Final,20130830_n825,NA
https://en.usports.ca/sports/fball/2013-14/boxscores/20130907_tpis.xml,0,1,0,0,2013-14,2013-09-07,UBC,Alberta,36,39,6  ,2013-09-01,Final - OT,20130907_tpis,NA
https://en.usports.ca/sports/fball/2013-14/boxscores/20130914_rkam.xml,0,1,0,0,2013-14,2013-09-14,Regina,Alberta,35,55,5  ,2013-09-01,Final,20130914_rkam,NA
https://en.usports.ca/sports/fball/2013-14/boxscores/20130920_04n5.xml,0,1,0,0,2013-14,2013-09-20,Alberta,Saskatchewan,39,17,7  ,2013-09-01,Final,20130920_04n5,NA
https://en.usports.ca/sports/fball/2013-14/boxscores/20130928_rymo.xml,0,1,0,0,2013-14,2013-09-28,Calgary,Alberta,21,76,1  ,2013-09-01,Final,20130928_rymo,NA
https://en.usports.ca/sports/fball/2013-14/boxscores/20131005_tjih.xml,0,1,0,0,2013-14,2013-10-05,Alberta,Regina,25,20,0  ,2013-10-01,Final,20131005_tjih,NA
https://en.usports.ca/sports/fball/2013-14/boxscores/20131019_xhf1.xml,0,1,0,0,2013-14,2013-10-19,Alberta,UBC,60,0,  ,2013-10-01,Final,20131019_xhf1,NA
https://en.usports.ca/sports/fball/2013-14/boxscores/20131026_ra78.xml,0,1,0,0,2013-14,2013-10-26,Manitoba,Alberta,18,60,8  ,2013-10-01,Final,20131026_ra78,NA
https://en.usports.ca/sports/fball/2013-14/boxscores/20130901_op6u.xml,0,1,0,0,2013-14,2013-09-01,Sherbrooke,Bishop's,28,27,7  ,2013-09-01,Final,20130901_op6u,/sports/fball/2013-14/releases/20130901-fb
https://en.usports.ca/sports/fball/2013-14/boxscores/20130906_s893.xml,0,1,0,0,2013-14,2013-09-06,Bishop's,Montreal,44,18,8 ,2013-09-01,Final,20130906_s893,NA
https://en.usports.ca/sports/fball/2013-14/boxscores/20130914_wpi6.xml,0,1,0,0,2013-14,2013-09-14,Bishop's,Sherbrooke,21,22,1 ,2013-09-01,Final,20130914_wpi6,NA
https://en.usports.ca/sports/fball/2013-14/boxscores/20130921_kiiy.xml,0,1,0,0,2013-14,2013-09-21,Concordia,Bishop's,40,18,8 ,2013-09-01,Final,20130921_kiiy,NA
https://en.usports.ca/sports/fball/2013-14/boxscores/20130928_8g8f.xml,0,1,0,0,2013-14,2013-09-28,Laval,Bishop's,38,46,8 ,2013-09-01,Final,20130928_8g8f,NA
https://en.usports.ca/sports/fball/2013-14/boxscores/20131004_k2a7.xml,0,1,0,0,2013-14,2013-10-04,Bishop's,McGill,29,30,9  ,2013-10-01,Final,20131004_k2a7,NA
https://en.usports.ca/sports/fball/2013-14/boxscores/20131019_d3ik.xml,0,1,0,0,2013-14,2013-10-19,Bishop's,Concordia,36,44,6 ,2013-10-01,Final,20131019_d3ik,NA
https://en.usports.ca/sports/fball/2013-14/boxscores/20131026_ploi.xml,0,1,0,0,2013-14,2013-10-26,McGill,Bishop's,40,21,1  ,2013-10-01,Final,20131026_ploi,NA
NA,1,0,0,0,2013-14,NA,Calgary,Laval,32,3,NA,2013-08-01,Final,NA,NA
https://en.usports.ca/sports/fball/2013-14/boxscores/20130831_spey.xml,0,1,0,0,2013-14,2013-08-31,Calgary,UBC,31,41,1  ,2013-08-01,Final,20130831_spey,NA
https://en.usports.ca/sports/fball/2013-14/boxscores/20130906_38jr.xml,0,1,0,0,2013-14,2013-09-06,Calgary,Regina,27,34,7   ,2013-09-01,Final,20130906_38jr,NA
NA,0,1,0,0,2013-14,NA,Saskatchewan,Calgary,36,24,4 ,2013-09-01,Final,NA,NA
https://en.usports.ca/sports/fball/2013-14/boxscores/20130920_ti46.xml,0,1,0,0,2013-14,2013-09-20,Manitoba,Calgary,48,24,4  ,2013-09-01,Final,20130920_ti46,NA
https://en.usports.ca/sports/fball/2013-14/boxscores/20130928_rymo.xml,0,1,0,0,2013-14,2013-09-28,Calgary,Alberta,21,76,1  ,2013-09-01,Final,20130928_rymo,NA
https://en.usports.ca/sports/fball/2013-14/boxscores/20131004_c0i4.xml,0,1,0,0,2013-14,2013-10-04,Calgary,Saskatchewan,12,24,2  ,2013-10-01,Final,20131004_c0i4,NA
https://en.usports.ca/sports/fball/2013-14/boxscores/20131018_fhi2.xml,0,1,0,0,2013-14,2013-10-18,Regina,Calgary,46,27,7  ,2013-10-01,Final,20131018_fhi2,NA
https://en.usports.ca/sports/fball/2013-14/boxscores/20131025_44jr.xml,0,1,0,0,2013-14,2013-10-25,UBC,Calgary,34,17,7 Video  More  Audio,2013-10-01,Final,20131025_44jr,NA
https://en.usports.ca/sports/fball/2013-14/boxscores/20130902_4aqn.xml,0,1,0,0,2013-14,2013-09-02,Carleton,Western,71,4, ,2013-09-01,Final,20130902_4aqn,NA
https://en.usports.ca/sports/fball/2013-14/boxscores/20130907_a8kw.xml,0,1,0,0,2013-14,2013-09-07,Waterloo,Carleton,8,47, ,2013-09-01,Final,20130907_a8kw,NA
https://en.usports.ca/sports/fball/2013-14/boxscores/20130914_ejqi.xml,0,1,0,0,2013-14,2013-09-14,Carleton,Windsor,44,14,4 ,2013-09-01,Final,20130914_ejqi,NA
https://en.usports.ca/sports/fball/2013-14/boxscores/20130921_9lis.xml,0,1,0,0,2013-14,2013-09-21,York,Carleton,34,50,4 ,2013-09-01,Final,20130921_9lis,NA
https://en.usports.ca/sports/fball/2013-14/boxscores/20130927_qi2b.xml,0,1,0,0,2013-14,2013-09-27,Carleton,Toronto,50,10,0 ,2013-09-01,Final,20130927_qi2b,NA
https://en.usports.ca/sports/fball/2013-14/boxscores/20131005_5jyy.xml,0,1,0,0,2013-14,2013-10-05,Carleton,Ottawa,35,10,0 ,2013-10-01,Final,20131005_5jyy,NA
https://en.usports.ca/sports/fball/2013-14/boxscores/20131011_kmr1.xml,0,1,0,0,2013-14,2013-10-11,Guelph,Carleton,12,48,2 ,2013-10-01,Final,20131011_kmr1,NA
https://en.usports.ca/sports/fball/2013-14/boxscores/20131019_rcnc.xml,0,1,0,0,2013-14,2013-10-19,McMaster,Carleton,3,45, ,2013-10-01,Final,20131019_rcnc,NA
https://en.usports.ca/sports/fball/2013-14/boxscores/20130831_mj7z.xml,0,1,0,0,2013-14,2013-08-31,Montreal,Concordia,3,48, ,2013-08-01,Final,20130831_mj7z,NA
https://en.usports.ca/sports/fball/2013-14/boxscores/20130906_q5zd.xml,0,1,0,0,2013-14,2013-09-06,Concordia,McGill,32,19,9  ,2013-09-01,Final,20130906_q5zd,NA
https://en.usports.ca/sports/fball/2013-14/boxscores/20130914_d0lb.xml,0,1,0,0,2013-14,2013-09-14,StFX,Concordia,18,35,8   ,2013-09-01,Final,20130914_d0lb,NA
https://en.usports.ca/sports/fball/2013-14/boxscores/20130921_kiiy.xml,0,1,0,0,2013-14,2013-09-21,Concordia,Bishop's,40,18,8 ,2013-09-01,Final,20130921_kiiy,NA
https://en.usports.ca/sports/fball/2013-14/boxscores/20130928_img4.xml,0,1,0,0,2013-14,2013-09-28,McGill,Concordia,52,53,2  ,2013-09-01,Final - OT,20130928_img4,NA
https://en.usports.ca/sports/fball/2013-14/boxscores/20131006_cvf3.xml,0,1,0,0,2013-14,2013-10-06,Concordia,Laval,65,9,  ,2013-10-01,Final,20131006_cvf3,NA
https://en.usports.ca/sports/fball/2013-14/boxscores/20131019_d3ik.xml,0,1,0,0,2013-14,2013-10-19,Bishop's,Concordia,36,44,6 ,2013-10-01,Final,20131019_d3ik,NA
https://en.usports.ca/sports/fball/2013-14/boxscores/20131026_auct.xml,0,1,0,0,2013-14,2013-10-26,Concordia,Sherbrooke,28,21,1 ,2013-10-01,Final,20131026_auct,NA
https://en.usports.ca/sports/fball/2013-14/boxscores/20130825_c8rt.xml,0,1,0,0,2013-14,2013-08-25,Laurier,Guelph,21,7, Video  More  Photos,2013-08-01,Final,20130825_c8rt,NA
https://en.usports.ca/sports/fball/2013-14/boxscores/20130902_c84a.xml,0,1,0,0,2013-14,2013-09-02,Windsor,Guelph,24,23,3 ,2013-09-01,Final,20130902_c84a,NA
https://en.usports.ca/sports/fball/2013-14/boxscores/20130914_mbia.xml,0,1,0,0,2013-14,2013-09-14,Guelph,Toronto,12,38,2 ,2013-09-01,Final,20130914_mbia,NA
https://en.usports.ca/sports/fball/2013-14/boxscores/20130921_lofn.xml,0,1,0,0,2013-14,2013-09-21,McMaster,Guelph,24,22,2  ,2013-09-01,Final,20130921_lofn,NA
https://en.usports.ca/sports/fball/2013-14/boxscores/20130928_842t.xml,0,1,0,0,2013-14,2013-09-28,Guelph,Waterloo,19,41,9 ,2013-09-01,Final,20130928_842t,NA
https://en.usports.ca/sports/fball/2013-14/boxscores/20131004_s0dh.xml,0,1,0,0,2013-14,2013-10-04,York,Guelph,33,7, ,2013-10-01,Final,20131004_s0dh,NA
https://en.usports.ca/sports/fball/2013-14/boxscores/20131011_kmr1.xml,0,1,0,0,2013-14,2013-10-11,Guelph,Carleton,12,48,2 ,2013-10-01,Final,20131011_kmr1,NA
https://en.usports.ca/sports/fball/2013-14/boxscores/20131019_s2bg.xml,0,1,0,0,2013-14,2013-10-19,Guelph,Queen's,37,23,3 ,2013-10-01,Final,20131019_s2bg,NA
https://en.usports.ca/sports/fball/2013-14/boxscores/20130825_c8rt.xml,0,1,0,0,2013-14,2013-08-25,Laurier,Guelph,21,7, Video  More  Photos,2013-08-01,Final,20130825_c8rt,NA
https://en.usports.ca/sports/fball/2013-14/boxscores/20130902_t6oh.xml,0,1,0,0,2013-14,2013-09-02,Toronto,Laurier,20,27,0 ,2013-09-01,Final,20130902_t6oh,NA
https://en.usports.ca/sports/fball/2013-14/boxscores/20130907_c2sg.xml,0,1,0,0,2013-14,2013-09-07,Laurier,York,33,20,0 ,2013-09-01,Final,20130907_c2sg,NA
https://en.usports.ca/sports/fball/2013-14/boxscores/20130914_j3va.xml,0,1,0,0,2013-14,2013-09-14,Laurier,Waterloo,10,41,0 ,2013-09-01,Final,20130914_j3va,NA
https://en.usports.ca/sports/fball/2013-14/boxscores/20130921_w8vd.xml,0,1,0,0,2013-14,2013-09-21,Western,Laurier,24,45,4 ,2013-09-01,Final,20130921_w8vd,NA
https://en.usports.ca/sports/fball/2013-14/boxscores/20130928_ywuf.xml,0,1,0,0,2013-14,2013-09-28,Windsor,Laurier,25,26,5 ,2013-09-01,Final - OT,20130928_ywuf,NA
https://en.usports.ca/sports/fball/2013-14/boxscores/20131005_mnva.xml,0,1,0,0,2013-14,2013-10-05,Laurier,Queen's,40,34,4 ,2013-10-01,Final,20131005_mnva,NA
https://en.usports.ca/sports/fball/2013-14/boxscores/20131012_k3cu.xml,0,1,0,0,2013-14,2013-10-12,McMaster,Laurier,5,28, ,2013-10-01,Final,20131012_k3cu,NA
NA,1,0,0,0,2013-14,NA,Calgary,Laval,32,3,NA,2013-08-01,Final,NA,NA
https://en.usports.ca/sports/fball/2013-14/boxscores/20130831_g8d4.xml,0,1,0,0,2013-14,2013-08-31,McGill,Laval,32,8,  ,2013-08-01,Final,20130831_g8d4,NA
https://en.usports.ca/sports/fball/2013-14/boxscores/20130907_rrgn.xml,0,1,0,0,2013-14,2013-09-07,Laval,Sherbrooke,0,20, ,2013-09-01,Final,20130907_rrgn,NA
https://en.usports.ca/sports/fball/2013-14/boxscores/20130914_en1f.xml,0,1,0,0,2013-14,2013-09-14,Laval,Acadia,14,26,4   ,2013-09-01,Final,20130914_en1f,NA
https://en.usports.ca/sports/fball/2013-14/boxscores/20130922_xcs3.xml,0,1,0,0,2013-14,2013-09-22,Montreal,Laval,16,9, Video ,2013-09-01,Final,20130922_xcs3,NA
https://en.usports.ca/sports/fball/2013-14/boxscores/20130928_8g8f.xml,0,1,0,0,2013-14,2013-09-28,Laval,Bishop's,38,46,8 ,2013-09-01,Final,20130928_8g8f,NA
https://en.usports.ca/sports/fball/2013-14/boxscores/20131006_cvf3.xml,0,1,0,0,2013-14,2013-10-06,Concordia,Laval,65,9,  ,2013-10-01,Final,20131006_cvf3,NA
https://en.usports.ca/sports/fball/2013-14/boxscores/20131020_bkk3.xml,0,1,0,0,2013-14,2013-10-20,Sherbrooke,Laval,38,3, Video ,2013-10-01,Final,20131020_bkk3,NA
https://en.usports.ca/sports/fball/2013-14/boxscores/20131026_d2ll.xml,0,1,0,0,2013-14,2013-10-26,Laval,Montreal,11,30,1 ,2013-10-01,Final,20131026_d2ll,NA
NA,1,0,0,0,2013-14,NA,Manitoba,Regina,30,25,5  ,2013-08-01,Final,NA,NA
https://en.usports.ca/sports/fball/2013-14/boxscores/20130830_n825.xml,0,1,0,0,2013-14,2013-08-30,Alberta,Manitoba,65,41,1  ,2013-08-01,Final,20130830_n825,NA
https://en.usports.ca/sports/fball/2013-14/boxscores/20130907_h3j2.xml,0,1,0,0,2013-14,2013-09-07,Saskatchewan,Manitoba,34,36,4  ,2013-09-01,Final,20130907_h3j2,NA
https://en.usports.ca/sports/fball/2013-14/boxscores/20130914_9uzw.xml,0,1,0,0,2013-14,2013-09-14,Manitoba,UBC,32,36,2  ,2013-09-01,Final,20130914_9uzw,NA
https://en.usports.ca/sports/fball/2013-14/boxscores/20130920_ti46.xml,0,1,0,0,2013-14,2013-09-20,Manitoba,Calgary,48,24,4  ,2013-09-01,Final,20130920_ti46,NA
https://en.usports.ca/sports/fball/2013-14/boxscores/20130928_4s9g.xml,0,1,0,0,2013-14,2013-09-28,Regina,Manitoba,34,15,5   ,2013-09-01,Final,20130928_4s9g,NA
https://en.usports.ca/sports/fball/2013-14/boxscores/20131005_1adw.xml,0,1,0,0,2013-14,2013-10-05,UBC,Manitoba,24,28,4   ,2013-10-01,Final,20131005_1adw,NA
https://en.usports.ca/sports/fball/2013-14/boxscores/20131018_dkd0.xml,0,1,0,0,2013-14,2013-10-18,Manitoba,Saskatchewan,26,33,6  ,2013-10-01,Final,20131018_dkd0,NA
https://en.usports.ca/sports/fball/2013-14/boxscores/20131026_ra78.xml,0,1,0,0,2013-14,2013-10-26,Manitoba,Alberta,18,60,8  ,2013-10-01,Final,20131026_ra78,NA
NA,1,0,0,0,2013-14,NA,Montreal,McGill,12,40,2 Video,2013-08-01,Final,NA,NA
https://en.usports.ca/sports/fball/2013-14/boxscores/20130831_g8d4.xml,0,1,0,0,2013-14,2013-08-31,McGill,Laval,32,8,  ,2013-08-01,Final,20130831_g8d4,NA
https://en.usports.ca/sports/fball/2013-14/boxscores/20130906_q5zd.xml,0,1,0,0,2013-14,2013-09-06,Concordia,McGill,32,19,9  ,2013-09-01,Final,20130906_q5zd,NA
https://en.usports.ca/sports/fball/2013-14/boxscores/20130914_dq4c.xml,0,1,0,0,2013-14,2013-09-14,McGill,Mount Allison,17,48,7   ,2013-09-01,Final,20130914_dq4c,NA
https://en.usports.ca/sports/fball/2013-14/boxscores/20130920_j1by.xml,0,1,0,0,2013-14,2013-09-20,Sherbrooke,McGill,26,45,6 ,2013-09-01,Final,20130920_j1by,NA
https://en.usports.ca/sports/fball/2013-14/boxscores/20130928_img4.xml,0,1,0,0,2013-14,2013-09-28,McGill,Concordia,52,53,2  ,2013-09-01,Final - OT,20130928_img4,NA
https://en.usports.ca/sports/fball/2013-14/boxscores/20131004_k2a7.xml,0,1,0,0,2013-14,2013-10-04,Bishop's,McGill,29,30,9  ,2013-10-01,Final,20131004_k2a7,NA
https://en.usports.ca/sports/fball/2013-14/boxscores/20131019_55bt.xml,0,1,0,0,2013-14,2013-10-19,Montreal,McGill,3,28, ,2013-10-01,Final,20131019_55bt,NA
https://en.usports.ca/sports/fball/2013-14/boxscores/20131026_ploi.xml,0,1,0,0,2013-14,2013-10-26,McGill,Bishop's,40,21,1  ,2013-10-01,Final,20131026_ploi,NA
https://en.usports.ca/sports/fball/2013-14/boxscores/20130825_3lz3.xml,0,1,0,0,2013-14,2013-08-25,Ottawa,McMaster,51,24,4  ,2013-08-01,Final,20130825_3lz3,NA
https://en.usports.ca/sports/fball/2013-14/boxscores/20130902_67cd.xml,0,1,0,0,2013-14,2013-09-02,McMaster,Queen's,31,24,4   ,2013-09-01,Final,20130902_67cd,NA
https://en.usports.ca/sports/fball/2013-14/boxscores/20130907_lysr.xml,0,1,0,0,2013-14,2013-09-07,Western,McMaster,15,58,5  ,2013-09-01,Final,20130907_lysr,NA
https://en.usports.ca/sports/fball/2013-14/boxscores/20130914_bw4f.xml,0,1,0,0,2013-14,2013-09-14,York,McMaster,41,27,7  ,2013-09-01,Final,20130914_bw4f,NA
https://en.usports.ca/sports/fball/2013-14/boxscores/20130921_lofn.xml,0,1,0,0,2013-14,2013-09-21,McMaster,Guelph,24,22,2  ,2013-09-01,Final,20130921_lofn,NA
https://en.usports.ca/sports/fball/2013-14/boxscores/20131005_zms9.xml,0,1,0,0,2013-14,2013-10-05,Waterloo,McMaster,66,3, ,2013-10-01,Final,20131005_zms9,NA
https://en.usports.ca/sports/fball/2013-14/boxscores/20131012_k3cu.xml,0,1,0,0,2013-14,2013-10-12,McMaster,Laurier,5,28, ,2013-10-01,Final,20131012_k3cu,NA
https://en.usports.ca/sports/fball/2013-14/boxscores/20131019_rcnc.xml,0,1,0,0,2013-14,2013-10-19,McMaster,Carleton,3,45, ,2013-10-01,Final,20131019_rcnc,NA
NA,1,0,0,0,2013-14,NA,Montreal,McGill,12,40,2 Video,2013-08-01,Final,NA,NA
https://en.usports.ca/sports/fball/2013-14/boxscores/20130831_mj7z.xml,0,1,0,0,2013-14,2013-08-31,Montreal,Concordia,3,48, ,2013-08-01,Final,20130831_mj7z,NA
https://en.usports.ca/sports/fball/2013-14/boxscores/20130906_s893.xml,0,1,0,0,2013-14,2013-09-06,Bishop's,Montreal,44,18,8 ,2013-09-01,Final,20130906_s893,NA
https://en.usports.ca/sports/fball/2013-14/boxscores/20130914_43p3.xml,0,1,0,0,2013-14,2013-09-14,Saint Mary's,Montreal,29,10,0 ,2013-09-01,Final,20130914_43p3,NA
https://en.usports.ca/sports/fball/2013-14/boxscores/20130922_xcs3.xml,0,1,0,0,2013-14,2013-09-22,Montreal,Laval,16,9, Video ,2013-09-01,Final,20130922_xcs3,NA
https://en.usports.ca/sports/fball/2013-14/boxscores/20130929_k91l.xml,0,1,0,0,2013-14,2013-09-29,Sherbrooke,Montreal,12,16,2 ,2013-09-01,Final,20130929_k91l,NA
https://en.usports.ca/sports/fball/2013-14/boxscores/20131005_385l.xml,0,1,0,0,2013-14,2013-10-05,Montreal,Sherbrooke,24,30,4 ,2013-10-01,Final,20131005_385l,NA
https://en.usports.ca/sports/fball/2013-14/boxscores/20131019_55bt.xml,0,1,0,0,2013-14,2013-10-19,Montreal,McGill,3,28, ,2013-10-01,Final,20131019_55bt,NA
https://en.usports.ca/sports/fball/2013-14/boxscores/20131026_d2ll.xml,0,1,0,0,2013-14,2013-10-26,Laval,Montreal,11,30,1 ,2013-10-01,Final,20131026_d2ll,NA
https://en.usports.ca/sports/fball/2013-14/boxscores/20130831_puc7.xml,1,0,0,0,2013-14,2013-08-31,Mount Allison,Saint Mary's,32,7, (Pre-Season)  ,2013-08-01,Final,20130831_puc7,NA
https://en.usports.ca/sports/fball/2013-14/boxscores/20130907_wlz2.xml,0,1,0,0,2013-14,2013-09-07,Mount Allison,StFX,31,10,0  ,2013-09-01,Final,20130907_wlz2,NA
https://en.usports.ca/sports/fball/2013-14/boxscores/20130914_dq4c.xml,0,1,0,0,2013-14,2013-09-14,McGill,Mount Allison,17,48,7   ,2013-09-01,Final,20130914_dq4c,NA
https://en.usports.ca/sports/fball/2013-14/boxscores/20130920_rf9g.xml,0,1,0,0,2013-14,2013-09-20,Saint Mary's,Mount Allison,29,15,5  ,2013-09-01,Final,20130920_rf9g,NA
https://en.usports.ca/sports/fball/2013-14/boxscores/20130928_j5q1.xml,0,1,0,0,2013-14,2013-09-28,Mount Allison,Acadia,40,9,   ,2013-09-01,Final,20130928_j5q1,NA
https://en.usports.ca/sports/fball/2013-14/boxscores/20131005_pfl6.xml,0,1,0,0,2013-14,2013-10-05,Mount Allison,StFX,30,9,   ,2013-10-01,Final,20131005_pfl6,NA
https://en.usports.ca/sports/fball/2013-14/boxscores/20131012_aj1b.xml,0,1,0,0,2013-14,2013-10-12,StFX,Mount Allison,42,13,3   ,2013-10-01,Final,20131012_aj1b,NA
https://en.usports.ca/sports/fball/2013-14/boxscores/20131018_krfp.xml,0,1,0,0,2013-14,2013-10-18,Mount Allison,Saint Mary's,24,27,4  ,2013-10-01,Final,20131018_krfp,NA
https://en.usports.ca/sports/fball/2013-14/boxscores/20131026_b2wr.xml,0,1,0,0,2013-14,2013-10-26,Acadia,Mount Allison,23,14,4   ,2013-10-01,Final,20131026_b2wr,NA
https://en.usports.ca/sports/fball/2013-14/boxscores/20130825_3lz3.xml,0,1,0,0,2013-14,2013-08-25,Ottawa,McMaster,51,24,4  ,2013-08-01,Final,20130825_3lz3,NA
https://en.usports.ca/sports/fball/2013-14/boxscores/20130902_3lwg.xml,0,1,0,0,2013-14,2013-09-02,Ottawa,Waterloo,32,44,2  ,2013-09-01,Final,20130902_3lwg,NA
https://en.usports.ca/sports/fball/2013-14/boxscores/20130907_igab.xml,0,1,0,0,2013-14,2013-09-07,Toronto,Ottawa,34,10,0 ,2013-09-01,Final,20130907_igab,NA
https://en.usports.ca/sports/fball/2013-14/boxscores/20130914_vwfy.xml,0,1,0,0,2013-14,2013-09-14,Ottawa,Western,83,27,7 ,2013-09-01,Final,20130914_vwfy,NA
https://en.usports.ca/sports/fball/2013-14/boxscores/20130921_y4nb.xml,0,1,0,0,2013-14,2013-09-21,Queen's,Ottawa,21,36,1 ,2013-09-01,Final,20130921_y4nb,NA
https://en.usports.ca/sports/fball/2013-14/boxscores/20130928_i21w.xml,0,1,0,0,2013-14,2013-09-28,Ottawa,York,16,46,6 ,2013-09-01,Final,20130928_i21w,NA
https://en.usports.ca/sports/fball/2013-14/boxscores/20131005_5jyy.xml,0,1,0,0,2013-14,2013-10-05,Carleton,Ottawa,35,10,0 ,2013-10-01,Final,20131005_5jyy,NA
https://en.usports.ca/sports/fball/2013-14/boxscores/20131019_oimu.xml,0,1,0,0,2013-14,2013-10-19,Windsor,Ottawa,45,15,5 ,2013-10-01,Final,20131019_oimu,NA
https://en.usports.ca/sports/fball/2013-14/boxscores/20130825_olah.xml,0,1,0,0,2013-14,2013-08-25,Queen's,York,1,52,  ,2013-08-01,Final,20130825_olah,NA
https://en.usports.ca/sports/fball/2013-14/boxscores/20130902_67cd.xml,0,1,0,0,2013-14,2013-09-02,McMaster,Queen's,31,24,4   ,2013-09-01,Final,20130902_67cd,NA
https://en.usports.ca/sports/fball/2013-14/boxscores/20130907_vd2d.xml,0,1,0,0,2013-14,2013-09-07,Windsor,Queen's,49,34,4  ,2013-09-01,Final,20130907_vd2d,NA
https://en.usports.ca/sports/fball/2013-14/boxscores/20130921_y4nb.xml,0,1,0,0,2013-14,2013-09-21,Queen's,Ottawa,21,36,1 ,2013-09-01,Final,20130921_y4nb,NA
https://en.usports.ca/sports/fball/2013-14/boxscores/20130928_yh59.xml,0,1,0,0,2013-14,2013-09-28,Queen's,Western,50,31,1 ,2013-09-01,Final,20130928_yh59,NA
https://en.usports.ca/sports/fball/2013-14/boxscores/20131005_mnva.xml,0,1,0,0,2013-14,2013-10-05,Laurier,Queen's,40,34,4 ,2013-10-01,Final,20131005_mnva,NA
https://en.usports.ca/sports/fball/2013-14/boxscores/20131011_5agj.xml,0,1,0,0,2013-14,2013-10-11,Queen's,Waterloo,21,78,1 ,2013-10-01,Final,20131011_5agj,NA
https://en.usports.ca/sports/fball/2013-14/boxscores/20131019_s2bg.xml,0,1,0,0,2013-14,2013-10-19,Guelph,Queen's,37,23,3 ,2013-10-01,Final,20131019_s2bg,NA
NA,1,0,0,0,2013-14,NA,Manitoba,Regina,30,25,5  ,2013-08-01,Final,NA,NA
https://en.usports.ca/sports/fball/2013-14/boxscores/20130830_44xm.xml,0,1,0,0,2013-14,2013-08-30,Regina,Saskatchewan,40,33,3  ,2013-08-01,Final,20130830_44xm,NA
https://en.usports.ca/sports/fball/2013-14/boxscores/20130906_38jr.xml,0,1,0,0,2013-14,2013-09-06,Calgary,Regina,27,34,7   ,2013-09-01,Final,20130906_38jr,NA
https://en.usports.ca/sports/fball/2013-14/boxscores/20130914_rkam.xml,0,1,0,0,2013-14,2013-09-14,Regina,Alberta,35,55,5  ,2013-09-01,Final,20130914_rkam,NA
https://en.usports.ca/sports/fball/2013-14/boxscores/20130921_7jxs.xml,0,1,0,0,2013-14,2013-09-21,UBC,Regina,27,37,7  ,2013-09-01,Final,20130921_7jxs,NA
https://en.usports.ca/sports/fball/2013-14/boxscores/20130928_4s9g.xml,0,1,0,0,2013-14,2013-09-28,Regina,Manitoba,34,15,5   ,2013-09-01,Final,20130928_4s9g,NA
https://en.usports.ca/sports/fball/2013-14/boxscores/20131005_tjih.xml,0,1,0,0,2013-14,2013-10-05,Alberta,Regina,25,20,0  ,2013-10-01,Final,20131005_tjih,NA
https://en.usports.ca/sports/fball/2013-14/boxscores/20131018_fhi2.xml,0,1,0,0,2013-14,2013-10-18,Regina,Calgary,46,27,7  ,2013-10-01,Final,20131018_fhi2,NA
https://en.usports.ca/sports/fball/2013-14/boxscores/20131026_ukyu.xml,0,1,0,0,2013-14,2013-10-26,Saskatchewan,Regina,15,33,5  ,2013-10-01,Final,20131026_ukyu,NA
https://en.usports.ca/sports/fball/2013-14/boxscores/20130831_puc7.xml,1,0,0,0,2013-14,2013-08-31,Mount Allison,Saint Mary's,32,7, (Pre-Season)  ,2013-08-01,Final,20130831_puc7,NA
https://en.usports.ca/sports/fball/2013-14/boxscores/20130906_mv46.xml,0,1,0,0,2013-14,2013-09-06,Acadia,Saint Mary's,14,11,1  ,2013-09-01,Final,20130906_mv46,NA
https://en.usports.ca/sports/fball/2013-14/boxscores/20130914_43p3.xml,0,1,0,0,2013-14,2013-09-14,Saint Mary's,Montreal,29,10,0 ,2013-09-01,Final,20130914_43p3,NA
https://en.usports.ca/sports/fball/2013-14/boxscores/20130920_rf9g.xml,0,1,0,0,2013-14,2013-09-20,Saint Mary's,Mount Allison,29,15,5  ,2013-09-01,Final,20130920_rf9g,NA
https://en.usports.ca/sports/fball/2013-14/boxscores/20130927_nzzh.xml,0,1,0,0,2013-14,2013-09-27,StFX,Saint Mary's,25,13,3  ,2013-09-01,Final,20130927_nzzh,NA
https://en.usports.ca/sports/fball/2013-14/boxscores/20131005_2naf.xml,0,1,0,0,2013-14,2013-10-05,Acadia,Saint Mary's,17,10,0   ,2013-10-01,Final,20131005_2naf,NA
https://en.usports.ca/sports/fball/2013-14/boxscores/20131011_k10w.xml,0,1,0,0,2013-14,2013-10-11,Saint Mary's,Acadia,9,11,  ,2013-10-01,Final,20131011_k10w,NA
https://en.usports.ca/sports/fball/2013-14/boxscores/20131018_krfp.xml,0,1,0,0,2013-14,2013-10-18,Mount Allison,Saint Mary's,24,27,4  ,2013-10-01,Final,20131018_krfp,NA
https://en.usports.ca/sports/fball/2013-14/boxscores/20131026_cyiy.xml,0,1,0,0,2013-14,2013-10-26,Saint Mary's,StFX,6,12,   ,2013-10-01,Final,20131026_cyiy,NA
NA,1,0,0,0,2013-14,NA,UBC,Saskatchewan,28,5,  ,2013-08-01,Final,NA,NA
https://en.usports.ca/sports/fball/2013-14/boxscores/20130830_44xm.xml,0,1,0,0,2013-14,2013-08-30,Regina,Saskatchewan,40,33,3  ,2013-08-01,Final,20130830_44xm,NA
https://en.usports.ca/sports/fball/2013-14/boxscores/20130907_h3j2.xml,0,1,0,0,2013-14,2013-09-07,Saskatchewan,Manitoba,34,36,4  ,2013-09-01,Final,20130907_h3j2,NA
https://en.usports.ca/sports/fball/2013-14/boxscores/20130914_hu0g.xml,0,1,0,0,2013-14,NA,Saskatchewan,Calgary,36,24,4 ,2013-09-01,Final,NA,NA
https://en.usports.ca/sports/fball/2013-14/boxscores/20130920_04n5.xml,0,1,0,0,2013-14,2013-09-20,Alberta,Saskatchewan,39,17,7  ,2013-09-01,Final,20130920_04n5,NA
https://en.usports.ca/sports/fball/2013-14/boxscores/20130928_kegc.xml,0,1,0,0,2013-14,2013-09-28,Saskatchewan,UBC,12,17,2   ,2013-09-01,Final,20130928_kegc,NA
https://en.usports.ca/sports/fball/2013-14/boxscores/20131004_c0i4.xml,0,1,0,0,2013-14,2013-10-04,Calgary,Saskatchewan,12,24,2  ,2013-10-01,Final,20131004_c0i4,NA
https://en.usports.ca/sports/fball/2013-14/boxscores/20131018_dkd0.xml,0,1,0,0,2013-14,2013-10-18,Manitoba,Saskatchewan,26,33,6  ,2013-10-01,Final,20131018_dkd0,NA
https://en.usports.ca/sports/fball/2013-14/boxscores/20131026_ukyu.xml,0,1,0,0,2013-14,2013-10-26,Saskatchewan,Regina,15,33,5  ,2013-10-01,Final,20131026_ukyu,NA
https://en.usports.ca/sports/fball/2013-14/boxscores/20130901_op6u.xml,0,1,0,0,2013-14,2013-09-01,Sherbrooke,Bishop's,28,27,7  ,2013-09-01,Final,20130901_op6u,/sports/fball/2013-14/releases/20130901-fb
https://en.usports.ca/sports/fball/2013-14/boxscores/20130907_rrgn.xml,0,1,0,0,2013-14,2013-09-07,Laval,Sherbrooke,0,20, ,2013-09-01,Final,20130907_rrgn,NA
https://en.usports.ca/sports/fball/2013-14/boxscores/20130914_wpi6.xml,0,1,0,0,2013-14,2013-09-14,Bishop's,Sherbrooke,21,22,1 ,2013-09-01,Final,20130914_wpi6,NA
https://en.usports.ca/sports/fball/2013-14/boxscores/20130920_j1by.xml,0,1,0,0,2013-14,2013-09-20,Sherbrooke,McGill,26,45,6 ,2013-09-01,Final,20130920_j1by,NA
https://en.usports.ca/sports/fball/2013-14/boxscores/20130929_k91l.xml,0,1,0,0,2013-14,2013-09-29,Sherbrooke,Montreal,12,16,2 ,2013-09-01,Final,20130929_k91l,NA
https://en.usports.ca/sports/fball/2013-14/boxscores/20131005_385l.xml,0,1,0,0,2013-14,2013-10-05,Montreal,Sherbrooke,24,30,4 ,2013-10-01,Final,20131005_385l,NA
https://en.usports.ca/sports/fball/2013-14/boxscores/20131020_bkk3.xml,0,1,0,0,2013-14,2013-10-20,Sherbrooke,Laval,38,3, Video ,2013-10-01,Final,20131020_bkk3,NA
https://en.usports.ca/sports/fball/2013-14/boxscores/20131026_auct.xml,0,1,0,0,2013-14,2013-10-26,Concordia,Sherbrooke,28,21,1 ,2013-10-01,Final,20131026_auct,NA
https://en.usports.ca/sports/fball/2013-14/boxscores/20130831_ist4.xml,1,0,0,0,2013-14,2013-08-31,Acadia,StFX,15,19,5 (Pre-Season)   ,2013-08-01,Final,20130831_ist4,NA
https://en.usports.ca/sports/fball/2013-14/boxscores/20130907_wlz2.xml,0,1,0,0,2013-14,2013-09-07,Mount Allison,StFX,31,10,0  ,2013-09-01,Final,20130907_wlz2,NA
https://en.usports.ca/sports/fball/2013-14/boxscores/20130914_d0lb.xml,0,1,0,0,2013-14,2013-09-14,StFX,Concordia,18,35,8   ,2013-09-01,Final,20130914_d0lb,NA
https://en.usports.ca/sports/fball/2013-14/boxscores/20130920_nso5.xml,0,1,0,0,2013-14,2013-09-20,Acadia,StFX,11,40,1   ,2013-09-01,Final,20130920_nso5,NA
https://en.usports.ca/sports/fball/2013-14/boxscores/20130927_nzzh.xml,0,1,0,0,2013-14,2013-09-27,StFX,Saint Mary's,25,13,3  ,2013-09-01,Final,20130927_nzzh,NA
https://en.usports.ca/sports/fball/2013-14/boxscores/20131005_pfl6.xml,0,1,0,0,2013-14,2013-10-05,Mount Allison,StFX,30,9,   ,2013-10-01,Final,20131005_pfl6,NA
https://en.usports.ca/sports/fball/2013-14/boxscores/20131012_aj1b.xml,0,1,0,0,2013-14,2013-10-12,StFX,Mount Allison,42,13,3   ,2013-10-01,Final,20131012_aj1b,NA
https://en.usports.ca/sports/fball/2013-14/boxscores/20131019_ewbx.xml,0,1,0,0,2013-14,2013-10-19,StFX,Acadia,27,11,1   More  ,2013-10-01,Final,20131019_ewbx,NA
https://en.usports.ca/sports/fball/2013-14/boxscores/20131026_cyiy.xml,0,1,0,0,2013-14,2013-10-26,Saint Mary's,StFX,6,12,   ,2013-10-01,Final,20131026_cyiy,NA
https://en.usports.ca/sports/fball/2013-14/boxscores/20130825_e1uy.xml,0,1,0,0,2013-14,2013-08-25,Western,Toronto,14,50,4 ,2013-08-01,Final,20130825_e1uy,NA
https://en.usports.ca/sports/fball/2013-14/boxscores/20130902_t6oh.xml,0,1,0,0,2013-14,2013-09-02,Toronto,Laurier,20,27,0 ,2013-09-01,Final,20130902_t6oh,NA
https://en.usports.ca/sports/fball/2013-14/boxscores/20130907_igab.xml,0,1,0,0,2013-14,2013-09-07,Toronto,Ottawa,34,10,0 ,2013-09-01,Final,20130907_igab,NA
https://en.usports.ca/sports/fball/2013-14/boxscores/20130914_mbia.xml,0,1,0,0,2013-14,2013-09-14,Guelph,Toronto,12,38,2 ,2013-09-01,Final,20130914_mbia,NA
https://en.usports.ca/sports/fball/2013-14/boxscores/20130921_o1bq.xml,0,1,0,0,2013-14,2013-09-21,Toronto,Windsor,26,11,1 ,2013-09-01,Final,20130921_o1bq,NA
https://en.usports.ca/sports/fball/2013-14/boxscores/20130927_qi2b.xml,0,1,0,0,2013-14,2013-09-27,Carleton,Toronto,50,10,0 ,2013-09-01,Final,20130927_qi2b,NA
https://en.usports.ca/sports/fball/2013-14/boxscores/20131010_jf0a.xml,0,1,0,0,2013-14,2013-10-10,Toronto,York,35,56,5 ,2013-10-01,Final,20131010_jf0a,NA
https://en.usports.ca/sports/fball/2013-14/boxscores/20131019_9jqr.xml,0,1,0,0,2013-14,2013-10-19,Waterloo,Toronto,50,18,8 ,2013-10-01,Final,20131019_9jqr,NA
NA,1,0,0,0,2013-14,NA,UBC,Saskatchewan,28,5,  ,2013-08-01,Final,NA,NA
https://en.usports.ca/sports/fball/2013-14/boxscores/20130831_spey.xml,0,1,0,0,2013-14,2013-08-31,Calgary,UBC,31,41,1  ,2013-08-01,Final,20130831_spey,NA
https://en.usports.ca/sports/fball/2013-14/boxscores/20130907_tpis.xml,0,1,0,0,2013-14,2013-09-07,UBC,Alberta,36,39,6  ,2013-09-01,Final - OT,20130907_tpis,NA
https://en.usports.ca/sports/fball/2013-14/boxscores/20130914_9uzw.xml,0,1,0,0,2013-14,2013-09-14,Manitoba,UBC,32,36,2  ,2013-09-01,Final,20130914_9uzw,NA
https://en.usports.ca/sports/fball/2013-14/boxscores/20130921_7jxs.xml,0,1,0,0,2013-14,2013-09-21,UBC,Regina,27,37,7  ,2013-09-01,Final,20130921_7jxs,NA
https://en.usports.ca/sports/fball/2013-14/boxscores/20130928_kegc.xml,0,1,0,0,2013-14,2013-09-28,Saskatchewan,UBC,12,17,2   ,2013-09-01,Final,20130928_kegc,NA
https://en.usports.ca/sports/fball/2013-14/boxscores/20131005_1adw.xml,0,1,0,0,2013-14,2013-10-05,UBC,Manitoba,24,28,4   ,2013-10-01,Final,20131005_1adw,NA
https://en.usports.ca/sports/fball/2013-14/boxscores/20131019_xhf1.xml,0,1,0,0,2013-14,2013-10-19,Alberta,UBC,60,0,  ,2013-10-01,Final,20131019_xhf1,NA
https://en.usports.ca/sports/fball/2013-14/boxscores/20131025_44jr.xml,0,1,0,0,2013-14,2013-10-25,UBC,Calgary,34,17,7 Video  More  Audio,2013-10-01,Final,20131025_44jr,NA
https://en.usports.ca/sports/fball/2013-14/boxscores/20130825_apjs.xml,0,1,0,0,2013-14,2013-08-25,Waterloo,Windsor,78,11,1 ,2013-08-01,Final,20130825_apjs,NA
https://en.usports.ca/sports/fball/2013-14/boxscores/20130902_3lwg.xml,0,1,0,0,2013-14,2013-09-02,Ottawa,Waterloo,32,44,2  ,2013-09-01,Final,20130902_3lwg,NA
https://en.usports.ca/sports/fball/2013-14/boxscores/20130907_a8kw.xml,0,1,0,0,2013-14,2013-09-07,Waterloo,Carleton,8,47, ,2013-09-01,Final,20130907_a8kw,NA
https://en.usports.ca/sports/fball/2013-14/boxscores/20130914_j3va.xml,0,1,0,0,2013-14,2013-09-14,Laurier,Waterloo,10,41,0 ,2013-09-01,Final,20130914_j3va,NA
https://en.usports.ca/sports/fball/2013-14/boxscores/20130928_842t.xml,0,1,0,0,2013-14,2013-09-28,Guelph,Waterloo,19,41,9 ,2013-09-01,Final,20130928_842t,NA
https://en.usports.ca/sports/fball/2013-14/boxscores/20131005_zms9.xml,0,1,0,0,2013-14,2013-10-05,Waterloo,McMaster,66,3, ,2013-10-01,Final,20131005_zms9,NA
https://en.usports.ca/sports/fball/2013-14/boxscores/20131011_5agj.xml,0,1,0,0,2013-14,2013-10-11,Queen's,Waterloo,21,78,1 ,2013-10-01,Final,20131011_5agj,NA
https://en.usports.ca/sports/fball/2013-14/boxscores/20131019_9jqr.xml,0,1,0,0,2013-14,2013-10-19,Waterloo,Toronto,50,18,8 ,2013-10-01,Final,20131019_9jqr,NA
https://en.usports.ca/sports/fball/2013-14/boxscores/20130825_e1uy.xml,0,1,0,0,2013-14,2013-08-25,Western,Toronto,14,50,4 ,2013-08-01,Final,20130825_e1uy,NA
https://en.usports.ca/sports/fball/2013-14/boxscores/20130902_4aqn.xml,0,1,0,0,2013-14,2013-09-02,Carleton,Western,71,4, ,2013-09-01,Final,20130902_4aqn,NA
https://en.usports.ca/sports/fball/2013-14/boxscores/20130907_lysr.xml,0,1,0,0,2013-14,2013-09-07,Western,McMaster,15,58,5  ,2013-09-01,Final,20130907_lysr,NA
https://en.usports.ca/sports/fball/2013-14/boxscores/20130914_vwfy.xml,0,1,0,0,2013-14,2013-09-14,Ottawa,Western,83,27,7 ,2013-09-01,Final,20130914_vwfy,NA
https://en.usports.ca/sports/fball/2013-14/boxscores/20130921_w8vd.xml,0,1,0,0,2013-14,2013-09-21,Western,Laurier,24,45,4 ,2013-09-01,Final,20130921_w8vd,NA
https://en.usports.ca/sports/fball/2013-14/boxscores/20130928_yh59.xml,0,1,0,0,2013-14,2013-09-28,Queen's,Western,50,31,1 ,2013-09-01,Final,20130928_yh59,NA
https://en.usports.ca/sports/fball/2013-14/boxscores/20131005_ka19.xml,0,1,0,0,2013-14,2013-10-05,Western,Windsor,23,51,3 ,2013-10-01,Final,20131005_ka19,NA
https://en.usports.ca/sports/fball/2013-14/boxscores/20131019_ms1m.xml,0,1,0,0,2013-14,2013-10-19,York,Western,50,10,0 ,2013-10-01,Final,20131019_ms1m,NA
https://en.usports.ca/sports/fball/2013-14/boxscores/20130825_apjs.xml,0,1,0,0,2013-14,2013-08-25,Waterloo,Windsor,78,11,1 ,2013-08-01,Final,20130825_apjs,NA
https://en.usports.ca/sports/fball/2013-14/boxscores/20130902_c84a.xml,0,1,0,0,2013-14,2013-09-02,Windsor,Guelph,24,23,3 ,2013-09-01,Final,20130902_c84a,NA
https://en.usports.ca/sports/fball/2013-14/boxscores/20130907_vd2d.xml,0,1,0,0,2013-14,2013-09-07,Windsor,Queen's,49,34,4  ,2013-09-01,Final,20130907_vd2d,NA
https://en.usports.ca/sports/fball/2013-14/boxscores/20130914_ejqi.xml,0,1,0,0,2013-14,2013-09-14,Carleton,Windsor,44,14,4 ,2013-09-01,Final,20130914_ejqi,NA
https://en.usports.ca/sports/fball/2013-14/boxscores/20130921_o1bq.xml,0,1,0,0,2013-14,2013-09-21,Toronto,Windsor,26,11,1 ,2013-09-01,Final,20130921_o1bq,NA
https://en.usports.ca/sports/fball/2013-14/boxscores/20130928_ywuf.xml,0,1,0,0,2013-14,2013-09-28,Windsor,Laurier,25,26,5 ,2013-09-01,Final - OT,20130928_ywuf,NA
https://en.usports.ca/sports/fball/2013-14/boxscores/20131005_ka19.xml,0,1,0,0,2013-14,2013-10-05,Western,Windsor,23,51,3 ,2013-10-01,Final,20131005_ka19,NA
https://en.usports.ca/sports/fball/2013-14/boxscores/20131019_oimu.xml,0,1,0,0,2013-14,2013-10-19,Windsor,Ottawa,45,15,5 ,2013-10-01,Final,20131019_oimu,NA
https://en.usports.ca/sports/fball/2013-14/boxscores/20130825_olah.xml,0,1,0,0,2013-14,2013-08-25,Queen's,York,1,52,  ,2013-08-01,Final,20130825_olah,NA
https://en.usports.ca/sports/fball/2013-14/boxscores/20130907_c2sg.xml,0,1,0,0,2013-14,2013-09-07,Laurier,York,33,20,0 ,2013-09-01,Final,20130907_c2sg,NA
https://en.usports.ca/sports/fball/2013-14/boxscores/20130914_bw4f.xml,0,1,0,0,2013-14,2013-09-14,York,McMaster,41,27,7  ,2013-09-01,Final,20130914_bw4f,NA
https://en.usports.ca/sports/fball/2013-14/boxscores/20130921_9lis.xml,0,1,0,0,2013-14,2013-09-21,York,Carleton,34,50,4 ,2013-09-01,Final,20130921_9lis,NA
https://en.usports.ca/sports/fball/2013-14/boxscores/20130928_i21w.xml,0,1,0,0,2013-14,2013-09-28,Ottawa,York,16,46,6 ,2013-09-01,Final,20130928_i21w,NA
https://en.usports.ca/sports/fball/2013-14/boxscores/20131004_s0dh.xml,0,1,0,0,2013-14,2013-10-04,York,Guelph,33,7, ,2013-10-01,Final,20131004_s0dh,NA
https://en.usports.ca/sports/fball/2013-14/boxscores/20131010_jf0a.xml,0,1,0,0,2013-14,2013-10-10,Toronto,York,35,56,5 ,2013-10-01,Final,20131010_jf0a,NA
https://en.usports.ca/sports/fball/2013-14/boxscores/20131019_ms1m.xml,0,1,0,0,2013-14,2013-10-19,York,Western,50,10,0 ,2013-10-01,Final,20131019_ms1m,NA
https://en.usports.ca/sports/fball/2011-12/boxscores/20110910_lav0.xml,0,1,0,0,2011-12,2011-09-10,Acadia,StFX,10,43,0   More   ,2011-09-01,Final,20110910_lav0,NA
https://en.usports.ca/sports/fball/2011-12/boxscores/20110917_6gdy.xml,0,1,0,0,2011-12,2011-09-17,McGill,Acadia,38,9,   More  ,2011-09-01,Final,20110917_6gdy,NA
https://en.usports.ca/sports/fball/2011-12/boxscores/20110924_h62c.xml,0,1,0,0,2011-12,2011-09-24,StFX,Acadia,33,14,4   More  ,2011-09-01,Final,20110924_h62c,NA
https://en.usports.ca/sports/fball/2011-12/boxscores/20111001_9zhj.xml,0,1,0,0,2011-12,2011-10-01,Acadia,Saint Mary's,8,3,  ,2011-10-01,Final,20111001_9zhj,NA
https://en.usports.ca/sports/fball/2011-12/boxscores/20111008_jkz4.xml,0,1,0,0,2011-12,2011-10-08,Acadia,Mount Allison,14,29,4   ,2011-10-01,Final,20111008_jkz4,NA
https://en.usports.ca/sports/fball/2011-12/boxscores/20111015_0lyl.xml,0,1,0,0,2011-12,2011-10-15,Mount Allison,Acadia,40,10,0   ,2011-10-01,Final,20111015_0lyl,NA
https://en.usports.ca/sports/fball/2011-12/boxscores/20111022_fq3g.xml,0,1,0,0,2011-12,2011-10-22,Saint Mary's,Acadia,41,28,8  ,2011-10-01,Final,20111022_fq3g,NA
https://en.usports.ca/sports/fball/2011-12/boxscores/20111029_pnmn.xml,0,1,0,0,2011-12,2011-10-29,Acadia,StFX,15,34,5   ,2011-10-01,Final,20111029_pnmn,NA
NA,1,0,0,0,2011-12,NA,Alberta,Calgary,49,14,4,2011-08-01,Final,NA,NA
https://en.usports.ca/sports/fball/2011-12/boxscores/20110902_5dhn.xml,0,1,0,0,2011-12,2011-09-02,Alberta,Saskatchewan,38,7,   ,2011-09-01,Final,20110902_5dhn,NA
https://en.usports.ca/sports/fball/2011-12/boxscores/20110910_q6k0.xml,0,1,0,0,2011-12,2011-09-10,Manitoba,Alberta,20,22,0   ,2011-09-01,Final,20110910_q6k0,NA
https://en.usports.ca/sports/fball/2011-12/boxscores/20110917_l2m1.xml,0,1,0,0,2011-12,2011-09-17,Alberta,UBC,0,1,   ,2011-09-01,Final,20110917_l2m1,NA
https://en.usports.ca/sports/fball/2011-12/boxscores/20110924_rxrn.xml,0,1,0,0,2011-12,2011-09-24,Regina,Alberta,14,38,4   ,2011-09-01,Final,20110924_rxrn,NA
https://en.usports.ca/sports/fball/2011-12/boxscores/20111002_a42s.xml,0,1,0,0,2011-12,2011-10-02,Alberta,Calgary,61,7,  ,2011-10-01,Final,20111002_a42s,NA
https://en.usports.ca/sports/fball/2011-12/boxscores/20111015_rnef.xml,0,1,0,0,2011-12,2011-10-15,Alberta,Manitoba,48,20,0   More  ,2011-10-01,Final,20111015_rnef,NA
https://en.usports.ca/sports/fball/2011-12/boxscores/20111022_mlwg.xml,0,1,0,0,2011-12,2011-10-22,UBC,Alberta,1,0,   ,2011-10-01,Final,20111022_mlwg,NA
https://en.usports.ca/sports/fball/2011-12/boxscores/20111029_a07u.xml,0,1,0,0,2011-12,2011-10-29,Saskatchewan,Alberta,3,67,   ,2011-10-01,Final,20111029_a07u,NA
NA,1,0,0,0,2011-12,NA,Bishop's,York,15,33,5 Non-Conference ,2011-08-01,Final,NA,NA
https://en.usports.ca/sports/fball/2011-12/boxscores/20110904_3g3n.xml,0,1,0,0,2011-12,2011-09-04,Sherbrooke,Bishop's,23,25,3  ,2011-09-01,Final,20110904_3g3n,NA
https://en.usports.ca/sports/fball/2011-12/boxscores/20110910_ggsg.xml,0,1,0,0,2011-12,2011-09-10,Concordia,Bishop's,18,25,8   ,2011-09-01,Final,20110910_ggsg,NA
https://en.usports.ca/sports/fball/2011-12/boxscores/20110917_jat1.xml,0,1,0,0,2011-12,2011-09-17,Bishop's,Mount Allison,23,36,3   More  ,2011-09-01,Final,20110917_jat1,NA
https://en.usports.ca/sports/fball/2011-12/boxscores/20110924_oemy.xml,0,1,0,0,2011-12,2011-09-24,Montreal,Bishop's,22,36,2   ,2011-09-01,Final,20110924_oemy,NA
https://en.usports.ca/sports/fball/2011-12/boxscores/20110930_60rx.xml,0,1,0,0,2011-12,2011-09-30,Bishop's,McGill,18,23,8   ,2011-09-01,Final,20110930_60rx,NA
https://en.usports.ca/sports/fball/2011-12/boxscores/20111008_ijv9.xml,0,1,0,0,2011-12,2011-10-08,Bishop's,Sherbrooke,38,11,1 Mayor's Cup   More  ,2011-10-01,Final,20111008_ijv9,NA
https://en.usports.ca/sports/fball/2011-12/boxscores/20111016_c6fv.xml,0,1,0,0,2011-12,2011-10-16,Bishop's,Laval,57,9,   ,2011-10-01,Final,20111016_c6fv,/sports/fball/championship/2011-12/releases/20111016-fb
https://en.usports.ca/sports/fball/2011-12/boxscores/20111022_fgit.xml,0,1,0,0,2011-12,2011-10-22,McGill,Bishop's,21,18,8   ,2011-10-01,Final,20111022_fgit,NA
https://en.usports.ca/sports/fball/2011-12/boxscores/20111029_7fig.xml,0,1,0,0,2011-12,2011-10-29,Laval,Bishop's,15,37,5   ,2011-10-01,Final,20111029_7fig,NA
NA,1,0,0,0,2011-12,NA,Alberta,Calgary,49,14,4,2011-08-01,Final,NA,NA
https://en.usports.ca/sports/fball/2011-12/boxscores/20110903_hbkg.xml,0,1,0,0,2011-12,2011-09-03,Calgary,Manitoba,31,35,1   More  ,2011-09-01,Final,20110903_hbkg,NA
https://en.usports.ca/sports/fball/2011-12/boxscores/20110909_wzut.xml,0,1,0,0,2011-12,2011-09-09,UBC,Calgary,30,25,5   ,2011-09-01,Final,20110909_wzut,NA
https://en.usports.ca/sports/fball/2011-12/boxscores/20110916_57xf.xml,0,1,0,0,2011-12,2011-09-16,Calgary,Regina,1,51,   More  ,2011-09-01,Final,20110916_57xf,/sports/fball/championship/2011-12/releases/20110916-fb
https://en.usports.ca/sports/fball/2011-12/boxscores/20110923_ogqx.xml,0,1,0,0,2011-12,2011-09-23,Saskatchewan,Calgary,38,24,4   More  ,2011-09-01,Final,20110923_ogqx,NA
https://en.usports.ca/sports/fball/2011-12/boxscores/20111002_a42s.xml,0,1,0,0,2011-12,2011-10-02,Alberta,Calgary,61,7,  ,2011-10-01,Final,20111002_a42s,NA
https://en.usports.ca/sports/fball/2011-12/boxscores/20111014_lv5p.xml,0,1,0,0,2011-12,2011-10-14,Calgary,Saskatchewan,8,20,   More  ,2011-10-01,Final,20111014_lv5p,/sports/fball/championship/2011-12/releases/20111014-fb
https://en.usports.ca/sports/fball/2011-12/boxscores/20111022_77xe.xml,0,1,0,0,2011-12,2011-10-22,Manitoba,Calgary,41,24,4   ,2011-10-01,Final,20111022_77xe,NA
https://en.usports.ca/sports/fball/2011-12/boxscores/20111029_txl6.xml,0,1,0,0,2011-12,2011-10-29,Calgary,UBC,0,1,  ,2011-10-01,Final,20111029_txl6,NA
https://en.usports.ca/sports/fball/2011-12/boxscores/20110903_7iq7.xml,0,1,0,0,2011-12,2011-09-03,Laval,Concordia,8,36,  ,2011-09-01,Final,20110903_7iq7,NA
https://en.usports.ca/sports/fball/2011-12/boxscores/20110910_ggsg.xml,0,1,0,0,2011-12,2011-09-10,Concordia,Bishop's,18,25,8   ,2011-09-01,Final,20110910_ggsg,NA
https://en.usports.ca/sports/fball/2011-12/boxscores/20110917_3n96.xml,0,1,0,0,2011-12,2011-09-17,StFX,Concordia,55,9,   ,2011-09-01,Final,20110917_3n96,NA
https://en.usports.ca/sports/fball/2011-12/boxscores/20110923_91xl.xml,0,1,0,0,2011-12,2011-09-23,Sherbrooke,Concordia,26,33,6  ,2011-09-01,Final,20110923_91xl,NA
https://en.usports.ca/sports/fball/2011-12/boxscores/20111002_rigg.xml,0,1,0,0,2011-12,2011-10-02,Concordia,Laval,37,4,  ,2011-10-01,Final,20111002_rigg,NA
https://en.usports.ca/sports/fball/2011-12/boxscores/20111008_jz2h.xml,0,1,0,0,2011-12,2011-10-08,McGill,Concordia,39,16,6  ,2011-10-01,Final,20111008_jz2h,NA
https://en.usports.ca/sports/fball/2011-12/boxscores/20111015_vrlv.xml,0,1,0,0,2011-12,2011-10-15,Concordia,Sherbrooke,31,11,1  ,2011-10-01,Final,20111015_vrlv,NA
https://en.usports.ca/sports/fball/2011-12/boxscores/20111022_un4l.xml,0,1,0,0,2011-12,2011-10-22,Montreal,Concordia,1,36,  ,2011-10-01,Final,20111022_un4l,NA
https://en.usports.ca/sports/fball/2011-12/boxscores/20111029_sooe.xml,0,1,0,0,2011-12,2011-10-29,Concordia,McGill,30,58,0  ,2011-10-01,Final,20111029_sooe,NA
https://en.usports.ca/sports/fball/2011-12/boxscores/20110905_2fgy.xml,0,1,0,0,2011-12,2011-09-05,Ottawa,Guelph,8,35, Video  More  ,2011-09-01,Final,20110905_2fgy,NA
https://en.usports.ca/sports/fball/2011-12/boxscores/20110910_7mbd.xml,0,1,0,0,2011-12,2011-09-10,Guelph,Waterloo,13,65,3  ,2011-09-01,Final,20110910_7mbd,NA
https://en.usports.ca/sports/fball/2011-12/boxscores/20110917_urns.xml,0,1,0,0,2011-12,2011-09-17,Guelph,Toronto,21,12,2  ,2011-09-01,Final,20110917_urns,NA
https://en.usports.ca/sports/fball/2011-12/boxscores/20110924_45uv.xml,0,1,0,0,2011-12,2011-09-24,McMaster,Guelph,13,37,3 Video  More  ,2011-09-01,Final,20110924_45uv,NA
https://en.usports.ca/sports/fball/2011-12/boxscores/20111001_ztjg.xml,0,1,0,0,2011-12,2011-10-01,Guelph,Windsor,41,21,1  ,2011-10-01,Final,20111001_ztjg,NA
https://en.usports.ca/sports/fball/2011-12/boxscores/20111008_6oov.xml,0,1,0,0,2011-12,2011-10-08,Guelph,Western,33,29,9  ,2011-10-01,Final,20111008_6oov,NA
https://en.usports.ca/sports/fball/2011-12/boxscores/20111015_zfyi.xml,0,1,0,0,2011-12,2011-10-15,York,Guelph,51,2,   More  ,2011-10-01,Final,20111015_zfyi,NA
https://en.usports.ca/sports/fball/2011-12/boxscores/20111022_kq09.xml,0,1,0,0,2011-12,2011-10-22,Laurier,Guelph,10,15,0  ,2011-10-01,Final,20111022_kq09,NA
https://en.usports.ca/sports/fball/2011-12/boxscores/20110905_tj2j.xml,0,1,0,0,2011-12,2011-09-05,Laurier,York,7,46,   ,2011-09-01,Final,20110905_tj2j,NA
https://en.usports.ca/sports/fball/2011-12/boxscores/20110910_8ud8.xml,0,1,0,0,2011-12,2011-09-10,Windsor,Laurier,40,41,0   More  ,2011-09-01,Final,20110910_8ud8,NA
https://en.usports.ca/sports/fball/2011-12/boxscores/20110917_xhx8.xml,0,1,0,0,2011-12,2011-09-17,Laurier,Queen's,58,35,5   ,2011-09-01,Final,20110917_xhx8,NA
https://en.usports.ca/sports/fball/2011-12/boxscores/20110924_ou9s.xml,0,1,0,0,2011-12,2011-09-24,Western,Laurier,28,34,8  ,2011-09-01,Final,20110924_ou9s,NA
https://en.usports.ca/sports/fball/2011-12/boxscores/20111001_142y.xml,0,1,0,0,2011-12,2011-10-01,Ottawa,Laurier,51,16,6  ,2011-10-01,Final,20111001_142y,NA
https://en.usports.ca/sports/fball/2011-12/boxscores/20111006_casb.xml,0,1,0,0,2011-12,2011-10-06,Laurier,Waterloo,3,69,  ,2011-10-01,Final,20111006_casb,NA
https://en.usports.ca/sports/fball/2011-12/boxscores/20111015_cnt0.xml,0,1,0,0,2011-12,2011-10-15,McMaster,Laurier,6,25,  ,2011-10-01,Final,20111015_cnt0,NA
https://en.usports.ca/sports/fball/2011-12/boxscores/20111022_kq09.xml,0,1,0,0,2011-12,2011-10-22,Laurier,Guelph,10,15,0  ,2011-10-01,Final,20111022_kq09,NA
https://en.usports.ca/sports/fball/2011-12/boxscores/20110903_7iq7.xml,0,1,0,0,2011-12,2011-09-03,Laval,Concordia,8,36,  ,2011-09-01,Final,20110903_7iq7,NA
https://en.usports.ca/sports/fball/2011-12/boxscores/20110910_sof0.xml,0,1,0,0,2011-12,2011-09-10,Montreal,Laval,24,14,4  ,2011-09-01,Final,20110910_sof0,NA
https://en.usports.ca/sports/fball/2011-12/boxscores/20110917_vtwa.xml,0,1,0,0,2011-12,2011-09-17,Laval,Sherbrooke,27,40,7  ,2011-09-01,Final,20110917_vtwa,NA
https://en.usports.ca/sports/fball/2011-12/boxscores/20110925_8nrh.xml,0,1,0,0,2011-12,2011-09-25,McGill,Laval,12,4,   ,2011-09-01,Final,20110925_8nrh,/sports/fball/championship/2011-12/releases/20110925-fb
https://en.usports.ca/sports/fball/2011-12/boxscores/20111002_rigg.xml,0,1,0,0,2011-12,2011-10-02,Concordia,Laval,37,4,  ,2011-10-01,Final,20111002_rigg,NA
https://en.usports.ca/sports/fball/2011-12/boxscores/20111008_p97n.xml,0,1,0,0,2011-12,2011-10-08,Laval,Montreal,17,12,2  ,2011-10-01,Final,20111008_p97n,NA
https://en.usports.ca/sports/fball/2011-12/boxscores/20111016_c6fv.xml,0,1,0,0,2011-12,2011-10-16,Bishop's,Laval,57,9,   ,2011-10-01,Final,20111016_c6fv,/sports/fball/championship/2011-12/releases/20111016-fb
https://en.usports.ca/sports/fball/2011-12/boxscores/20111023_31yz.xml,0,1,0,0,2011-12,2011-10-23,Sherbrooke,Laval,40,10,0  ,2011-10-01,Final,20111023_31yz,NA
https://en.usports.ca/sports/fball/2011-12/boxscores/20111029_7fig.xml,0,1,0,0,2011-12,2011-10-29,Laval,Bishop's,15,37,5   ,2011-10-01,Final,20111029_7fig,NA
NA,1,0,0,0,2011-12,NA,Manitoba,Regina,15,7, ,2011-08-01,Final,NA,NA
https://en.usports.ca/sports/fball/2011-12/boxscores/20110903_hbkg.xml,0,1,0,0,2011-12,2011-09-03,Calgary,Manitoba,31,35,1   More  ,2011-09-01,Final,20110903_hbkg,NA
https://en.usports.ca/sports/fball/2011-12/boxscores/20110910_q6k0.xml,0,1,0,0,2011-12,2011-09-10,Manitoba,Alberta,20,22,0   ,2011-09-01,Final,20110910_q6k0,NA
https://en.usports.ca/sports/fball/2011-12/boxscores/20110917_30bm.xml,0,1,0,0,2011-12,2011-09-17,Saskatchewan,Manitoba,26,16,6   More  ,2011-09-01,Final,20110917_30bm,NA
https://en.usports.ca/sports/fball/2011-12/boxscores/20110924_c2e6.xml,0,1,0,0,2011-12,2011-09-24,Manitoba,UBC,0,1,   ,2011-09-01,Final,20110924_c2e6,NA
https://en.usports.ca/sports/fball/2011-12/boxscores/20110930_nfm7.xml,0,1,0,0,2011-12,2011-09-30,Manitoba,Regina,26,18,8   More  ,2011-09-01,Final,20110930_nfm7,NA
https://en.usports.ca/sports/fball/2011-12/boxscores/20111015_rnef.xml,0,1,0,0,2011-12,2011-10-15,Alberta,Manitoba,48,20,0   More  ,2011-10-01,Final,20111015_rnef,NA
https://en.usports.ca/sports/fball/2011-12/boxscores/20111022_77xe.xml,0,1,0,0,2011-12,2011-10-22,Manitoba,Calgary,41,24,4   ,2011-10-01,Final,20111022_77xe,NA
https://en.usports.ca/sports/fball/2011-12/boxscores/20111029_hrvj.xml,0,1,0,0,2011-12,2011-10-29,Regina,Manitoba,22,31,2   More  ,2011-10-01,Final,20111029_hrvj,NA
https://en.usports.ca/sports/fball/2011-12/boxscores/20110901_n4cp.xml,0,1,0,0,2011-12,2011-09-01,McGill,Montreal,24,13,3   ,2011-09-01,Final,20110901_n4cp,/sports/fball/championship/2011-12/releases/20110901-72
https://en.usports.ca/sports/fball/2011-12/boxscores/20110909_ldpr.xml,0,1,0,0,2011-12,2011-09-09,Sherbrooke,McGill,13,39,3   ,2011-09-01,Final,20110909_ldpr,NA
https://en.usports.ca/sports/fball/2011-12/boxscores/20110917_6gdy.xml,0,1,0,0,2011-12,2011-09-17,McGill,Acadia,38,9,   More  ,2011-09-01,Final,20110917_6gdy,NA
https://en.usports.ca/sports/fball/2011-12/boxscores/20110925_8nrh.xml,0,1,0,0,2011-12,2011-09-25,McGill,Laval,12,4,   ,2011-09-01,Final,20110925_8nrh,/sports/fball/championship/2011-12/releases/20110925-fb
https://en.usports.ca/sports/fball/2011-12/boxscores/20110930_60rx.xml,0,1,0,0,2011-12,2011-09-30,Bishop's,McGill,18,23,8   ,2011-09-01,Final,20110930_60rx,NA
https://en.usports.ca/sports/fball/2011-12/boxscores/20111008_jz2h.xml,0,1,0,0,2011-12,2011-10-08,McGill,Concordia,39,16,6  ,2011-10-01,Final,20111008_jz2h,NA
https://en.usports.ca/sports/fball/2011-12/boxscores/20111015_qp2x.xml,0,1,0,0,2011-12,2011-10-15,Montreal,McGill,18,33,8  ,2011-10-01,Final,20111015_qp2x,NA
https://en.usports.ca/sports/fball/2011-12/boxscores/20111022_fgit.xml,0,1,0,0,2011-12,2011-10-22,McGill,Bishop's,21,18,8   ,2011-10-01,Final,20111022_fgit,NA
https://en.usports.ca/sports/fball/2011-12/boxscores/20111029_sooe.xml,0,1,0,0,2011-12,2011-10-29,Concordia,McGill,30,58,0  ,2011-10-01,Final,20111029_sooe,NA
https://en.usports.ca/sports/fball/2011-12/boxscores/20110905_rhu0.xml,0,1,0,0,2011-12,2011-09-05,McMaster,Queen's,2,26,   ,2011-09-01,Final,20110905_rhu0,NA
https://en.usports.ca/sports/fball/2011-12/boxscores/20110910_qqnk.xml,0,1,0,0,2011-12,2011-09-10,Western,McMaster,21,48,1  ,2011-09-01,Final,20110910_qqnk,NA
https://en.usports.ca/sports/fball/2011-12/boxscores/20110917_xo01.xml,0,1,0,0,2011-12,2011-09-17,McMaster,Windsor,19,21,9  ,2011-09-01,Final,20110917_xo01,NA
https://en.usports.ca/sports/fball/2011-12/boxscores/20110924_45uv.xml,0,1,0,0,2011-12,2011-09-24,McMaster,Guelph,13,37,3 Video  More  ,2011-09-01,Final,20110924_45uv,NA
https://en.usports.ca/sports/fball/2011-12/boxscores/20111001_okty.xml,0,1,0,0,2011-12,2011-10-01,Waterloo,McMaster,46,20,0  ,2011-10-01,Final,20111001_okty,NA
https://en.usports.ca/sports/fball/2011-12/boxscores/20111006_9bjd.xml,0,1,0,0,2011-12,2011-10-06,Toronto,McMaster,50,14,4  ,2011-10-01,Final,20111006_9bjd,NA
https://en.usports.ca/sports/fball/2011-12/boxscores/20111015_cnt0.xml,0,1,0,0,2011-12,2011-10-15,McMaster,Laurier,6,25,  ,2011-10-01,Final,20111015_cnt0,NA
https://en.usports.ca/sports/fball/2011-12/boxscores/20111022_fhjn.xml,0,1,0,0,2011-12,2011-10-22,Ottawa,McMaster,51,24,4  ,2011-10-01,Final,20111022_fhjn,NA
https://en.usports.ca/sports/fball/2011-12/boxscores/20110901_n4cp.xml,0,1,0,0,2011-12,2011-09-01,McGill,Montreal,24,13,3   ,2011-09-01,Final,20110901_n4cp,/sports/fball/championship/2011-12/releases/20110901-72
https://en.usports.ca/sports/fball/2011-12/boxscores/20110910_sof0.xml,0,1,0,0,2011-12,2011-09-10,Montreal,Laval,24,14,4  ,2011-09-01,Final,20110910_sof0,NA
https://en.usports.ca/sports/fball/2011-12/boxscores/20110917_smgv.xml,0,1,0,0,2011-12,2011-09-17,Saint Mary's,Montreal,11,10,0  ,2011-09-01,Final,20110917_smgv,NA
https://en.usports.ca/sports/fball/2011-12/boxscores/20110924_oemy.xml,0,1,0,0,2011-12,2011-09-24,Montreal,Bishop's,22,36,2   ,2011-09-01,Final,20110924_oemy,NA
https://en.usports.ca/sports/fball/2011-12/boxscores/20111001_4lb0.xml,0,1,0,0,2011-12,2011-10-01,Montreal,Sherbrooke,20,11,1  ,2011-10-01,Final,20111001_4lb0,NA
https://en.usports.ca/sports/fball/2011-12/boxscores/20111008_p97n.xml,0,1,0,0,2011-12,2011-10-08,Laval,Montreal,17,12,2  ,2011-10-01,Final,20111008_p97n,NA
https://en.usports.ca/sports/fball/2011-12/boxscores/20111015_qp2x.xml,0,1,0,0,2011-12,2011-10-15,Montreal,McGill,18,33,8  ,2011-10-01,Final,20111015_qp2x,NA
https://en.usports.ca/sports/fball/2011-12/boxscores/20111022_un4l.xml,0,1,0,0,2011-12,2011-10-22,Montreal,Concordia,1,36,  ,2011-10-01,Final,20111022_un4l,NA
https://en.usports.ca/sports/fball/2011-12/boxscores/20111029_7f3b.xml,0,1,0,0,2011-12,2011-10-29,Sherbrooke,Montreal,20,32,0  ,2011-10-01,Final,20111029_7f3b,NA
https://en.usports.ca/sports/fball/2011-12/boxscores/20110909_uqd1.xml,0,1,0,0,2011-12,2011-09-09,Mount Allison,Saint Mary's,54,14,4   More  ,2011-09-01,Final,20110909_uqd1,NA
https://en.usports.ca/sports/fball/2011-12/boxscores/20110917_jat1.xml,0,1,0,0,2011-12,2011-09-17,Bishop's,Mount Allison,23,36,3   More  ,2011-09-01,Final,20110917_jat1,NA
https://en.usports.ca/sports/fball/2011-12/boxscores/20110924_bwsz.xml,0,1,0,0,2011-12,2011-09-24,Saint Mary's,Mount Allison,6,60,   ,2011-09-01,Final,20110924_bwsz,NA
https://en.usports.ca/sports/fball/2011-12/boxscores/20111001_s011.xml,0,1,0,0,2011-12,2011-10-01,Mount Allison,StFX,24,17,7   ,2011-10-01,Final,20111001_s011,NA
https://en.usports.ca/sports/fball/2011-12/boxscores/20111008_jkz4.xml,0,1,0,0,2011-12,2011-10-08,Acadia,Mount Allison,14,29,4   ,2011-10-01,Final,20111008_jkz4,NA
https://en.usports.ca/sports/fball/2011-12/boxscores/20111015_0lyl.xml,0,1,0,0,2011-12,2011-10-15,Mount Allison,Acadia,40,10,0   ,2011-10-01,Final,20111015_0lyl,NA
https://en.usports.ca/sports/fball/2011-12/boxscores/20111021_5fr5.xml,0,1,0,0,2011-12,2011-10-21,StFX,Mount Allison,41,42,1   More  ,2011-10-01,Final - 2OT,20111021_5fr5,/sports/fball/championship/2011-12/releases/20111021-fb
https://en.usports.ca/sports/fball/2011-12/boxscores/20111029_0tks.xml,0,1,0,0,2011-12,2011-10-29,Mount Allison,Saint Mary's,59,21,1   ,2011-10-01,Final,20111029_0tks,NA
https://en.usports.ca/sports/fball/2011-12/boxscores/20110905_2fgy.xml,0,1,0,0,2011-12,2011-09-05,Ottawa,Guelph,8,35, Video  More  ,2011-09-01,Final,20110905_2fgy,NA
https://en.usports.ca/sports/fball/2011-12/boxscores/20110910_w3y1.xml,0,1,0,0,2011-12,2011-09-10,Queen's,Ottawa,19,6,   ,2011-09-01,Final,20110910_w3y1,NA
https://en.usports.ca/sports/fball/2011-12/boxscores/20110917_0vif.xml,0,1,0,0,2011-12,2011-09-17,Ottawa,Western,41,13,3  ,2011-09-01,Final,20110917_0vif,NA
https://en.usports.ca/sports/fball/2011-12/boxscores/20110924_keia.xml,0,1,0,0,2011-12,2011-09-24,Toronto,Ottawa,41,0,  ,2011-09-01,Final,20110924_keia,NA
https://en.usports.ca/sports/fball/2011-12/boxscores/20111001_142y.xml,0,1,0,0,2011-12,2011-10-01,Ottawa,Laurier,51,16,6  ,2011-10-01,Final,20111001_142y,NA
https://en.usports.ca/sports/fball/2011-12/boxscores/20111008_kwnf.xml,0,1,0,0,2011-12,2011-10-08,York,Ottawa,65,12,2   More  ,2011-10-01,Final,20111008_kwnf,NA
https://en.usports.ca/sports/fball/2011-12/boxscores/20111015_xv2c.xml,0,1,0,0,2011-12,2011-10-15,Windsor,Ottawa,32,30,0  ,2011-10-01,Final,20111015_xv2c,NA
https://en.usports.ca/sports/fball/2011-12/boxscores/20111022_fhjn.xml,0,1,0,0,2011-12,2011-10-22,Ottawa,McMaster,51,24,4  ,2011-10-01,Final,20111022_fhjn,NA
https://en.usports.ca/sports/fball/2011-12/boxscores/20110905_rhu0.xml,0,1,0,0,2011-12,2011-09-05,McMaster,Queen's,2,26,   ,2011-09-01,Final,20110905_rhu0,NA
https://en.usports.ca/sports/fball/2011-12/boxscores/20110910_w3y1.xml,0,1,0,0,2011-12,2011-09-10,Queen's,Ottawa,19,6,   ,2011-09-01,Final,20110910_w3y1,NA
https://en.usports.ca/sports/fball/2011-12/boxscores/20110917_xhx8.xml,0,1,0,0,2011-12,2011-09-17,Laurier,Queen's,58,35,5   ,2011-09-01,Final,20110917_xhx8,NA
https://en.usports.ca/sports/fball/2011-12/boxscores/20110924_3zaa.xml,0,1,0,0,2011-12,2011-09-24,Queen's,York,3,63,   More  ,2011-09-01,Final,20110924_3zaa,NA
https://en.usports.ca/sports/fball/2011-12/boxscores/20110930_g2zn.xml,0,1,0,0,2011-12,2011-09-30,Queen's,Toronto,6,13,   ,2011-09-01,Final,20110930_g2zn,NA
https://en.usports.ca/sports/fball/2011-12/boxscores/20111008_fpm6.xml,0,1,0,0,2011-12,2011-10-08,Queen's,Windsor,14,27,4 Video  More    Audio,2011-10-01,Final,20111008_fpm6,NA
https://en.usports.ca/sports/fball/2011-12/boxscores/20111015_i4qr.xml,0,1,0,0,2011-12,2011-10-15,Waterloo,Queen's,53,0,   ,2011-10-01,Final,20111015_i4qr,NA
https://en.usports.ca/sports/fball/2011-12/boxscores/20111022_ik2e.xml,0,1,0,0,2011-12,2011-10-22,Western,Queen's,37,0,   ,2011-10-01,Final,20111022_ik2e,NA
NA,1,0,0,0,2011-12,NA,Manitoba,Regina,15,7, ,2011-08-01,Final,NA,NA
https://en.usports.ca/sports/fball/2011-12/boxscores/20110902_140x.xml,0,1,0,0,2011-12,2011-09-02,UBC,Regina,1,0,   ,2011-09-01,Final,20110902_140x,NA
https://en.usports.ca/sports/fball/2011-12/boxscores/20110909_e68l.xml,0,1,0,0,2011-12,2011-09-09,Regina,Saskatchewan,33,10,0   ,2011-09-01,Final,20110909_e68l,NA
https://en.usports.ca/sports/fball/2011-12/boxscores/20110916_57xf.xml,0,1,0,0,2011-12,2011-09-16,Calgary,Regina,1,51,   More  ,2011-09-01,Final,20110916_57xf,/sports/fball/championship/2011-12/releases/20110916-fb
https://en.usports.ca/sports/fball/2011-12/boxscores/20110924_rxrn.xml,0,1,0,0,2011-12,2011-09-24,Regina,Alberta,14,38,4   ,2011-09-01,Final,20110924_rxrn,NA
https://en.usports.ca/sports/fball/2011-12/boxscores/20110930_nfm7.xml,0,1,0,0,2011-12,2011-09-30,Manitoba,Regina,26,18,8   More  ,2011-09-01,Final,20110930_nfm7,NA
https://en.usports.ca/sports/fball/2011-12/boxscores/20111015_badj.xml,0,1,0,0,2011-12,2011-10-15,Regina,UBC,0,1,   ,2011-10-01,Final,20111015_badj,NA
https://en.usports.ca/sports/fball/2011-12/boxscores/20111022_zdjy.xml,0,1,0,0,2011-12,2011-10-22,Saskatchewan,Regina,15,16,5   More  ,2011-10-01,Final,20111022_zdjy,NA
https://en.usports.ca/sports/fball/2011-12/boxscores/20111029_hrvj.xml,0,1,0,0,2011-12,2011-10-29,Regina,Manitoba,22,31,2   More  ,2011-10-01,Final,20111029_hrvj,NA
https://en.usports.ca/sports/fball/2011-12/boxscores/20110909_uqd1.xml,0,1,0,0,2011-12,2011-09-09,Mount Allison,Saint Mary's,54,14,4   More  ,2011-09-01,Final,20110909_uqd1,NA
https://en.usports.ca/sports/fball/2011-12/boxscores/20110917_smgv.xml,0,1,0,0,2011-12,2011-09-17,Saint Mary's,Montreal,11,10,0  ,2011-09-01,Final,20110917_smgv,NA
https://en.usports.ca/sports/fball/2011-12/boxscores/20110924_bwsz.xml,0,1,0,0,2011-12,2011-09-24,Mount Allison,Saint Mary's,60,6,   ,2011-09-01,Final,20110924_bwsz,NA
https://en.usports.ca/sports/fball/2011-12/boxscores/20111001_9zhj.xml,0,1,0,0,2011-12,2011-10-01,Acadia,Saint Mary's,8,3,  ,2011-10-01,Final,20111001_9zhj,NA
https://en.usports.ca/sports/fball/2011-12/boxscores/20111007_vv8v.xml,0,1,0,0,2011-12,2011-10-07,StFX,Saint Mary's,40,16,6   More  ,2011-10-01,Final,20111007_vv8v,/sports/fball/championship/2011-12/releases/20111007-fb
https://en.usports.ca/sports/fball/2011-12/boxscores/20111015_3q5t.xml,0,1,0,0,2011-12,2011-10-15,Saint Mary's,StFX,18,37,8   More  ,2011-10-01,Final,20111015_3q5t,NA
https://en.usports.ca/sports/fball/2011-12/boxscores/20111022_fq3g.xml,0,1,0,0,2011-12,2011-10-22,Saint Mary's,Acadia,41,28,8  ,2011-10-01,Final,20111022_fq3g,NA
https://en.usports.ca/sports/fball/2011-12/boxscores/20111029_0tks.xml,0,1,0,0,2011-12,2011-10-29,Mount Allison,Saint Mary's,59,21,1   ,2011-10-01,Final,20111029_0tks,NA
NA,1,0,0,0,2011-12,NA,Windsor,Saskatchewan,34,23,3 ,2011-08-01,Final,NA,NA
https://en.usports.ca/sports/fball/2011-12/boxscores/20110902_5dhn.xml,0,1,0,0,2011-12,2011-09-02,Alberta,Saskatchewan,38,7,   ,2011-09-01,Final,20110902_5dhn,NA
https://en.usports.ca/sports/fball/2011-12/boxscores/20110909_e68l.xml,0,1,0,0,2011-12,2011-09-09,Regina,Saskatchewan,33,10,0   ,2011-09-01,Final,20110909_e68l,NA
https://en.usports.ca/sports/fball/2011-12/boxscores/20110917_30bm.xml,0,1,0,0,2011-12,2011-09-17,Saskatchewan,Manitoba,26,16,6   More  ,2011-09-01,Final,20110917_30bm,NA
https://en.usports.ca/sports/fball/2011-12/boxscores/20110923_ogqx.xml,0,1,0,0,2011-12,2011-09-23,Saskatchewan,Calgary,38,24,4   More  ,2011-09-01,Final,20110923_ogqx,NA
https://en.usports.ca/sports/fball/2011-12/boxscores/20110930_p47d.xml,0,1,0,0,2011-12,2011-09-30,UBC,Saskatchewan,36,33,3   ,2011-09-01,Final,20110930_p47d,NA
https://en.usports.ca/sports/fball/2011-12/boxscores/20111014_lv5p.xml,0,1,0,0,2011-12,2011-10-14,Calgary,Saskatchewan,8,20,   More  ,2011-10-01,Final,20111014_lv5p,/sports/fball/championship/2011-12/releases/20111014-fb
https://en.usports.ca/sports/fball/2011-12/boxscores/20111022_zdjy.xml,0,1,0,0,2011-12,2011-10-22,Saskatchewan,Regina,15,16,5   More  ,2011-10-01,Final,20111022_zdjy,NA
https://en.usports.ca/sports/fball/2011-12/boxscores/20111029_a07u.xml,0,1,0,0,2011-12,2011-10-29,Saskatchewan,Alberta,3,67,   ,2011-10-01,Final,20111029_a07u,NA
https://en.usports.ca/sports/fball/2011-12/boxscores/20110904_3g3n.xml,0,1,0,0,2011-12,2011-09-04,Sherbrooke,Bishop's,23,25,3  ,2011-09-01,Final,20110904_3g3n,NA
https://en.usports.ca/sports/fball/2011-12/boxscores/20110909_ldpr.xml,0,1,0,0,2011-12,2011-09-09,Sherbrooke,McGill,13,39,3   ,2011-09-01,Final,20110909_ldpr,NA
https://en.usports.ca/sports/fball/2011-12/boxscores/20110917_vtwa.xml,0,1,0,0,2011-12,2011-09-17,Laval,Sherbrooke,27,40,7  ,2011-09-01,Final,20110917_vtwa,NA
https://en.usports.ca/sports/fball/2011-12/boxscores/20110923_91xl.xml,0,1,0,0,2011-12,2011-09-23,Sherbrooke,Concordia,26,33,6  ,2011-09-01,Final,20110923_91xl,NA
https://en.usports.ca/sports/fball/2011-12/boxscores/20111001_4lb0.xml,0,1,0,0,2011-12,2011-10-01,Montreal,Sherbrooke,20,11,1  ,2011-10-01,Final,20111001_4lb0,NA
https://en.usports.ca/sports/fball/2011-12/boxscores/20111008_ijv9.xml,0,1,0,0,2011-12,2011-10-08,Bishop's,Sherbrooke,38,11,1 Mayor's Cup   More  ,2011-10-01,Final,20111008_ijv9,NA
https://en.usports.ca/sports/fball/2011-12/boxscores/20111015_vrlv.xml,0,1,0,0,2011-12,2011-10-15,Concordia,Sherbrooke,31,11,1  ,2011-10-01,Final,20111015_vrlv,NA
https://en.usports.ca/sports/fball/2011-12/boxscores/20111023_31yz.xml,0,1,0,0,2011-12,2011-10-23,Sherbrooke,Laval,40,10,0  ,2011-10-01,Final,20111023_31yz,NA
https://en.usports.ca/sports/fball/2011-12/boxscores/20111029_7f3b.xml,0,1,0,0,2011-12,2011-10-29,Sherbrooke,Montreal,20,32,0  ,2011-10-01,Final,20111029_7f3b,NA
https://en.usports.ca/sports/fball/2011-12/boxscores/20110910_lav0.xml,0,1,0,0,2011-12,2011-09-10,Acadia,StFX,10,43,0   More   ,2011-09-01,Final,20110910_lav0,NA
https://en.usports.ca/sports/fball/2011-12/boxscores/20110917_3n96.xml,0,1,0,0,2011-12,2011-09-17,StFX,Concordia,55,9,   ,2011-09-01,Final,20110917_3n96,NA
https://en.usports.ca/sports/fball/2011-12/boxscores/20110924_h62c.xml,0,1,0,0,2011-12,2011-09-24,StFX,Acadia,33,14,4   More  ,2011-09-01,Final,20110924_h62c,NA
https://en.usports.ca/sports/fball/2011-12/boxscores/20111001_s011.xml,0,1,0,0,2011-12,2011-10-01,Mount Allison,StFX,24,17,7   ,2011-10-01,Final,20111001_s011,NA
https://en.usports.ca/sports/fball/2011-12/boxscores/20111007_vv8v.xml,0,1,0,0,2011-12,2011-10-07,StFX,Saint Mary's,40,16,6   More  ,2011-10-01,Final,20111007_vv8v,/sports/fball/championship/2011-12/releases/20111007-fb
https://en.usports.ca/sports/fball/2011-12/boxscores/20111015_3q5t.xml,0,1,0,0,2011-12,2011-10-15,Saint Mary's,StFX,18,37,8   More  ,2011-10-01,Final,20111015_3q5t,NA
https://en.usports.ca/sports/fball/2011-12/boxscores/20111021_5fr5.xml,0,1,0,0,2011-12,2011-10-21,StFX,Mount Allison,41,42,1   More  ,2011-10-01,Final - 2OT,20111021_5fr5,/sports/fball/championship/2011-12/releases/20111021-fb
https://en.usports.ca/sports/fball/2011-12/boxscores/20111029_pnmn.xml,0,1,0,0,2011-12,2011-10-29,Acadia,StFX,15,34,5   ,2011-10-01,Final,20111029_pnmn,NA
https://en.usports.ca/sports/fball/2011-12/boxscores/20110905_gwle.xml,0,1,0,0,2011-12,2011-09-05,Toronto,Windsor,38,5,  ,2011-09-01,Final,20110905_gwle,NA
https://en.usports.ca/sports/fball/2011-12/boxscores/20110910_kn2o.xml,0,1,0,0,2011-12,2011-09-10,Toronto,York,8,10,   ,2011-09-01,Final,20110910_kn2o,NA
https://en.usports.ca/sports/fball/2011-12/boxscores/20110917_urns.xml,0,1,0,0,2011-12,2011-09-17,Guelph,Toronto,21,12,2  ,2011-09-01,Final,20110917_urns,NA
https://en.usports.ca/sports/fball/2011-12/boxscores/20110924_keia.xml,0,1,0,0,2011-12,2011-09-24,Toronto,Ottawa,41,0,  ,2011-09-01,Final,20110924_keia,NA
https://en.usports.ca/sports/fball/2011-12/boxscores/20110930_g2zn.xml,0,1,0,0,2011-12,2011-09-30,Queen's,Toronto,6,13,   ,2011-09-01,Final,20110930_g2zn,NA
https://en.usports.ca/sports/fball/2011-12/boxscores/20111006_9bjd.xml,0,1,0,0,2011-12,2011-10-06,Toronto,McMaster,50,14,4  ,2011-10-01,Final,20111006_9bjd,NA
https://en.usports.ca/sports/fball/2011-12/boxscores/20111015_87pj.xml,0,1,0,0,2011-12,2011-10-15,Western,Toronto,9,21,  ,2011-10-01,Final,20111015_87pj,NA
https://en.usports.ca/sports/fball/2011-12/boxscores/20111022_b0pk.xml,0,1,0,0,2011-12,2011-10-22,Waterloo,Toronto,45,6,  ,2011-10-01,Final,20111022_b0pk,NA
NA,1,0,0,0,2011-12,NA,UBC,Menlo,39,13,3,2011-08-01,Final,NA,NA
https://en.usports.ca/sports/fball/2011-12/boxscores/20110902_140x.xml,0,1,0,0,2011-12,2011-09-02,UBC,Regina,1,0,   ,2011-09-01,Final,20110902_140x,NA
https://en.usports.ca/sports/fball/2011-12/boxscores/20110909_wzut.xml,0,1,0,0,2011-12,2011-09-09,UBC,Calgary,30,25,5   ,2011-09-01,Final,20110909_wzut,NA
https://en.usports.ca/sports/fball/2011-12/boxscores/20110917_l2m1.xml,0,1,0,0,2011-12,2011-09-17,Alberta,UBC,0,1,   ,2011-09-01,Final,20110917_l2m1,NA
https://en.usports.ca/sports/fball/2011-12/boxscores/20110924_c2e6.xml,0,1,0,0,2011-12,2011-09-24,Manitoba,UBC,0,1,   ,2011-09-01,Final,20110924_c2e6,NA
https://en.usports.ca/sports/fball/2011-12/boxscores/20110930_p47d.xml,0,1,0,0,2011-12,2011-09-30,UBC,Saskatchewan,36,33,3   ,2011-09-01,Final,20110930_p47d,NA
https://en.usports.ca/sports/fball/2011-12/boxscores/20111015_badj.xml,0,1,0,0,2011-12,2011-10-15,Regina,UBC,0,1,   ,2011-10-01,Final,20111015_badj,NA
https://en.usports.ca/sports/fball/2011-12/boxscores/20111022_mlwg.xml,0,1,0,0,2011-12,2011-10-22,UBC,Alberta,1,0,   ,2011-10-01,Final,20111022_mlwg,NA
https://en.usports.ca/sports/fball/2011-12/boxscores/20111029_txl6.xml,0,1,0,0,2011-12,2011-10-29,Calgary,UBC,0,1,  ,2011-10-01,Final,20111029_txl6,NA
https://en.usports.ca/sports/fball/2011-12/boxscores/20110905_dul3.xml,0,1,0,0,2011-12,2011-09-05,Waterloo,Western,86,22,2  ,2011-09-01,Final,20110905_dul3,NA
https://en.usports.ca/sports/fball/2011-12/boxscores/20110910_7mbd.xml,0,1,0,0,2011-12,2011-09-10,Guelph,Waterloo,13,65,3  ,2011-09-01,Final,20110910_7mbd,NA
https://en.usports.ca/sports/fball/2011-12/boxscores/20110917_iqu4.xml,0,1,0,0,2011-12,2011-09-17,York,Waterloo,18,20,8   ,2011-09-01,Final - OT,20110917_iqu4,NA
https://en.usports.ca/sports/fball/2011-12/boxscores/20110924_5kxq.xml,0,1,0,0,2011-12,2011-09-24,Windsor,Waterloo,13,37,3  ,2011-09-01,Final,20110924_5kxq,NA
https://en.usports.ca/sports/fball/2011-12/boxscores/20111001_okty.xml,0,1,0,0,2011-12,2011-10-01,Waterloo,McMaster,46,20,0  ,2011-10-01,Final,20111001_okty,NA
https://en.usports.ca/sports/fball/2011-12/boxscores/20111006_casb.xml,0,1,0,0,2011-12,2011-10-06,Laurier,Waterloo,3,69,  ,2011-10-01,Final,20111006_casb,NA
https://en.usports.ca/sports/fball/2011-12/boxscores/20111015_i4qr.xml,0,1,0,0,2011-12,2011-10-15,Waterloo,Queen's,53,0,   ,2011-10-01,Final,20111015_i4qr,NA
https://en.usports.ca/sports/fball/2011-12/boxscores/20111022_b0pk.xml,0,1,0,0,2011-12,2011-10-22,Waterloo,Toronto,45,6,  ,2011-10-01,Final,20111022_b0pk,NA
https://en.usports.ca/sports/fball/2011-12/boxscores/20110905_dul3.xml,0,1,0,0,2011-12,2011-09-05,Waterloo,Western,86,22,2  ,2011-09-01,Final,20110905_dul3,NA
https://en.usports.ca/sports/fball/2011-12/boxscores/20110910_qqnk.xml,0,1,0,0,2011-12,2011-09-10,Western,McMaster,21,48,1  ,2011-09-01,Final,20110910_qqnk,NA
https://en.usports.ca/sports/fball/2011-12/boxscores/20110917_0vif.xml,0,1,0,0,2011-12,2011-09-17,Ottawa,Western,41,13,3  ,2011-09-01,Final,20110917_0vif,NA
https://en.usports.ca/sports/fball/2011-12/boxscores/20110924_ou9s.xml,0,1,0,0,2011-12,2011-09-24,Western,Laurier,28,34,8  ,2011-09-01,Final,20110924_ou9s,NA
https://en.usports.ca/sports/fball/2011-12/boxscores/20111001_pbd6.xml,0,1,0,0,2011-12,2011-10-01,York,Western,48,23,3   More  ,2011-10-01,Final,20111001_pbd6,NA
https://en.usports.ca/sports/fball/2011-12/boxscores/20111008_6oov.xml,0,1,0,0,2011-12,2011-10-08,Guelph,Western,33,29,9  ,2011-10-01,Final,20111008_6oov,NA
https://en.usports.ca/sports/fball/2011-12/boxscores/20111015_87pj.xml,0,1,0,0,2011-12,2011-10-15,Western,Toronto,9,21,  ,2011-10-01,Final,20111015_87pj,NA
https://en.usports.ca/sports/fball/2011-12/boxscores/20111022_ik2e.xml,0,1,0,0,2011-12,2011-10-22,Western,Queen's,37,0,   ,2011-10-01,Final,20111022_ik2e,NA
NA,1,0,0,0,2011-12,NA,Windsor,Saskatchewan,34,23,3 ,2011-08-01,Final,NA,NA
https://en.usports.ca/sports/fball/2011-12/boxscores/20110905_gwle.xml,0,1,0,0,2011-12,2011-09-05,Toronto,Windsor,38,5,  ,2011-09-01,Final,20110905_gwle,NA
https://en.usports.ca/sports/fball/2011-12/boxscores/20110910_8ud8.xml,0,1,0,0,2011-12,2011-09-10,Windsor,Laurier,40,41,0   More  ,2011-09-01,Final,20110910_8ud8,NA
https://en.usports.ca/sports/fball/2011-12/boxscores/20110917_xo01.xml,0,1,0,0,2011-12,2011-09-17,McMaster,Windsor,19,21,9  ,2011-09-01,Final,20110917_xo01,NA
https://en.usports.ca/sports/fball/2011-12/boxscores/20110924_5kxq.xml,0,1,0,0,2011-12,2011-09-24,Windsor,Waterloo,13,37,3  ,2011-09-01,Final,20110924_5kxq,NA
https://en.usports.ca/sports/fball/2011-12/boxscores/20111001_ztjg.xml,0,1,0,0,2011-12,2011-10-01,Guelph,Windsor,41,21,1  ,2011-10-01,Final,20111001_ztjg,NA
https://en.usports.ca/sports/fball/2011-12/boxscores/20111008_fpm6.xml,0,1,0,0,2011-12,2011-10-08,Queen's,Windsor,14,27,4 Video  More    Audio,2011-10-01,Final,20111008_fpm6,NA
https://en.usports.ca/sports/fball/2011-12/boxscores/20111015_xv2c.xml,0,1,0,0,2011-12,2011-10-15,Windsor,Ottawa,32,30,0  ,2011-10-01,Final,20111015_xv2c,NA
https://en.usports.ca/sports/fball/2011-12/boxscores/20111022_fldm.xml,0,1,0,0,2011-12,2011-10-22,Windsor,York,15,40,5   ,2011-10-01,Final,20111022_fldm,NA
NA,1,0,0,0,2011-12,NA,Bishop's,York,15,33,5 Non-Conference ,2011-08-01,Final,NA,NA
https://en.usports.ca/sports/fball/2011-12/boxscores/20110905_tj2j.xml,0,1,0,0,2011-12,2011-09-05,Laurier,York,7,46,   ,2011-09-01,Final,20110905_tj2j,NA
https://en.usports.ca/sports/fball/2011-12/boxscores/20110910_kn2o.xml,0,1,0,0,2011-12,2011-09-10,Toronto,York,8,10,   ,2011-09-01,Final,20110910_kn2o,NA
https://en.usports.ca/sports/fball/2011-12/boxscores/20110917_iqu4.xml,0,1,0,0,2011-12,2011-09-17,York,Waterloo,18,20,8   ,2011-09-01,Final - OT,20110917_iqu4,NA
https://en.usports.ca/sports/fball/2011-12/boxscores/20110924_3zaa.xml,0,1,0,0,2011-12,2011-09-24,Queen's,York,3,63,   More  ,2011-09-01,Final,20110924_3zaa,NA
https://en.usports.ca/sports/fball/2011-12/boxscores/20111001_pbd6.xml,0,1,0,0,2011-12,2011-10-01,York,Western,48,23,3   More  ,2011-10-01,Final,20111001_pbd6,NA
https://en.usports.ca/sports/fball/2011-12/boxscores/20111008_kwnf.xml,0,1,0,0,2011-12,2011-10-08,York,Ottawa,65,12,2   More  ,2011-10-01,Final,20111008_kwnf,NA
https://en.usports.ca/sports/fball/2011-12/boxscores/20111015_zfyi.xml,0,1,0,0,2011-12,2011-10-15,York,Guelph,51,2,   More  ,2011-10-01,Final,20111015_zfyi,NA
https://en.usports.ca/sports/fball/2011-12/boxscores/20111022_fldm.xml,0,1,0,0,2011-12,2011-10-22,Windsor,York,15,40,5   ,2011-10-01,Final,20111022_fldm,NA
https://en.usports.ca/sports/fball/2010-11/boxscores/20100911_1zfn.xml,0,1,0,0,2010-11,2010-09-11,Saint Mary's,Acadia,17,7,  ,2010-09-01,Final,20100911_1zfn,/sports/fball/2010-11/releases/20100911-270
https://en.usports.ca/sports/fball/2010-11/boxscores/20100918_mii6.xml,0,1,0,0,2010-11,2010-09-18,Acadia,Bishop's,31,16,6 Homecoming  ,2010-09-01,Final,20100918_mii6,/sports/fball/2010-11/releases/20100918-990
https://en.usports.ca/sports/fball/2010-11/boxscores/20100925_mhd7.xml,0,1,0,0,2010-11,2010-09-25,StFX,Acadia,24,11,1  ,2010-09-01,Final,20100925_mhd7,NA
https://en.usports.ca/sports/fball/2010-11/boxscores/20101001_q1rh.xml,0,1,0,0,2010-11,2010-10-01,Acadia,Saint Mary's,45,10,0 ,2010-10-01,Final,20101001_q1rh,NA
https://en.usports.ca/sports/fball/2010-11/boxscores/20101009_qf5t.xml,0,1,0,0,2010-11,2010-10-09,Acadia,Mount Allison,19,26,9  ,2010-10-01,Final,20101009_qf5t,/sports/fball/2010-11/contrib/20101009ipzotl
https://en.usports.ca/sports/fball/2010-11/boxscores/20101016_8yul.xml,0,1,0,0,2010-11,2010-10-16,Mount Allison,Acadia,7,20, ,2010-10-01,Final,20101016_8yul,NA
https://en.usports.ca/sports/fball/2010-11/boxscores/20101023_bzi1.xml,0,1,0,0,2010-11,2010-10-23,Acadia,StFX,0,34,  ,2010-10-01,Final,20101023_bzi1,NA
https://en.usports.ca/sports/fball/2010-11/boxscores/20101030_jt7n.xml,0,1,0,0,2010-11,2010-10-30,Saint Mary's,Acadia,0,21, ,2010-10-01,Final,20101030_jt7n,NA
NA,1,0,0,0,2010-11,NA,Alberta,Calgary,20,14,4 ,2010-08-01,Final,NA,NA
https://en.usports.ca/sports/fball/2010-11/boxscores/20100904_4o12.xml,0,1,0,0,2010-11,2010-09-04,Alberta,UBC,28,36,8  ,2010-09-01,Final,20100904_4o12,NA
https://en.usports.ca/sports/fball/2010-11/boxscores/20100911_et9t.xml,0,1,0,0,2010-11,2010-09-11,Alberta,Manitoba,6,31,   ,2010-09-01,Final,20100911_et9t,NA
https://en.usports.ca/sports/fball/2010-11/boxscores/20100918_xvn0.xml,0,1,0,0,2010-11,2010-09-18,Calgary,Alberta,14,23,4   ,2010-09-01,Final,20100918_xvn0,/sports/fball/2010-11/releases/20100918-112
https://en.usports.ca/sports/fball/2010-11/boxscores/20100924_lz57.xml,0,1,0,0,2010-11,2010-09-24,Saskatchewan,Alberta,9,33,   ,2010-09-01,Final,20100924_lz57,/sports/fball/2010-11/releases/20100924-771
https://en.usports.ca/sports/fball/2010-11/boxscores/20101002_yu4e.xml,0,1,0,0,2010-11,2010-10-02,Alberta,Regina,40,8,  ,2010-10-01,Final,20101002_yu4e,NA
https://en.usports.ca/sports/fball/2010-11/boxscores/20101016_i4wk.xml,0,1,0,0,2010-11,2010-10-16,UBC,Alberta,28,32,8  ,2010-10-01,Final,20101016_i4wk,NA
https://en.usports.ca/sports/fball/2010-11/boxscores/20101023_tte0.xml,0,1,0,0,2010-11,2010-10-23,Manitoba,Alberta,46,21,1  ,2010-10-01,Final,20101023_tte0,NA
https://en.usports.ca/sports/fball/2010-11/boxscores/20101030_kvbr.xml,0,1,0,0,2010-11,2010-10-30,Alberta,Calgary,37,5,  ,2010-10-01,Final,20101030_kvbr,NA
https://en.usports.ca/sports/fball/2010-11/boxscores/20100904_w4dp.xml,0,1,0,0,2010-11,2010-09-04,Concordia,Bishop's,14,17,4   ,2010-09-01,Final,20100904_w4dp,/sports/fball/2010-11/releases/20100904-783
https://en.usports.ca/sports/fball/2010-11/boxscores/20100911_6axj.xml,0,1,0,0,2010-11,2010-09-11,Bishop's,McGill,19,26,9   ,2010-09-01,Final - 2OT,20100911_6axj,/sports/fball/2010-11/releases/20100911-291
https://en.usports.ca/sports/fball/2010-11/boxscores/20100918_mii6.xml,0,1,0,0,2010-11,2010-09-18,Acadia,Bishop's,31,16,6 Homecoming  ,2010-09-01,Final,20100918_mii6,/sports/fball/2010-11/releases/20100918-990
https://en.usports.ca/sports/fball/2010-11/boxscores/20100925_1jty.xml,0,1,0,0,2010-11,2010-09-25,Bishop's,Concordia,17,18,7  ,2010-09-01,Final,20100925_1jty,/sports/fball/2010-11/contrib/20101001vgip29
https://en.usports.ca/sports/fball/2010-11/boxscores/20101003_ocbc.xml,0,1,0,0,2010-11,2010-10-03,Montreal,Bishop's,39,21,"1 Rescheduled from October 2, 2010   ",2010-10-01,Final,20101003_ocbc,/sports/fball/2010-11/contrib/20101003xfd1nz
https://en.usports.ca/sports/fball/2010-11/boxscores/20101008_x4hw.xml,0,1,0,0,2010-11,2010-10-08,Bishop's,Sherbrooke,10,40,0  ,2010-10-01,Final,20101008_x4hw,/sports/fball/2010-11/contrib/20101008pnzxeg
https://en.usports.ca/sports/fball/2010-11/boxscores/20101017_qd0o.xml,0,1,0,0,2010-11,2010-10-17,Bishop's,Laval,62,0,  ,2010-10-01,Final,20101017_qd0o,/sports/fball/2010-11/contrib/20101017wq42r6
https://en.usports.ca/sports/fball/2010-11/boxscores/20101023_0cw9.xml,0,1,0,0,2010-11,2010-10-23,Sherbrooke,Bishop's,11,49,1 Mayor's Cup   ,2010-10-01,Final,20101023_0cw9,/sports/fball/2010-11/contrib/20101023a529l9
https://en.usports.ca/sports/fball/2010-11/boxscores/20101030_v0j7.xml,0,1,0,0,2010-11,2010-10-30,Bishop's,Montreal,37,7,  ,2010-10-01,Final,20101030_v0j7,/sports/fball/2010-11/contrib/201010314c2oi6
NA,1,0,0,0,2010-11,NA,Alberta,Calgary,20,14,4 ,2010-08-01,Final,NA,NA
https://en.usports.ca/sports/fball/2010-11/boxscores/20100904_j9qg.xml,0,1,0,0,2010-11,2010-09-04,Saskatchewan,Calgary,13,34,3   ,2010-09-01,Final,20100904_j9qg,/sports/fball/2010-11/releases/20100904-55
https://en.usports.ca/sports/fball/2010-11/boxscores/20100910_ktmd.xml,0,1,0,0,2010-11,2010-09-10,Regina,Calgary,24,21,1   ,2010-09-01,Final,20100910_ktmd,/sports/fball/2010-11/releases/20100910-59
https://en.usports.ca/sports/fball/2010-11/boxscores/20100918_xvn0.xml,0,1,0,0,2010-11,2010-09-18,Calgary,Alberta,14,23,4   ,2010-09-01,Final,20100918_xvn0,/sports/fball/2010-11/releases/20100918-112
https://en.usports.ca/sports/fball/2010-11/boxscores/20100925_65b7.xml,0,1,0,0,2010-11,2010-09-25,Calgary,Manitoba,25,26,5   More  ,2010-09-01,Final,20100925_65b7,NA
https://en.usports.ca/sports/fball/2010-11/boxscores/20101002_ox2n.xml,0,1,0,0,2010-11,NA,UBC,Calgary,33,16,6  ,2010-10-01,Final,NA,NA
https://en.usports.ca/sports/fball/2010-11/boxscores/20101015_zyo4.xml,0,1,0,0,2010-11,2010-10-15,Calgary,Saskatchewan,36,17,7  ,2010-10-01,Final,20101015_zyo4,NA
https://en.usports.ca/sports/fball/2010-11/boxscores/20101022_fz9y.xml,0,1,0,0,2010-11,2010-10-22,Calgary,Regina,27,35,7   ,2010-10-01,Final,20101022_fz9y,NA
https://en.usports.ca/sports/fball/2010-11/boxscores/20101030_kvbr.xml,0,1,0,0,2010-11,2010-10-30,Alberta,Calgary,37,5,  ,2010-10-01,Final,20101030_kvbr,NA
https://en.usports.ca/sports/fball/2010-11/boxscores/20100904_w4dp.xml,0,1,0,0,2010-11,2010-09-04,Concordia,Bishop's,14,17,4   ,2010-09-01,Final,20100904_w4dp,/sports/fball/2010-11/releases/20100904-783
https://en.usports.ca/sports/fball/2010-11/boxscores/20100911_j08e.xml,0,1,0,0,2010-11,NA,Montreal,Concordia,8,29,NA,2010-09-01,Final,NA,NA
https://en.usports.ca/sports/fball/2010-11/boxscores/20100917_6cyx.xml,0,1,0,0,2010-11,2010-09-17,Concordia,McGill,29,34,9  ,2010-09-01,Final,20100917_6cyx,/sports/fball/2010-11/releases/20100917-044
https://en.usports.ca/sports/fball/2010-11/boxscores/20100925_1jty.xml,0,1,0,0,2010-11,2010-09-25,Bishop's,Concordia,17,18,7  ,2010-09-01,Final,20100925_1jty,/sports/fball/2010-11/contrib/20101001vgip29
https://en.usports.ca/sports/fball/2010-11/boxscores/20101003_rmru.xml,0,1,0,0,2010-11,2010-10-03,Concordia,Laval,46,10,0 ,2010-10-01,Final,20101003_rmru,NA
https://en.usports.ca/sports/fball/2010-11/boxscores/20101009_8zer.xml,0,1,0,0,2010-11,2010-10-09,McGill,Concordia,21,11,1 ,2010-10-01,Final,20101009_8zer,NA
https://en.usports.ca/sports/fball/2010-11/boxscores/20101016_ovzb.xml,0,1,0,0,2010-11,2010-10-16,Concordia,Sherbrooke,39,36,6 ,2010-10-01,Final - 2OT,20101016_ovzb,NA
https://en.usports.ca/sports/fball/2010-11/boxscores/20101022_29go.xml,0,1,0,0,2010-11,2010-10-22,Concordia,Montreal,14,21,4 ,2010-10-01,Final,20101022_29go,NA
https://en.usports.ca/sports/fball/2010-11/boxscores/20101030_omfu.xml,0,1,0,0,2010-11,2010-10-30,Laval,Concordia,7,62, ,2010-10-01,Final,20101030_omfu,NA
https://en.usports.ca/sports/fball/2010-11/boxscores/20100901_cb86.xml,0,1,0,0,2010-11,2010-09-01,Toronto,Guelph,15,13,3   Photos,2010-09-01,Final,20100901_cb86,/sports/fball/2010-11/releases/20100901-22
https://en.usports.ca/sports/fball/2010-11/boxscores/20100906_a9u7.xml,0,1,0,0,2010-11,2010-09-06,Guelph,York,2,26, Video  More    ,2010-09-01,Final,20100906_a9u7,/sports/fball/2010-11/releases/20100906-789
https://en.usports.ca/sports/fball/2010-11/boxscores/20100918_6u51.xml,0,1,0,0,2010-11,2010-09-18,Queen's,Guelph,21,15,5   More  Photos,2010-09-01,Final,20100918_6u51,/sports/fball/2010-11/releases/20100918-229
https://en.usports.ca/sports/fball/2010-11/boxscores/20100925_f4e4.xml,0,1,0,0,2010-11,2010-09-25,Western,Guelph,8,15,   Photos,2010-09-01,Final,20100925_f4e4,NA
https://en.usports.ca/sports/fball/2010-11/boxscores/20101002_3dbi.xml,0,1,0,0,2010-11,2010-10-02,Guelph,Laurier,36,2, Homecoming  ,2010-10-01,Final,20101002_3dbi,NA
https://en.usports.ca/sports/fball/2010-11/boxscores/20101007_mvo5.xml,0,1,0,0,2010-11,2010-10-07,Guelph,McMaster,43,35,5 ,2010-10-01,Final,20101007_mvo5,NA
https://en.usports.ca/sports/fball/2010-11/boxscores/20101016_kdfz.xml,0,1,0,0,2010-11,2010-10-16,Windsor,Guelph,41,14,4 ,2010-10-01,Final,20101016_kdfz,NA
https://en.usports.ca/sports/fball/2010-11/boxscores/20101023_ksyq.xml,0,1,0,0,2010-11,2010-10-23,Guelph,Ottawa,54,11,1 ,2010-10-01,Final,20101023_ksyq,NA
https://en.usports.ca/sports/fball/2010-11/boxscores/20100901_hzet.xml,0,1,0,0,2010-11,2010-09-01,Laurier,Western,46,1, ,2010-09-01,Final,20100901_hzet,NA
https://en.usports.ca/sports/fball/2010-11/boxscores/20100906_720w.xml,0,1,0,0,2010-11,2010-09-06,Laurier,McMaster,26,24,4 ,2010-09-01,Final,20100906_720w,NA
https://en.usports.ca/sports/fball/2010-11/boxscores/20100911_xyho.xml,0,1,0,0,2010-11,2010-09-11,Toronto,Laurier,0,1, Laurier forfeits win because of ineligible player  ,2010-09-01,Final,20100911_xyho,/sports/fball/2010-11/releases/20100911-91
https://en.usports.ca/sports/fball/2010-11/boxscores/20100925_6o1q.xml,0,1,0,0,2010-11,2010-09-25,York,Laurier,68,14,4   More  ,2010-09-01,Final,20100925_6o1q,NA
https://en.usports.ca/sports/fball/2010-11/boxscores/20101002_3dbi.xml,0,1,0,0,2010-11,2010-10-02,Guelph,Laurier,36,2, Homecoming  ,2010-10-01,Final,20101002_3dbi,NA
https://en.usports.ca/sports/fball/2010-11/boxscores/20101009_bc9i.xml,0,1,0,0,2010-11,2010-10-09,Laurier,Ottawa,44,21,1 ,2010-10-01,Final,20101009_bc9i,NA
https://en.usports.ca/sports/fball/2010-11/boxscores/20101016_er89.xml,0,1,0,0,2010-11,2010-10-16,Queen's,Laurier,44,23,3 ,2010-10-01,Final,20101016_er89,NA
https://en.usports.ca/sports/fball/2010-11/boxscores/20101023_8o34.xml,0,1,0,0,2010-11,2010-10-23,Laurier,Windsor,16,56,6 ,2010-10-01,Final,20101023_8o34,NA
NA,1,0,0,0,2010-11,NA,York,Laval,76,0,  ,2010-08-01,Final,NA,NA
https://en.usports.ca/sports/fball/2010-11/boxscores/20100905_camv.xml,0,1,0,0,2010-11,2010-09-05,McGill,Laval,50,9,   ,2010-09-01,Final,20100905_camv,/sports/fball/2010-11/releases/20100905-28
https://en.usports.ca/sports/fball/2010-11/boxscores/20100911_xdt2.xml,0,1,0,0,2010-11,2010-09-11,Laval,Sherbrooke,6,36, ,2010-09-01,Final,20100911_xdt2,NA
https://en.usports.ca/sports/fball/2010-11/boxscores/20100918_rush.xml,0,1,0,0,2010-11,2010-09-18,Laval,Saint Mary's,7,45, ,2010-09-01,Final,20100918_rush,NA
https://en.usports.ca/sports/fball/2010-11/boxscores/20100926_ebvc.xml,0,1,0,0,2010-11,2010-09-26,Sherbrooke,Laval,23,7,   ,2010-09-01,Final,20100926_ebvc,/sports/fball/2010-11/releases/20100926-022
https://en.usports.ca/sports/fball/2010-11/boxscores/20101003_rmru.xml,0,1,0,0,2010-11,2010-10-03,Concordia,Laval,46,10,0 ,2010-10-01,Final,20101003_rmru,NA
https://en.usports.ca/sports/fball/2010-11/boxscores/20101009_h4yp.xml,0,1,0,0,2010-11,2010-10-09,Laval,Montreal,12,19,2 ,2010-10-01,Final,20101009_h4yp,NA
https://en.usports.ca/sports/fball/2010-11/boxscores/20101017_qd0o.xml,0,1,0,0,2010-11,2010-10-17,Bishop's,Laval,62,0,  ,2010-10-01,Final,20101017_qd0o,/sports/fball/2010-11/contrib/20101017wq42r6
https://en.usports.ca/sports/fball/2010-11/boxscores/20101023_0tat.xml,0,1,0,0,2010-11,2010-10-23,Laval,McGill,0,68,   ,2010-10-01,Final,20101023_0tat,NA
https://en.usports.ca/sports/fball/2010-11/boxscores/20101030_omfu.xml,0,1,0,0,2010-11,2010-10-30,Laval,Concordia,7,62, ,2010-10-01,Final,20101030_omfu,NA
https://en.usports.ca/sports/fball/2010-11/boxscores/20100903_fmjr.xml,0,1,0,0,2010-11,2010-09-03,Manitoba,Regina,45,11,1   ,2010-09-01,Final,20100903_fmjr,/sports/fball/2010-11/releases/20100903-64
https://en.usports.ca/sports/fball/2010-11/boxscores/20100911_et9t.xml,0,1,0,0,2010-11,2010-09-11,Alberta,Manitoba,6,31,   ,2010-09-01,Final,20100911_et9t,NA
https://en.usports.ca/sports/fball/2010-11/boxscores/20100918_mz6r.xml,0,1,0,0,2010-11,2010-09-18,Manitoba,UBC,17,40,7   ,2010-09-01,Final,20100918_mz6r,/sports/fball/2010-11/releases/20100918-2266
https://en.usports.ca/sports/fball/2010-11/boxscores/20100925_65b7.xml,0,1,0,0,2010-11,2010-09-25,Calgary,Manitoba,25,26,5   More  ,2010-09-01,Final,20100925_65b7,NA
https://en.usports.ca/sports/fball/2010-11/boxscores/20101001_keju.xml,0,1,0,0,2010-11,2010-10-01,Manitoba,Saskatchewan,64,3,  ,2010-10-01,Final,20101001_keju,NA
https://en.usports.ca/sports/fball/2010-11/boxscores/20101016_8976.xml,0,1,0,0,2010-11,2010-10-16,Regina,Manitoba,19,41,9   ,2010-10-01,Final,20101016_8976,NA
https://en.usports.ca/sports/fball/2010-11/boxscores/20101023_tte0.xml,0,1,0,0,2010-11,2010-10-23,Manitoba,Alberta,46,21,1  ,2010-10-01,Final,20101023_tte0,NA
https://en.usports.ca/sports/fball/2010-11/boxscores/20101030_7a4q.xml,0,1,0,0,2010-11,2010-10-30,UBC,Manitoba,35,25,5   ,2010-10-01,Final,20101030_7a4q,NA
https://en.usports.ca/sports/fball/2010-11/boxscores/20100905_camv.xml,0,1,0,0,2010-11,2010-09-05,McGill,Laval,50,9,   ,2010-09-01,Final,20100905_camv,/sports/fball/2010-11/releases/20100905-28
https://en.usports.ca/sports/fball/2010-11/boxscores/20100911_6axj.xml,0,1,0,0,2010-11,2010-09-11,Bishop's,McGill,19,26,9   ,2010-09-01,Final - 2OT,20100911_6axj,/sports/fball/2010-11/releases/20100911-291
https://en.usports.ca/sports/fball/2010-11/boxscores/20100917_6cyx.xml,0,1,0,0,2010-11,2010-09-17,Concordia,McGill,29,34,9  ,2010-09-01,Final,20100917_6cyx,/sports/fball/2010-11/releases/20100917-044
https://en.usports.ca/sports/fball/2010-11/boxscores/20100924_ylbu.xml,0,1,0,0,2010-11,2010-09-24,McGill,Montreal,24,11,1   ,2010-09-01,Final,20100924_ylbu,/sports/fball/2010-11/releases/20100924-088
https://en.usports.ca/sports/fball/2010-11/boxscores/20101002_vbku.xml,0,1,0,0,2010-11,2010-10-02,Sherbrooke,McGill,8,34, ,2010-10-01,Final,20101002_vbku,NA
https://en.usports.ca/sports/fball/2010-11/boxscores/20101009_8zer.xml,0,1,0,0,2010-11,2010-10-09,McGill,Concordia,21,11,1 ,2010-10-01,Final,20101009_8zer,NA
https://en.usports.ca/sports/fball/2010-11/boxscores/20101016_hc5s.xml,0,1,0,0,2010-11,2010-10-16,Montreal,McGill,7,30, ,2010-10-01,Final,20101016_hc5s,NA
https://en.usports.ca/sports/fball/2010-11/boxscores/20101023_0tat.xml,0,1,0,0,2010-11,2010-10-23,Laval,McGill,0,68,   ,2010-10-01,Final,20101023_0tat,NA
https://en.usports.ca/sports/fball/2010-11/boxscores/20101030_zufl.xml,0,1,0,0,2010-11,2010-10-30,McGill,Sherbrooke,43,8, ,2010-10-01,Final,20101030_zufl,NA
https://en.usports.ca/sports/fball/2010-11/boxscores/20100831_lq7l.xml,0,1,0,0,2010-11,2010-08-31,Queen's,McMaster,23,18,8  ,2010-08-01,Final,20100831_lq7l,/sports/fball/2010-11/releases/20100831-55
https://en.usports.ca/sports/fball/2010-11/boxscores/20100906_720w.xml,0,1,0,0,2010-11,2010-09-06,Laurier,McMaster,26,24,4 ,2010-09-01,Final,20100906_720w,NA
https://en.usports.ca/sports/fball/2010-11/boxscores/20100911_h9p8.xml,0,1,0,0,2010-11,2010-09-11,McMaster,Western,50,19,9 ,2010-09-01,Final,20100911_h9p8,NA
https://en.usports.ca/sports/fball/2010-11/boxscores/20100918_oka6.xml,0,1,0,0,2010-11,2010-09-18,McMaster,Ottawa,43,35,5 ,2010-09-01,Final,20100918_oka6,NA
https://en.usports.ca/sports/fball/2010-11/boxscores/20100925_blei.xml,0,1,0,0,2010-11,2010-09-25,Windsor,McMaster,39,3, ,2010-09-01,Final,20100925_blei,NA
https://en.usports.ca/sports/fball/2010-11/boxscores/20101002_uhsd.xml,0,1,0,0,2010-11,2010-10-02,McMaster,York,6,64,   More  ,2010-10-01,Final,20101002_uhsd,NA
https://en.usports.ca/sports/fball/2010-11/boxscores/20101007_mvo5.xml,0,1,0,0,2010-11,2010-10-07,Guelph,McMaster,43,35,5 ,2010-10-01,Final,20101007_mvo5,NA
https://en.usports.ca/sports/fball/2010-11/boxscores/20101016_bwsd.xml,0,1,0,0,2010-11,2010-10-16,McMaster,Toronto,21,40,1 ,2010-10-01,Final,20101016_bwsd,NA
https://en.usports.ca/sports/fball/2010-11/boxscores/20100902_mp0l.xml,0,1,0,0,2010-11,2010-09-02,Sherbrooke,Montreal,33,29,9  ,2010-09-01,Final,20100902_mp0l,NA
https://en.usports.ca/sports/fball/2010-11/boxscores/20100911_j08e.xml,0,1,0,0,2010-11,NA,Montreal,Concordia,8,29,NA,2010-09-01,Final,NA,NA
https://en.usports.ca/sports/fball/2010-11/boxscores/20100918_v2wj.xml,0,1,0,0,2010-11,2010-09-18,Montreal,StFX,10,27,0   ,2010-09-01,Final,20100918_v2wj,/sports/fball/2010-11/releases/20100918-227
https://en.usports.ca/sports/fball/2010-11/boxscores/20100924_ylbu.xml,0,1,0,0,2010-11,2010-09-24,McGill,Montreal,24,11,1   ,2010-09-01,Final,20100924_ylbu,/sports/fball/2010-11/releases/20100924-088
https://en.usports.ca/sports/fball/2010-11/boxscores/20101003_ocbc.xml,0,1,0,0,2010-11,2010-10-03,Montreal,Bishop's,39,21,"1 Rescheduled from October 2, 2010   ",2010-10-01,Final,20101003_ocbc,/sports/fball/2010-11/contrib/20101003xfd1nz
https://en.usports.ca/sports/fball/2010-11/boxscores/20101009_h4yp.xml,0,1,0,0,2010-11,2010-10-09,Laval,Montreal,12,19,2 ,2010-10-01,Final,20101009_h4yp,NA
https://en.usports.ca/sports/fball/2010-11/boxscores/20101016_hc5s.xml,0,1,0,0,2010-11,2010-10-16,Montreal,McGill,7,30, ,2010-10-01,Final,20101016_hc5s,NA
https://en.usports.ca/sports/fball/2010-11/boxscores/20101022_29go.xml,0,1,0,0,2010-11,2010-10-22,Concordia,Montreal,14,21,4 ,2010-10-01,Final,20101022_29go,NA
https://en.usports.ca/sports/fball/2010-11/boxscores/20101030_v0j7.xml,0,1,0,0,2010-11,2010-10-30,Bishop's,Montreal,37,7,  ,2010-10-01,Final,20101030_v0j7,/sports/fball/2010-11/contrib/201010314c2oi6
https://en.usports.ca/sports/fball/2010-11/boxscores/20100911_bzte.xml,0,1,0,0,2010-11,2010-09-11,StFX,Mount Allison,19,6,   ,2010-09-01,Final,20100911_bzte,/sports/fball/2010-11/releases/20100911-891
https://en.usports.ca/sports/fball/2010-11/boxscores/20100917_9m7h.xml,0,1,0,0,2010-11,2010-09-17,Mount Allison,Sherbrooke,44,10,0   ,2010-09-01,Final,20100917_9m7h,/sports/fball/2010-11/releases/20100917-282
https://en.usports.ca/sports/fball/2010-11/boxscores/20100925_5wes.xml,0,1,0,0,2010-11,2010-09-25,Saint Mary's,Mount Allison,23,21,1  ,2010-09-01,Final,20100925_5wes,NA
https://en.usports.ca/sports/fball/2010-11/boxscores/20101002_ilxq.xml,0,1,0,0,2010-11,2010-10-02,Mount Allison,StFX,37,26,6  ,2010-10-01,Final,20101002_ilxq,NA
https://en.usports.ca/sports/fball/2010-11/boxscores/20101009_qf5t.xml,0,1,0,0,2010-11,2010-10-09,Acadia,Mount Allison,19,26,9  ,2010-10-01,Final,20101009_qf5t,/sports/fball/2010-11/contrib/20101009ipzotl
https://en.usports.ca/sports/fball/2010-11/boxscores/20101016_8yul.xml,0,1,0,0,2010-11,2010-10-16,Mount Allison,Acadia,7,20, ,2010-10-01,Final,20101016_8yul,NA
https://en.usports.ca/sports/fball/2010-11/boxscores/20101023_0vsd.xml,0,1,0,0,2010-11,2010-10-23,Mount Allison,Saint Mary's,43,7, ,2010-10-01,Final,20101023_0vsd,NA
https://en.usports.ca/sports/fball/2010-11/boxscores/20101030_peds.xml,0,1,0,0,2010-11,2010-10-30,StFX,Mount Allison,33,12,2   ,2010-10-01,Final,20101030_peds,/sports/fball/2010-11/contrib/20101030x852r1
https://en.usports.ca/sports/fball/2010-11/boxscores/20100831_embv.xml,0,1,0,0,2010-11,2010-08-31,Ottawa,Windsor,14,23,4  ,2010-08-01,Final,20100831_embv,/sports/fball/2010-11/releases/20100831-64
https://en.usports.ca/sports/fball/2010-11/boxscores/20100906_j9xp.xml,0,1,0,0,2010-11,2010-09-06,Western,Ottawa,20,19,9 ,2010-09-01,Final,20100906_j9xp,NA
https://en.usports.ca/sports/fball/2010-11/boxscores/20100911_e4q3.xml,0,1,0,0,2010-11,2010-09-11,Ottawa,York,3,45, Video  More    ,2010-09-01,Final,20100911_e4q3,/sports/fball/2010-11/releases/20100911-002
https://en.usports.ca/sports/fball/2010-11/boxscores/20100918_oka6.xml,0,1,0,0,2010-11,2010-09-18,McMaster,Ottawa,43,35,5 ,2010-09-01,Final,20100918_oka6,NA
https://en.usports.ca/sports/fball/2010-11/boxscores/20100925_mlb8.xml,0,1,0,0,2010-11,2010-09-25,Ottawa,Queen's,25,27,5 Video ,2010-09-01,Final - OT,20100925_mlb8,NA
https://en.usports.ca/sports/fball/2010-11/boxscores/20101002_ocbp.xml,0,1,0,0,2010-11,2010-10-02,Ottawa,Toronto,40,35,5 ,2010-10-01,Final,20101002_ocbp,NA
https://en.usports.ca/sports/fball/2010-11/boxscores/20101009_bc9i.xml,0,1,0,0,2010-11,2010-10-09,Laurier,Ottawa,44,21,1 ,2010-10-01,Final,20101009_bc9i,NA
https://en.usports.ca/sports/fball/2010-11/boxscores/20101023_ksyq.xml,0,1,0,0,2010-11,2010-10-23,Guelph,Ottawa,54,11,1 ,2010-10-01,Final,20101023_ksyq,NA
https://en.usports.ca/sports/fball/2010-11/boxscores/20100831_lq7l.xml,0,1,0,0,2010-11,2010-08-31,Queen's,McMaster,23,18,8  ,2010-08-01,Final,20100831_lq7l,/sports/fball/2010-11/releases/20100831-55
https://en.usports.ca/sports/fball/2010-11/boxscores/20100912_awwz.xml,0,1,0,0,2010-11,2010-09-12,Windsor,Queen's,40,7,  ,2010-09-01,Final,20100912_awwz,/sports/fball/2010-11/releases/20100912-072
https://en.usports.ca/sports/fball/2010-11/boxscores/20100918_6u51.xml,0,1,0,0,2010-11,2010-09-18,Queen's,Guelph,21,15,5   More  Photos,2010-09-01,Final,20100918_6u51,/sports/fball/2010-11/releases/20100918-229
https://en.usports.ca/sports/fball/2010-11/boxscores/20100925_mlb8.xml,0,1,0,0,2010-11,2010-09-25,Ottawa,Queen's,25,27,5 Video ,2010-09-01,Final - OT,20100925_mlb8,NA
https://en.usports.ca/sports/fball/2010-11/boxscores/20101002_oz86.xml,0,1,0,0,2010-11,2010-10-02,Queen's,Western,46,10,0 ,2010-10-01,Final,20101002_oz86,NA
https://en.usports.ca/sports/fball/2010-11/boxscores/20101009_ib1a.xml,0,1,0,0,2010-11,2010-10-09,Toronto,Queen's,66,1, ,2010-10-01,Final,20101009_ib1a,NA
https://en.usports.ca/sports/fball/2010-11/boxscores/20101016_er89.xml,0,1,0,0,2010-11,2010-10-16,Queen's,Laurier,44,23,3 ,2010-10-01,Final,20101016_er89,NA
https://en.usports.ca/sports/fball/2010-11/boxscores/20101023_7hdo.xml,0,1,0,0,2010-11,2010-10-23,York,Queen's,52,14,4   ,2010-10-01,Final,20101023_7hdo,NA
https://en.usports.ca/sports/fball/2010-11/boxscores/20100903_fmjr.xml,0,1,0,0,2010-11,2010-09-03,Manitoba,Regina,45,11,1   ,2010-09-01,Final,20100903_fmjr,/sports/fball/2010-11/releases/20100903-64
https://en.usports.ca/sports/fball/2010-11/boxscores/20100910_ktmd.xml,0,1,0,0,2010-11,2010-09-10,Regina,Calgary,24,21,1   ,2010-09-01,Final,20100910_ktmd,/sports/fball/2010-11/releases/20100910-59
https://en.usports.ca/sports/fball/2010-11/boxscores/20100918_6yqa.xml,0,1,0,0,2010-11,NA,Saskatchewan,Regina,37,26,6  ,2010-09-01,Final,NA,NA
https://en.usports.ca/sports/fball/2010-11/boxscores/20100924_mj32.xml,0,1,0,0,2010-11,2010-09-24,Regina,UBC,6,41,   ,2010-09-01,Final,20100924_mj32,/sports/fball/2010-11/releases/20100924-035
https://en.usports.ca/sports/fball/2010-11/boxscores/20101002_yu4e.xml,0,1,0,0,2010-11,2010-10-02,Alberta,Regina,40,8,  ,2010-10-01,Final,20101002_yu4e,NA
https://en.usports.ca/sports/fball/2010-11/boxscores/20101016_8976.xml,0,1,0,0,2010-11,2010-10-16,Regina,Manitoba,19,41,9   ,2010-10-01,Final,20101016_8976,NA
https://en.usports.ca/sports/fball/2010-11/boxscores/20101022_fz9y.xml,0,1,0,0,2010-11,2010-10-22,Calgary,Regina,27,35,7   ,2010-10-01,Final,20101022_fz9y,NA
https://en.usports.ca/sports/fball/2010-11/boxscores/20101029_s75j.xml,0,1,0,0,2010-11,2010-10-29,Regina,Saskatchewan,52,29,9 Video  ,2010-10-01,Final,20101029_s75j,NA
https://en.usports.ca/sports/fball/2010-11/boxscores/20100911_1zfn.xml,0,1,0,0,2010-11,2010-09-11,Saint Mary's,Acadia,17,7,  ,2010-09-01,Final,20100911_1zfn,/sports/fball/2010-11/releases/20100911-270
https://en.usports.ca/sports/fball/2010-11/boxscores/20100918_rush.xml,0,1,0,0,2010-11,2010-09-18,Laval,Saint Mary's,7,45, ,2010-09-01,Final,20100918_rush,NA
https://en.usports.ca/sports/fball/2010-11/boxscores/20100925_5wes.xml,0,1,0,0,2010-11,2010-09-25,Mount Allison,Saint Mary's,21,23,1  ,2010-09-01,Final,20100925_5wes,NA
https://en.usports.ca/sports/fball/2010-11/boxscores/20101001_q1rh.xml,0,1,0,0,2010-11,2010-10-01,Acadia,Saint Mary's,45,10,0 ,2010-10-01,Final,20101001_q1rh,NA
https://en.usports.ca/sports/fball/2010-11/boxscores/20101008_4w3q.xml,0,1,0,0,2010-11,2010-10-08,Saint Mary's,StFX,16,43,6   ,2010-10-01,Final,20101008_4w3q,/sports/fball/2010-11/contrib/20101009faict2
https://en.usports.ca/sports/fball/2010-11/boxscores/20101015_s5jj.xml,0,1,0,0,2010-11,2010-10-15,StFX,Saint Mary's,41,6,  ,2010-10-01,Final,20101015_s5jj,NA
https://en.usports.ca/sports/fball/2010-11/boxscores/20101023_0vsd.xml,0,1,0,0,2010-11,2010-10-23,Mount Allison,Saint Mary's,43,7, ,2010-10-01,Final,20101023_0vsd,NA
https://en.usports.ca/sports/fball/2010-11/boxscores/20101030_jt7n.xml,0,1,0,0,2010-11,2010-10-30,Saint Mary's,Acadia,0,21, ,2010-10-01,Final,20101030_jt7n,NA
NA,1,0,0,0,2010-11,NA,Western,Saskatchewan,40,12,2 ,2010-08-01,Final,NA,NA
https://en.usports.ca/sports/fball/2010-11/boxscores/20100904_j9qg.xml,0,1,0,0,2010-11,2010-09-04,Saskatchewan,Calgary,13,34,3   ,2010-09-01,Final,20100904_j9qg,/sports/fball/2010-11/releases/20100904-55
https://en.usports.ca/sports/fball/2010-11/boxscores/20100910_1gfn.xml,0,1,0,0,2010-11,2010-09-10,UBC,Saskatchewan,12,31,2   ,2010-09-01,Final,20100910_1gfn,/sports/fball/2010-11/releases/20100910-3738
https://en.usports.ca/sports/fball/2010-11/boxscores/20100918_6yqa.xml,0,1,0,0,2010-11,NA,Saskatchewan,Regina,37,26,6  ,2010-09-01,Final,NA,NA
https://en.usports.ca/sports/fball/2010-11/boxscores/20100924_lz57.xml,0,1,0,0,2010-11,2010-09-24,Saskatchewan,Alberta,9,33,   ,2010-09-01,Final,20100924_lz57,/sports/fball/2010-11/releases/20100924-771
https://en.usports.ca/sports/fball/2010-11/boxscores/20101001_keju.xml,0,1,0,0,2010-11,2010-10-01,Manitoba,Saskatchewan,64,3,  ,2010-10-01,Final,20101001_keju,NA
https://en.usports.ca/sports/fball/2010-11/boxscores/20101015_zyo4.xml,0,1,0,0,2010-11,2010-10-15,Calgary,Saskatchewan,36,17,7  ,2010-10-01,Final,20101015_zyo4,NA
https://en.usports.ca/sports/fball/2010-11/boxscores/20101022_dxq0.xml,0,1,0,0,2010-11,2010-10-22,Saskatchewan,UBC,9,30,  ,2010-10-01,Final,20101022_dxq0,NA
https://en.usports.ca/sports/fball/2010-11/boxscores/20101029_s75j.xml,0,1,0,0,2010-11,2010-10-29,Regina,Saskatchewan,52,29,9 Video  ,2010-10-01,Final,20101029_s75j,NA
https://en.usports.ca/sports/fball/2010-11/boxscores/20100902_mp0l.xml,0,1,0,0,2010-11,2010-09-02,Sherbrooke,Montreal,33,29,9  ,2010-09-01,Final,20100902_mp0l,NA
https://en.usports.ca/sports/fball/2010-11/boxscores/20100911_xdt2.xml,0,1,0,0,2010-11,2010-09-11,Laval,Sherbrooke,6,36, ,2010-09-01,Final,20100911_xdt2,NA
https://en.usports.ca/sports/fball/2010-11/boxscores/20100917_9m7h.xml,0,1,0,0,2010-11,2010-09-17,Mount Allison,Sherbrooke,44,10,0   ,2010-09-01,Final,20100917_9m7h,/sports/fball/2010-11/releases/20100917-282
https://en.usports.ca/sports/fball/2010-11/boxscores/20100926_ebvc.xml,0,1,0,0,2010-11,2010-09-26,Sherbrooke,Laval,23,7,   ,2010-09-01,Final,20100926_ebvc,/sports/fball/2010-11/releases/20100926-022
https://en.usports.ca/sports/fball/2010-11/boxscores/20101002_vbku.xml,0,1,0,0,2010-11,2010-10-02,Sherbrooke,McGill,8,34, ,2010-10-01,Final,20101002_vbku,NA
https://en.usports.ca/sports/fball/2010-11/boxscores/20101008_x4hw.xml,0,1,0,0,2010-11,2010-10-08,Bishop's,Sherbrooke,10,40,0  ,2010-10-01,Final,20101008_x4hw,/sports/fball/2010-11/contrib/20101008pnzxeg
https://en.usports.ca/sports/fball/2010-11/boxscores/20101016_ovzb.xml,0,1,0,0,2010-11,2010-10-16,Concordia,Sherbrooke,39,36,6 ,2010-10-01,Final - 2OT,20101016_ovzb,NA
https://en.usports.ca/sports/fball/2010-11/boxscores/20101023_0cw9.xml,0,1,0,0,2010-11,2010-10-23,Sherbrooke,Bishop's,11,49,1 Mayor's Cup   ,2010-10-01,Final,20101023_0cw9,/sports/fball/2010-11/contrib/20101023a529l9
https://en.usports.ca/sports/fball/2010-11/boxscores/20101030_zufl.xml,0,1,0,0,2010-11,2010-10-30,McGill,Sherbrooke,43,8, ,2010-10-01,Final,20101030_zufl,NA
https://en.usports.ca/sports/fball/2010-11/boxscores/20100911_bzte.xml,0,1,0,0,2010-11,2010-09-11,StFX,Mount Allison,19,6,   ,2010-09-01,Final,20100911_bzte,/sports/fball/2010-11/releases/20100911-891
https://en.usports.ca/sports/fball/2010-11/boxscores/20100918_v2wj.xml,0,1,0,0,2010-11,2010-09-18,Montreal,StFX,10,27,0   ,2010-09-01,Final,20100918_v2wj,/sports/fball/2010-11/releases/20100918-227
https://en.usports.ca/sports/fball/2010-11/boxscores/20100925_mhd7.xml,0,1,0,0,2010-11,2010-09-25,StFX,Acadia,24,11,1  ,2010-09-01,Final,20100925_mhd7,NA
https://en.usports.ca/sports/fball/2010-11/boxscores/20101002_ilxq.xml,0,1,0,0,2010-11,2010-10-02,Mount Allison,StFX,37,26,6  ,2010-10-01,Final,20101002_ilxq,NA
https://en.usports.ca/sports/fball/2010-11/boxscores/20101008_4w3q.xml,0,1,0,0,2010-11,2010-10-08,Saint Mary's,StFX,16,43,6   ,2010-10-01,Final,20101008_4w3q,/sports/fball/2010-11/contrib/20101009faict2
https://en.usports.ca/sports/fball/2010-11/boxscores/20101015_s5jj.xml,0,1,0,0,2010-11,2010-10-15,StFX,Saint Mary's,41,6,  ,2010-10-01,Final,20101015_s5jj,NA
https://en.usports.ca/sports/fball/2010-11/boxscores/20101023_bzi1.xml,0,1,0,0,2010-11,2010-10-23,Acadia,StFX,0,34,  ,2010-10-01,Final,20101023_bzi1,NA
https://en.usports.ca/sports/fball/2010-11/boxscores/20101030_peds.xml,0,1,0,0,2010-11,2010-10-30,StFX,Mount Allison,33,12,2   ,2010-10-01,Final,20101030_peds,/sports/fball/2010-11/contrib/20101030x852r1
https://en.usports.ca/sports/fball/2010-11/boxscores/20100901_cb86.xml,0,1,0,0,2010-11,2010-09-01,Toronto,Guelph,15,13,3   Photos,2010-09-01,Final,20100901_cb86,/sports/fball/2010-11/releases/20100901-22
https://en.usports.ca/sports/fball/2010-11/boxscores/20100906_5uqp.xml,0,1,0,0,2010-11,2010-09-06,Windsor,Toronto,17,26,7  ,2010-09-01,Final,20100906_5uqp,/sports/fball/2010-11/releases/20100906-082
https://en.usports.ca/sports/fball/2010-11/boxscores/20100911_xyho.xml,0,1,0,0,2010-11,2010-09-11,Toronto,Laurier,0,1, Laurier forfeits win because of ineligible player  ,2010-09-01,Final,20100911_xyho,/sports/fball/2010-11/releases/20100911-91
https://en.usports.ca/sports/fball/2010-11/boxscores/20100918_cm6g.xml,0,1,0,0,2010-11,2010-09-18,York,Toronto,24,19,9   More  ,2010-09-01,Final,20100918_cm6g,/sports/fball/2010-11/releases/20100918-337
https://en.usports.ca/sports/fball/2010-11/boxscores/20101002_ocbp.xml,0,1,0,0,2010-11,2010-10-02,Ottawa,Toronto,40,35,5 ,2010-10-01,Final,20101002_ocbp,NA
https://en.usports.ca/sports/fball/2010-11/boxscores/20101009_ib1a.xml,0,1,0,0,2010-11,2010-10-09,Toronto,Queen's,66,1, ,2010-10-01,Final,20101009_ib1a,NA
https://en.usports.ca/sports/fball/2010-11/boxscores/20101016_bwsd.xml,0,1,0,0,2010-11,2010-10-16,McMaster,Toronto,21,40,1 ,2010-10-01,Final,20101016_bwsd,NA
https://en.usports.ca/sports/fball/2010-11/boxscores/20101023_uhaf.xml,0,1,0,0,2010-11,2010-10-23,Toronto,Western,35,23,3  ,2010-10-01,Final,20101023_uhaf,/sports/fball/2010-11/contrib/20101023dh33yw
https://en.usports.ca/sports/fball/2010-11/boxscores/20100904_4o12.xml,0,1,0,0,2010-11,2010-09-04,Alberta,UBC,28,36,8  ,2010-09-01,Final,20100904_4o12,NA
https://en.usports.ca/sports/fball/2010-11/boxscores/20100910_1gfn.xml,0,1,0,0,2010-11,2010-09-10,UBC,Saskatchewan,12,31,2   ,2010-09-01,Final,20100910_1gfn,/sports/fball/2010-11/releases/20100910-3738
https://en.usports.ca/sports/fball/2010-11/boxscores/20100918_mz6r.xml,0,1,0,0,2010-11,2010-09-18,Manitoba,UBC,17,40,7   ,2010-09-01,Final,20100918_mz6r,/sports/fball/2010-11/releases/20100918-2266
https://en.usports.ca/sports/fball/2010-11/boxscores/20100924_mj32.xml,0,1,0,0,2010-11,2010-09-24,Regina,UBC,6,41,   ,2010-09-01,Final,20100924_mj32,/sports/fball/2010-11/releases/20100924-035
NA,0,1,0,0,2010-11,NA,UBC,Calgary,33,16,6  ,2010-10-01,Final,NA,NA
https://en.usports.ca/sports/fball/2010-11/boxscores/20101016_i4wk.xml,0,1,0,0,2010-11,2010-10-16,UBC,Alberta,28,32,8  ,2010-10-01,Final,20101016_i4wk,NA
https://en.usports.ca/sports/fball/2010-11/boxscores/20101022_dxq0.xml,0,1,0,0,2010-11,2010-10-22,Saskatchewan,UBC,9,30,  ,2010-10-01,Final,20101022_dxq0,NA
https://en.usports.ca/sports/fball/2010-11/boxscores/20101030_7a4q.xml,0,1,0,0,2010-11,2010-10-30,UBC,Manitoba,35,25,5   ,2010-10-01,Final,20101030_7a4q,NA
NA,1,0,0,0,2010-11,NA,Western,Saskatchewan,40,12,2 ,2010-08-01,Final,NA,NA
https://en.usports.ca/sports/fball/2010-11/boxscores/20100901_hzet.xml,0,1,0,0,2010-11,2010-09-01,Laurier,Western,46,1, ,2010-09-01,Final,20100901_hzet,NA
https://en.usports.ca/sports/fball/2010-11/boxscores/20100906_j9xp.xml,0,1,0,0,2010-11,2010-09-06,Western,Ottawa,20,19,9 ,2010-09-01,Final,20100906_j9xp,NA
https://en.usports.ca/sports/fball/2010-11/boxscores/20100911_h9p8.xml,0,1,0,0,2010-11,2010-09-11,McMaster,Western,50,19,9 ,2010-09-01,Final,20100911_h9p8,NA
https://en.usports.ca/sports/fball/2010-11/boxscores/20100918_2lc2.xml,0,1,0,0,2010-11,2010-09-18,Western,Windsor,15,30,5 ,2010-09-01,Final,20100918_2lc2,NA
https://en.usports.ca/sports/fball/2010-11/boxscores/20100925_f4e4.xml,0,1,0,0,2010-11,2010-09-25,Western,Guelph,8,15,   Photos,2010-09-01,Final,20100925_f4e4,NA
https://en.usports.ca/sports/fball/2010-11/boxscores/20101002_oz86.xml,0,1,0,0,2010-11,2010-10-02,Queen's,Western,46,10,0 ,2010-10-01,Final,20101002_oz86,NA
https://en.usports.ca/sports/fball/2010-11/boxscores/20101016_6v34.xml,0,1,0,0,2010-11,2010-10-16,Western,York,0,76,   ,2010-10-01,Final,20101016_6v34,NA
https://en.usports.ca/sports/fball/2010-11/boxscores/20101023_uhaf.xml,0,1,0,0,2010-11,2010-10-23,Toronto,Western,35,23,3  ,2010-10-01,Final,20101023_uhaf,/sports/fball/2010-11/contrib/20101023dh33yw
https://en.usports.ca/sports/fball/2010-11/boxscores/20100831_embv.xml,0,1,0,0,2010-11,2010-08-31,Ottawa,Windsor,14,23,4  ,2010-08-01,Final,20100831_embv,/sports/fball/2010-11/releases/20100831-64
https://en.usports.ca/sports/fball/2010-11/boxscores/20100906_5uqp.xml,0,1,0,0,2010-11,2010-09-06,Windsor,Toronto,17,26,7  ,2010-09-01,Final,20100906_5uqp,/sports/fball/2010-11/releases/20100906-082
https://en.usports.ca/sports/fball/2010-11/boxscores/20100912_awwz.xml,0,1,0,0,2010-11,2010-09-12,Windsor,Queen's,40,7,  ,2010-09-01,Final,20100912_awwz,/sports/fball/2010-11/releases/20100912-072
https://en.usports.ca/sports/fball/2010-11/boxscores/20100918_2lc2.xml,0,1,0,0,2010-11,2010-09-18,Western,Windsor,15,30,5 ,2010-09-01,Final,20100918_2lc2,NA
https://en.usports.ca/sports/fball/2010-11/boxscores/20100925_blei.xml,0,1,0,0,2010-11,2010-09-25,Windsor,McMaster,39,3, ,2010-09-01,Final,20100925_blei,NA
https://en.usports.ca/sports/fball/2010-11/boxscores/20101009_8x43.xml,0,1,0,0,2010-11,2010-10-09,York,Windsor,61,15,5   ,2010-10-01,Final,20101009_8x43,NA
https://en.usports.ca/sports/fball/2010-11/boxscores/20101016_kdfz.xml,0,1,0,0,2010-11,2010-10-16,Windsor,Guelph,41,14,4 ,2010-10-01,Final,20101016_kdfz,NA
https://en.usports.ca/sports/fball/2010-11/boxscores/20101023_8o34.xml,0,1,0,0,2010-11,2010-10-23,Laurier,Windsor,16,56,6 ,2010-10-01,Final,20101023_8o34,NA
NA,1,0,0,0,2010-11,NA,York,Laval,76,0,  ,2010-08-01,Final,NA,NA
https://en.usports.ca/sports/fball/2010-11/boxscores/20100906_a9u7.xml,0,1,0,0,2010-11,2010-09-06,Guelph,York,2,26, Video  More    ,2010-09-01,Final,20100906_a9u7,/sports/fball/2010-11/releases/20100906-789
https://en.usports.ca/sports/fball/2010-11/boxscores/20100911_e4q3.xml,0,1,0,0,2010-11,2010-09-11,Ottawa,York,3,45, Video  More    ,2010-09-01,Final,20100911_e4q3,/sports/fball/2010-11/releases/20100911-002
https://en.usports.ca/sports/fball/2010-11/boxscores/20100918_cm6g.xml,0,1,0,0,2010-11,2010-09-18,York,Toronto,24,19,9   More  ,2010-09-01,Final,20100918_cm6g,/sports/fball/2010-11/releases/20100918-337
https://en.usports.ca/sports/fball/2010-11/boxscores/20100925_6o1q.xml,0,1,0,0,2010-11,2010-09-25,York,Laurier,68,14,4   More  ,2010-09-01,Final,20100925_6o1q,NA
https://en.usports.ca/sports/fball/2010-11/boxscores/20101002_uhsd.xml,0,1,0,0,2010-11,2010-10-02,McMaster,York,6,64,   More  ,2010-10-01,Final,20101002_uhsd,NA
https://en.usports.ca/sports/fball/2010-11/boxscores/20101009_8x43.xml,0,1,0,0,2010-11,2010-10-09,York,Windsor,61,15,5   ,2010-10-01,Final,20101009_8x43,NA
https://en.usports.ca/sports/fball/2010-11/boxscores/20101016_6v34.xml,0,1,0,0,2010-11,2010-10-16,Western,York,0,76,   ,2010-10-01,Final,20101016_6v34,NA
https://en.usports.ca/sports/fball/2010-11/boxscores/20101023_7hdo.xml,0,1,0,0,2010-11,2010-10-23,York,Queen's,52,14,4   ,2010-10-01,Final,20101023_7hdo,NA
https://en.usports.ca/sports/fball/2009-10/boxscores/20090912_r2uw.xml,0,1,0,0,2009-10,2009-09-12,Mount Allison,Acadia,58,15,5  ,2009-09-01,Final,20090912_r2uw,NA
https://en.usports.ca/sports/fball/2009-10/boxscores/20090919_isip.xml,0,1,0,0,2009-10,2009-09-19,Saint Mary's,Acadia,10,38,0  ,2009-09-01,Final,20090919_isip,NA
https://en.usports.ca/sports/fball/2009-10/boxscores/20090926_28v0.xml,0,1,0,0,2009-10,2009-09-26,Acadia,Montreal,34,13,3 ,2009-09-01,Final,20090926_28v0,NA
https://en.usports.ca/sports/fball/2009-10/boxscores/20091003_y25n.xml,0,1,0,0,2009-10,2009-10-03,Acadia,StFX,60,7,  ,2009-10-01,Final,20091003_y25n,NA
https://en.usports.ca/sports/fball/2009-10/boxscores/20091009_gaxr.xml,0,1,0,0,2009-10,2009-10-09,StFX,Acadia,10,21,0  ,2009-10-01,Final,20091009_gaxr,NA
https://en.usports.ca/sports/fball/2009-10/boxscores/20091017_5ugk.xml,0,1,0,0,2009-10,2009-10-17,Concordia,Acadia,5,39, ,2009-10-01,Final,20091017_5ugk,NA
https://en.usports.ca/sports/fball/2009-10/boxscores/20091024_tds0.xml,0,1,0,0,2009-10,2009-10-24,Acadia,Mount Allison,11,28,1 ,2009-10-01,Final,20091024_tds0,NA
https://en.usports.ca/sports/fball/2009-10/boxscores/20091030_hgm7.xml,0,1,0,0,2009-10,2009-10-30,Acadia,Saint Mary's,21,7, ,2009-10-01,Final,20091030_hgm7,NA
https://en.usports.ca/sports/fball/2009-10/boxscores/20090904_w209.xml,0,1,0,0,2009-10,2009-09-04,UBC,Alberta,24,25,4 ,2009-09-01,Final,20090904_w209,NA
https://en.usports.ca/sports/fball/2009-10/boxscores/20090912_fhex.xml,0,1,0,0,2009-10,2009-09-12,Alberta,Calgary,34,31,1 ,2009-09-01,Final,20090912_fhex,NA
NA,0,1,0,0,2009-10,NA,Alberta,Simon Fraser,16,28,6,2009-09-01,Final,NA,NA
NA,0,1,0,0,2009-10,NA,Saskatchewan,Alberta,27,7,NA,2009-09-01,Final,NA,NA
NA,0,1,0,0,2009-10,NA,Alberta,Manitoba,20,13,3 (1-0 Alberta; Manitoba forfeit),2009-10-01,Final,NA,NA
NA,0,1,0,0,2009-10,NA,Regina,Alberta,33,22,2,2009-10-01,Final,NA,NA
https://en.usports.ca/sports/fball/2009-10/boxscores/20091023_yu7n.xml,0,1,0,0,2009-10,2009-10-23,Alberta,Saskatchewan,39,3, ,2009-10-01,Final,20091023_yu7n,NA
NA,0,1,0,0,2009-10,NA,Calgary,Alberta,5,40,NA,2009-10-01,Final,NA,NA
https://en.usports.ca/sports/fball/2009-10/boxscores/20090904_veg9.xml,0,1,0,0,2009-10,2009-09-04,Bishop's,Sherbrooke,25,20,0 Mayor's Cup ,2009-09-01,Final,20090904_veg9,NA
https://en.usports.ca/sports/fball/2009-10/boxscores/20090912_fdtk.xml,0,1,0,0,2009-10,2009-09-12,Laval,Bishop's,6,45,   ,2009-09-01,Final,20090912_fdtk,NA
https://en.usports.ca/sports/fball/2009-10/boxscores/20090918_isua.xml,0,1,0,0,2009-10,2009-09-18,Bishop's,McGill,20,25,0  ,2009-09-01,Final,20090918_isua,NA
https://en.usports.ca/sports/fball/2009-10/boxscores/20090927_mivn.xml,0,1,0,0,2009-10,2009-09-27,Bishop's,Laval,55,7, ,2009-09-01,Final,20090927_mivn,NA
https://en.usports.ca/sports/fball/2009-10/boxscores/20091003_z0my.xml,0,1,0,0,2009-10,2009-10-03,McGill,Bishop's,19,21,9 Homecoming   ,2009-10-01,Final,20091003_z0my,NA
https://en.usports.ca/sports/fball/2009-10/boxscores/20091017_qtq9.xml,0,1,0,0,2009-10,2009-10-17,Bishop's,StFX,12,33,2 Bigg Bowl  ,2009-10-01,Final,20091017_qtq9,NA
https://en.usports.ca/sports/fball/2009-10/boxscores/20091024_m9cb.xml,0,1,0,0,2009-10,2009-10-24,Montreal,Bishop's,21,16,6  ,2009-10-01,Final,20091024_m9cb,NA
https://en.usports.ca/sports/fball/2009-10/boxscores/20091031_ox5u.xml,0,1,0,0,2009-10,2009-10-31,Concordia,Bishop's,40,38,8  ,2009-10-01,Final,20091031_ox5u,NA
https://en.usports.ca/sports/fball/2009-10/boxscores/20090904_apij.xml,0,1,0,0,2009-10,2009-09-04,Calgary,Saskatchewan,20,20,0 ,2009-09-01,Final - OT,20090904_apij,NA
https://en.usports.ca/sports/fball/2009-10/boxscores/20090912_fhex.xml,0,1,0,0,2009-10,2009-09-12,Alberta,Calgary,34,31,1 ,2009-09-01,Final,20090912_fhex,NA
https://en.usports.ca/sports/fball/2009-10/boxscores/20090918_xn9x.xml,0,1,0,0,2009-10,2009-09-18,Calgary,Regina,15,41,5 ,2009-09-01,Final,20090918_xn9x,NA
https://en.usports.ca/sports/fball/2009-10/boxscores/20090926_4trd.xml,0,1,0,0,2009-10,2009-09-26,Simon Fraser,Calgary,49,22,2 ,2009-09-01,Final,20090926_4trd,NA
https://en.usports.ca/sports/fball/2009-10/boxscores/20091003_ukz1.xml,0,1,0,0,2009-10,2009-10-03,Calgary,UBC,26,50,6 ,2009-10-01,Final,20091003_ukz1,NA
https://en.usports.ca/sports/fball/2009-10/boxscores/20091010_qqts.xml,0,1,0,0,2009-10,2009-10-10,Manitoba,Calgary,35,24,4 ,2009-10-01,Final,20091010_qqts,NA
https://en.usports.ca/sports/fball/2009-10/boxscores/20091024_rjye.xml,0,1,0,0,2009-10,2009-10-24,Regina,Calgary,47,29,9 ,2009-10-01,Final,20091024_rjye,NA
NA,0,1,0,0,2009-10,NA,Calgary,Alberta,5,40,NA,2009-10-01,Final,NA,NA
NA,0,1,0,0,2009-10,NA,Concordia,Laval,51,0,NA,2009-09-01,Final,NA,NA
NA,0,1,0,0,2009-10,NA,Montreal,Concordia,18,41,8,2009-09-01,Final,NA,NA
https://en.usports.ca/sports/fball/2009-10/boxscores/20090919_b8rk.xml,0,1,0,0,2009-10,2009-09-19,Concordia,Sherbrooke,24,14,4 ,2009-09-01,Final,20090919_b8rk,NA
https://en.usports.ca/sports/fball/2009-10/boxscores/20090926_j5a0.xml,0,1,0,0,2009-10,2009-09-26,StFX,Concordia,17,19,7  ,2009-09-01,Final,20090926_j5a0,NA
NA,0,1,0,0,2009-10,NA,Sherbrooke,Concordia,34,22,2,2009-10-01,Final,NA,NA
https://en.usports.ca/sports/fball/2009-10/boxscores/20091017_5ugk.xml,0,1,0,0,2009-10,2009-10-17,Concordia,Acadia,5,39, ,2009-10-01,Final,20091017_5ugk,NA
NA,0,1,0,0,2009-10,NA,McGill,Concordia,30,25,5 ,2009-10-01,Final,NA,NA
https://en.usports.ca/sports/fball/2009-10/boxscores/20091031_ox5u.xml,0,1,0,0,2009-10,2009-10-31,Concordia,Bishop's,40,38,8  ,2009-10-01,Final,20091031_ox5u,NA
NA,0,1,0,0,2009-10,NA,Guelph,Queen's,52,49,9,2009-09-01,Final,NA,NA
NA,0,1,0,0,2009-10,NA,York,Guelph,66,8, ,2009-09-01,Final,NA,NA
NA,0,1,0,0,2009-10,NA,Guelph,Toronto,25,53,5,2009-09-01,Final,NA,NA
NA,0,1,0,0,2009-10,NA,Western,Guelph,39,41,9,2009-09-01,Final,NA,NA
NA,0,1,0,0,2009-10,NA,Waterloo,Guelph,34,24,4,2009-10-01,Final,NA,NA
NA,0,1,0,0,2009-10,NA,Guelph,Ottawa,50,26,6,2009-10-01,Final,NA,NA
NA,0,1,0,0,2009-10,NA,Laurier,Guelph,14,21,4 ,2009-10-01,Final,NA,NA
NA,0,1,0,0,2009-10,NA,Guelph,McMaster,32,29,9,2009-10-01,Final,NA,NA
NA,0,1,0,0,2009-10,NA,Laurier,Toronto,0,36, ,2009-09-01,Final,NA,NA
NA,0,1,0,0,2009-10,NA,Laurier,Western,30,7, ,2009-09-01,Final,NA,NA
NA,0,1,0,0,2009-10,NA,Waterloo,Laurier,29,18,8 ,2009-09-01,Final,NA,NA
NA,0,1,0,0,2009-10,NA,Laurier,McMaster,14,30,4 ,2009-09-01,Final,NA,NA
NA,0,1,0,0,2009-10,NA,Ottawa,Laurier,25,27,5 ,2009-10-01,Final,NA,NA
NA,0,1,0,0,2009-10,NA,Windsor,Laurier,37,20,0 ,2009-10-01,Final,NA,NA
NA,0,1,0,0,2009-10,NA,Laurier,Guelph,14,21,4 ,2009-10-01,Final,NA,NA
NA,0,1,0,0,2009-10,NA,Queen's,Laurier,25,13,3 ,2009-10-01,Final,NA,NA
NA,0,1,0,0,2009-10,NA,Concordia,Laval,51,0,NA,2009-09-01,Final,NA,NA
https://en.usports.ca/sports/fball/2009-10/boxscores/20090912_fdtk.xml,0,1,0,0,2009-10,2009-09-12,Laval,Bishop's,6,45,   ,2009-09-01,Final,20090912_fdtk,NA
NA,0,1,0,0,2009-10,NA,Montreal,Laval,30,8,NA,2009-09-01,Final,NA,NA
https://en.usports.ca/sports/fball/2009-10/boxscores/20090927_mivn.xml,0,1,0,0,2009-10,2009-09-27,Bishop's,Laval,55,7, ,2009-09-01,Final,20090927_mivn,NA
https://en.usports.ca/sports/fball/2009-10/boxscores/20091004_nx1g.xml,0,1,0,0,2009-10,2009-10-04,Laval,Montreal,28,7, ,2009-10-01,Final,20091004_nx1g,NA
https://en.usports.ca/sports/fball/2009-10/boxscores/20091017_2tmv.xml,0,1,0,0,2009-10,2009-10-17,Mount Allison,Laval,73,7, ,2009-10-01,Final,20091017_2tmv,NA
https://en.usports.ca/sports/fball/2009-10/boxscores/20091024_d3hh.xml,0,1,0,0,2009-10,2009-10-24,Laval,Sherbrooke,5,22, ,2009-10-01,Final,20091024_d3hh,NA
NA,0,1,0,0,2009-10,NA,Laval,McGill,0,50,  ,2009-10-01,Final,NA,NA
https://en.usports.ca/sports/fball/2009-10/boxscores/20090904_9eun.xml,0,1,0,0,2009-10,2009-09-04,Manitoba,Regina,28,10,0 ,2009-09-01,Final,20090904_9eun,NA
NA,0,1,0,0,2009-10,NA,Manitoba,Simon Fraser,41,7, 7-41 (no contest; double forfeit),2009-09-01,Final,NA,NA
https://en.usports.ca/sports/fball/2009-10/boxscores/20090919_8z7n.xml,0,1,0,0,2009-10,2009-09-19,UBC,Manitoba,36,10,0 (1-0 UBC; Manitoba forfeit) ,2009-09-01,Final,20090919_8z7n,NA
NA,0,1,0,0,2009-10,NA,Alberta,Manitoba,20,13,3 (1-0 Alberta; Manitoba forfeit),2009-10-01,Final,NA,NA
https://en.usports.ca/sports/fball/2009-10/boxscores/20091010_qqts.xml,0,1,0,0,2009-10,2009-10-10,Manitoba,Calgary,35,24,4 ,2009-10-01,Final,20091010_qqts,NA
NA,0,1,0,0,2009-10,NA,Saskatchewan,Manitoba,11,31,1,2009-10-01,Final,NA,NA
https://en.usports.ca/sports/fball/2009-10/boxscores/20091023_2hsy.xml,0,1,0,0,2009-10,2009-10-23,Manitoba,UBC,17,25,7 ,2009-10-01,Final,20091023_2hsy,NA
NA,0,1,0,0,2009-10,NA,Simon Fraser,Manitoba,31,28,8,2009-10-01,Final,NA,NA
https://en.usports.ca/sports/fball/2009-10/boxscores/20090903_i7gc.xml,0,1,0,0,2009-10,2009-09-03,McGill,Montreal,66,14,4  ,2009-09-01,Final,20090903_i7gc,NA
NA,0,1,0,0,2009-10,NA,Sherbrooke,McGill,29,11,1 ,2009-09-01,Final,NA,NA
https://en.usports.ca/sports/fball/2009-10/boxscores/20090918_isua.xml,0,1,0,0,2009-10,2009-09-18,Bishop's,McGill,20,25,0  ,2009-09-01,Final,20090918_isua,NA
https://en.usports.ca/sports/fball/2009-10/boxscores/20090926_o03m.xml,0,1,0,0,2009-10,2009-09-26,McGill,Mount Allison,27,49,7  ,2009-09-01,Final,20090926_o03m,NA
https://en.usports.ca/sports/fball/2009-10/boxscores/20091003_z0my.xml,0,1,0,0,2009-10,2009-10-03,McGill,Bishop's,19,21,9 Homecoming   ,2009-10-01,Final,20091003_z0my,NA
https://en.usports.ca/sports/fball/2009-10/boxscores/20091017_y3k5.xml,0,1,0,0,2009-10,2009-10-17,Saint Mary's,McGill,23,39,3  ,2009-10-01,Final,20091017_y3k5,NA
NA,0,1,0,0,2009-10,NA,McGill,Concordia,30,25,5 ,2009-10-01,Final,NA,NA
NA,0,1,0,0,2009-10,NA,Laval,McGill,0,50,  ,2009-10-01,Final,NA,NA
NA,0,1,0,0,2009-10,NA,Waterloo,McMaster,52,21,1,2009-09-01,Final,NA,NA
NA,0,1,0,0,2009-10,NA,McMaster,Queen's,8,7,NA,2009-09-01,Final,NA,NA
NA,0,1,0,0,2009-10,NA,McMaster,York,8,49, Video ,2009-09-01,Final,NA,NA
NA,0,1,0,0,2009-10,NA,Laurier,McMaster,14,30,4 ,2009-09-01,Final,NA,NA
NA,0,1,0,0,2009-10,NA,McMaster,Western,35,42,5,2009-10-01,Final,NA,NA
NA,0,1,0,0,2009-10,NA,Toronto,McMaster,21,3,NA,2009-10-01,Final,NA,NA
NA,0,1,0,0,2009-10,NA,McMaster,Windsor,14,15,4,2009-10-01,Final - OT,NA,NA
NA,0,1,0,0,2009-10,NA,Guelph,McMaster,32,29,9,2009-10-01,Final,NA,NA
https://en.usports.ca/sports/fball/2009-10/boxscores/20090903_i7gc.xml,0,1,0,0,2009-10,2009-09-03,McGill,Montreal,66,14,4  ,2009-09-01,Final,20090903_i7gc,NA
NA,0,1,0,0,2009-10,NA,Montreal,Concordia,18,41,8,2009-09-01,Final,NA,NA
NA,0,1,0,0,2009-10,NA,Montreal,Laval,30,8,NA,2009-09-01,Final,NA,NA
https://en.usports.ca/sports/fball/2009-10/boxscores/20090926_28v0.xml,0,1,0,0,2009-10,2009-09-26,Acadia,Montreal,34,13,3 ,2009-09-01,Final,20090926_28v0,NA
https://en.usports.ca/sports/fball/2009-10/boxscores/20091004_nx1g.xml,0,1,0,0,2009-10,2009-10-04,Laval,Montreal,28,7, ,2009-10-01,Final,20091004_nx1g,NA
https://en.usports.ca/sports/fball/2009-10/boxscores/20091017_m0jf.xml,0,1,0,0,2009-10,2009-10-17,Montreal,Sherbrooke,34,15,5 ,2009-10-01,Final,20091017_m0jf,NA
https://en.usports.ca/sports/fball/2009-10/boxscores/20091024_m9cb.xml,0,1,0,0,2009-10,2009-10-24,Montreal,Bishop's,21,16,6  ,2009-10-01,Final,20091024_m9cb,NA
NA,0,1,0,0,2009-10,NA,Sherbrooke,Montreal,14,9,NA,2009-10-01,Final,NA,NA
https://en.usports.ca/sports/fball/2009-10/boxscores/20090912_r2uw.xml,0,1,0,0,2009-10,2009-09-12,Mount Allison,Acadia,58,15,5  ,2009-09-01,Final,20090912_r2uw,NA
https://en.usports.ca/sports/fball/2009-10/boxscores/20090919_4fwl.xml,0,1,0,0,2009-10,2009-09-19,StFX,Mount Allison,21,27,1  ,2009-09-01,Final,20090919_4fwl,NA
https://en.usports.ca/sports/fball/2009-10/boxscores/20090926_o03m.xml,0,1,0,0,2009-10,2009-09-26,McGill,Mount Allison,27,49,7  ,2009-09-01,Final,20090926_o03m,NA
https://en.usports.ca/sports/fball/2009-10/boxscores/20091002_vc2q.xml,0,1,0,0,2009-10,2009-10-02,Mount Allison,Saint Mary's,47,18,8 ,2009-10-01,Final,20091002_vc2q,NA
https://en.usports.ca/sports/fball/2009-10/boxscores/20091010_jjhx.xml,0,1,0,0,2009-10,2009-10-10,Saint Mary's,Mount Allison,7,35, ,2009-10-01,Final,20091010_jjhx,NA
https://en.usports.ca/sports/fball/2009-10/boxscores/20091017_2tmv.xml,0,1,0,0,2009-10,2009-10-17,Mount Allison,Laval,73,7, ,2009-10-01,Final,20091017_2tmv,NA
https://en.usports.ca/sports/fball/2009-10/boxscores/20091024_tds0.xml,0,1,0,0,2009-10,2009-10-24,Acadia,Mount Allison,11,28,1 ,2009-10-01,Final,20091024_tds0,NA
https://en.usports.ca/sports/fball/2009-10/boxscores/20091030_lcqk.xml,0,1,0,0,2009-10,2009-10-30,Mount Allison,StFX,31,18,8  ,2009-10-01,Final,20091030_lcqk,NA
NA,0,1,0,0,2009-10,NA,Western,Ottawa,17,32,7,2009-09-01,Final,NA,NA
NA,0,1,0,0,2009-10,NA,Ottawa,Waterloo,11,45,1,2009-09-01,Final,NA,NA
NA,0,1,0,0,2009-10,NA,Queen's,Ottawa,8,20,NA,2009-09-01,Final,NA,NA
NA,0,1,0,0,2009-10,NA,Ottawa,Toronto,15,35,5,2009-09-01,Final,NA,NA
NA,0,1,0,0,2009-10,NA,Ottawa,Laurier,25,27,5 ,2009-10-01,Final,NA,NA
NA,0,1,0,0,2009-10,NA,Guelph,Ottawa,50,26,6,2009-10-01,Final,NA,NA
NA,0,1,0,0,2009-10,NA,Ottawa,York,31,54,1 Video ,2009-10-01,Final,NA,NA
NA,0,1,0,0,2009-10,NA,Windsor,Ottawa,24,9,NA,2009-10-01,Final,NA,NA
NA,0,1,0,0,2009-10,NA,Guelph,Queen's,52,49,9,2009-09-01,Final,NA,NA
NA,0,1,0,0,2009-10,NA,McMaster,Queen's,8,7,NA,2009-09-01,Final,NA,NA
NA,0,1,0,0,2009-10,NA,Queen's,Ottawa,8,20,NA,2009-09-01,Final,NA,NA
NA,0,1,0,0,2009-10,NA,York,Queen's,67,0, ,2009-09-01,Final,NA,NA
NA,0,1,0,0,2009-10,NA,Queen's,Windsor,13,42,3,2009-10-01,Final,NA,NA
NA,0,1,0,0,2009-10,NA,Queen's,Waterloo,21,43,1,2009-10-01,Final,NA,NA
https://en.usports.ca/sports/fball/2009-10/boxscores/20091017_iuob.xml,0,1,0,0,2009-10,2009-10-17,Western,Queen's,27,26,6 ,2009-10-01,Final,20091017_iuob,NA
NA,0,1,0,0,2009-10,NA,Queen's,Laurier,25,13,3 ,2009-10-01,Final,NA,NA
https://en.usports.ca/sports/fball/2009-10/boxscores/20090904_9eun.xml,0,1,0,0,2009-10,2009-09-04,Manitoba,Regina,28,10,0 ,2009-09-01,Final,20090904_9eun,NA
https://en.usports.ca/sports/fball/2009-10/boxscores/20090911_tjew.xml,0,1,0,0,2009-10,2009-09-11,Regina,Saskatchewan,10,9, ,2009-09-01,Final,20090911_tjew,NA
https://en.usports.ca/sports/fball/2009-10/boxscores/20090918_xn9x.xml,0,1,0,0,2009-10,2009-09-18,Calgary,Regina,15,41,5 ,2009-09-01,Final,20090918_xn9x,NA
https://en.usports.ca/sports/fball/2009-10/boxscores/20090926_c8zc.xml,0,1,0,0,2009-10,2009-09-26,Regina,UBC,17,28,7 ,2009-09-01,Final,20090926_c8zc,NA
https://en.usports.ca/sports/fball/2009-10/boxscores/20091009_k9y8.xml,0,1,0,0,2009-10,2009-10-09,Simon Fraser,Regina,26,24,4 ,2009-10-01,Final,20091009_k9y8,NA
NA,0,1,0,0,2009-10,NA,Regina,Alberta,33,22,2,2009-10-01,Final,NA,NA
https://en.usports.ca/sports/fball/2009-10/boxscores/20091024_rjye.xml,0,1,0,0,2009-10,2009-10-24,Regina,Calgary,47,29,9 ,2009-10-01,Final,20091024_rjye,NA
NA,0,1,0,0,2009-10,NA,Saskatchewan,Regina,17,42,7,2009-10-01,Final,NA,NA
https://en.usports.ca/sports/fball/2009-10/boxscores/20090912_p7i2.xml,0,1,0,0,2009-10,2009-09-12,Saint Mary's,StFX,24,19,9   ,2009-09-01,Final,20090912_p7i2,NA
https://en.usports.ca/sports/fball/2009-10/boxscores/20090919_isip.xml,0,1,0,0,2009-10,2009-09-19,Saint Mary's,Acadia,10,38,0  ,2009-09-01,Final,20090919_isip,NA
https://en.usports.ca/sports/fball/2009-10/boxscores/20090926_fwxw.xml,0,1,0,0,2009-10,2009-09-26,Sherbrooke,Saint Mary's,26,23,3 ,2009-09-01,Final,20090926_fwxw,NA
https://en.usports.ca/sports/fball/2009-10/boxscores/20091002_vc2q.xml,0,1,0,0,2009-10,2009-10-02,Mount Allison,Saint Mary's,47,18,8 ,2009-10-01,Final,20091002_vc2q,NA
https://en.usports.ca/sports/fball/2009-10/boxscores/20091010_jjhx.xml,0,1,0,0,2009-10,2009-10-10,Saint Mary's,Mount Allison,7,35, ,2009-10-01,Final,20091010_jjhx,NA
https://en.usports.ca/sports/fball/2009-10/boxscores/20091017_y3k5.xml,0,1,0,0,2009-10,2009-10-17,Saint Mary's,McGill,23,39,3  ,2009-10-01,Final,20091017_y3k5,NA
https://en.usports.ca/sports/fball/2009-10/boxscores/20091023_qw3k.xml,0,1,0,0,2009-10,2009-10-23,StFX,Saint Mary's,41,7,  ,2009-10-01,Final,20091023_qw3k,NA
https://en.usports.ca/sports/fball/2009-10/boxscores/20091030_hgm7.xml,0,1,0,0,2009-10,2009-10-30,Acadia,Saint Mary's,21,7, ,2009-10-01,Final,20091030_hgm7,NA
https://en.usports.ca/sports/fball/2009-10/boxscores/20090904_apij.xml,0,1,0,0,2009-10,2009-09-04,Calgary,Saskatchewan,20,20,0 ,2009-09-01,Final - OT,20090904_apij,NA
https://en.usports.ca/sports/fball/2009-10/boxscores/20090911_tjew.xml,0,1,0,0,2009-10,2009-09-11,Regina,Saskatchewan,10,9, ,2009-09-01,Final,20090911_tjew,NA
NA,0,1,0,0,2009-10,NA,Saskatchewan,Alberta,27,7,NA,2009-09-01,Final,NA,NA
NA,0,1,0,0,2009-10,NA,Saskatchewan,Simon Fraser,18,18,8,2009-10-01,Final,NA,NA
https://en.usports.ca/sports/fball/2009-10/boxscores/20091009_0nft.xml,0,1,0,0,2009-10,2009-10-09,UBC,Saskatchewan,44,7,  ,2009-10-01,Final,20091009_0nft,NA
NA,0,1,0,0,2009-10,NA,Saskatchewan,Manitoba,11,31,1,2009-10-01,Final,NA,NA
https://en.usports.ca/sports/fball/2009-10/boxscores/20091023_yu7n.xml,0,1,0,0,2009-10,2009-10-23,Alberta,Saskatchewan,39,3, ,2009-10-01,Final,20091023_yu7n,NA
NA,0,1,0,0,2009-10,NA,Saskatchewan,Regina,17,42,7,2009-10-01,Final,NA,NA
https://en.usports.ca/sports/fball/2009-10/boxscores/20090904_veg9.xml,0,1,0,0,2009-10,2009-09-04,Bishop's,Sherbrooke,25,20,0 Mayor's Cup ,2009-09-01,Final,20090904_veg9,NA
NA,0,1,0,0,2009-10,NA,Sherbrooke,McGill,29,11,1 ,2009-09-01,Final,NA,NA
https://en.usports.ca/sports/fball/2009-10/boxscores/20090919_b8rk.xml,0,1,0,0,2009-10,2009-09-19,Concordia,Sherbrooke,24,14,4 ,2009-09-01,Final,20090919_b8rk,NA
https://en.usports.ca/sports/fball/2009-10/boxscores/20090926_fwxw.xml,0,1,0,0,2009-10,2009-09-26,Sherbrooke,Saint Mary's,26,23,3 ,2009-09-01,Final,20090926_fwxw,NA
NA,0,1,0,0,2009-10,NA,Sherbrooke,Concordia,34,22,2,2009-10-01,Final,NA,NA
https://en.usports.ca/sports/fball/2009-10/boxscores/20091017_m0jf.xml,0,1,0,0,2009-10,2009-10-17,Montreal,Sherbrooke,34,15,5 ,2009-10-01,Final,20091017_m0jf,NA
https://en.usports.ca/sports/fball/2009-10/boxscores/20091024_d3hh.xml,0,1,0,0,2009-10,2009-10-24,Laval,Sherbrooke,5,22, ,2009-10-01,Final,20091024_d3hh,NA
NA,0,1,0,0,2009-10,NA,Sherbrooke,Montreal,14,9,NA,2009-10-01,Final,NA,NA
https://en.usports.ca/sports/fball/2009-10/boxscores/20090829_5s7o.xml,0,1,0,0,2009-10,2009-08-29,Simon Fraser,UBC,1,0, 1-0 UBC by SFU forfeit ,2009-08-01,Final,20090829_5s7o,NA
NA,0,1,0,0,2009-10,NA,Manitoba,Simon Fraser,41,7, 7-41 (no contest; double forfeit),2009-09-01,Final,NA,NA
NA,0,1,0,0,2009-10,NA,Alberta,Simon Fraser,16,28,6,2009-09-01,Final,NA,NA
https://en.usports.ca/sports/fball/2009-10/boxscores/20090926_4trd.xml,0,1,0,0,2009-10,2009-09-26,Simon Fraser,Calgary,49,22,2 ,2009-09-01,Final,20090926_4trd,NA
NA,0,1,0,0,2009-10,NA,Saskatchewan,Simon Fraser,18,18,8,2009-10-01,Final,NA,NA
https://en.usports.ca/sports/fball/2009-10/boxscores/20091009_k9y8.xml,0,1,0,0,2009-10,2009-10-09,Simon Fraser,Regina,26,24,4 ,2009-10-01,Final,20091009_k9y8,NA
https://en.usports.ca/sports/fball/2009-10/boxscores/20091017_eaw5.xml,0,1,0,0,2009-10,2009-10-17,UBC,Simon Fraser,30,1, ,2009-10-01,Final,20091017_eaw5,NA
NA,0,1,0,0,2009-10,NA,Simon Fraser,Manitoba,31,28,8,2009-10-01,Final,NA,NA
https://en.usports.ca/sports/fball/2009-10/boxscores/20090912_p7i2.xml,0,1,0,0,2009-10,2009-09-12,Saint Mary's,StFX,24,19,9   ,2009-09-01,Final,20090912_p7i2,NA
https://en.usports.ca/sports/fball/2009-10/boxscores/20090919_4fwl.xml,0,1,0,0,2009-10,2009-09-19,StFX,Mount Allison,21,27,1  ,2009-09-01,Final,20090919_4fwl,NA
https://en.usports.ca/sports/fball/2009-10/boxscores/20090926_j5a0.xml,0,1,0,0,2009-10,2009-09-26,StFX,Concordia,17,19,7  ,2009-09-01,Final,20090926_j5a0,NA
https://en.usports.ca/sports/fball/2009-10/boxscores/20091003_y25n.xml,0,1,0,0,2009-10,2009-10-03,Acadia,StFX,60,7,  ,2009-10-01,Final,20091003_y25n,NA
https://en.usports.ca/sports/fball/2009-10/boxscores/20091009_gaxr.xml,0,1,0,0,2009-10,2009-10-09,StFX,Acadia,10,21,0  ,2009-10-01,Final,20091009_gaxr,NA
https://en.usports.ca/sports/fball/2009-10/boxscores/20091017_qtq9.xml,0,1,0,0,2009-10,2009-10-17,Bishop's,StFX,12,33,2 Bigg Bowl  ,2009-10-01,Final,20091017_qtq9,NA
https://en.usports.ca/sports/fball/2009-10/boxscores/20091023_qw3k.xml,0,1,0,0,2009-10,2009-10-23,StFX,Saint Mary's,41,7,  ,2009-10-01,Final,20091023_qw3k,NA
https://en.usports.ca/sports/fball/2009-10/boxscores/20091030_lcqk.xml,0,1,0,0,2009-10,2009-10-30,Mount Allison,StFX,31,18,8  ,2009-10-01,Final,20091030_lcqk,NA
NA,0,1,0,0,2009-10,NA,Laurier,Toronto,0,36, ,2009-09-01,Final,NA,NA
https://en.usports.ca/sports/fball/2009-10/boxscores/20090912_j5up.xml,0,1,0,0,2009-10,2009-09-12,Toronto,Windsor,30,3, ,2009-09-01,Final,20090912_j5up,NA
NA,0,1,0,0,2009-10,NA,Guelph,Toronto,25,53,5,2009-09-01,Final,NA,NA
NA,0,1,0,0,2009-10,NA,Ottawa,Toronto,15,35,5,2009-09-01,Final,NA,NA
NA,0,1,0,0,2009-10,NA,Toronto,York,27,45,7 Video ,2009-10-01,Final,NA,NA
NA,0,1,0,0,2009-10,NA,Toronto,McMaster,21,3,NA,2009-10-01,Final,NA,NA
NA,0,1,0,0,2009-10,NA,Waterloo,Toronto,7,30,NA,2009-10-01,Final,NA,NA
https://en.usports.ca/sports/fball/2009-10/boxscores/20091024_vv0t.xml,0,1,0,0,2009-10,2009-10-24,Toronto,Western,47,0, ,2009-10-01,Final,20091024_vv0t,NA
https://en.usports.ca/sports/fball/2009-10/boxscores/20090829_5s7o.xml,0,1,0,0,2009-10,2009-08-29,Simon Fraser,UBC,1,0, 1-0 UBC by SFU forfeit ,2009-08-01,Final,20090829_5s7o,NA
https://en.usports.ca/sports/fball/2009-10/boxscores/20090904_w209.xml,0,1,0,0,2009-10,2009-09-04,UBC,Alberta,24,25,4 ,2009-09-01,Final,20090904_w209,NA
https://en.usports.ca/sports/fball/2009-10/boxscores/20090919_8z7n.xml,0,1,0,0,2009-10,2009-09-19,UBC,Manitoba,36,10,0 (1-0 UBC; Manitoba forfeit) ,2009-09-01,Final,20090919_8z7n,NA
https://en.usports.ca/sports/fball/2009-10/boxscores/20090926_c8zc.xml,0,1,0,0,2009-10,2009-09-26,Regina,UBC,17,28,7 ,2009-09-01,Final,20090926_c8zc,NA
https://en.usports.ca/sports/fball/2009-10/boxscores/20091003_ukz1.xml,0,1,0,0,2009-10,2009-10-03,Calgary,UBC,26,50,6 ,2009-10-01,Final,20091003_ukz1,NA
https://en.usports.ca/sports/fball/2009-10/boxscores/20091009_0nft.xml,0,1,0,0,2009-10,2009-10-09,UBC,Saskatchewan,44,7,  ,2009-10-01,Final,20091009_0nft,NA
https://en.usports.ca/sports/fball/2009-10/boxscores/20091017_eaw5.xml,0,1,0,0,2009-10,2009-10-17,UBC,Simon Fraser,30,1, ,2009-10-01,Final,20091017_eaw5,NA
https://en.usports.ca/sports/fball/2009-10/boxscores/20091023_2hsy.xml,0,1,0,0,2009-10,2009-10-23,Manitoba,UBC,17,25,7 ,2009-10-01,Final,20091023_2hsy,NA
NA,0,1,0,0,2009-10,NA,Waterloo,McMaster,52,21,1,2009-09-01,Final,NA,NA
NA,0,1,0,0,2009-10,NA,Ottawa,Waterloo,11,45,1,2009-09-01,Final,NA,NA
NA,0,1,0,0,2009-10,NA,Waterloo,Laurier,29,18,8 ,2009-09-01,Final,NA,NA
NA,0,1,0,0,2009-10,NA,Windsor,Waterloo,49,0,NA,2009-09-01,Final,NA,NA
NA,0,1,0,0,2009-10,NA,Waterloo,Guelph,34,24,4,2009-10-01,Final,NA,NA
NA,0,1,0,0,2009-10,NA,Queen's,Waterloo,21,43,1,2009-10-01,Final,NA,NA
NA,0,1,0,0,2009-10,NA,Waterloo,Toronto,7,30,NA,2009-10-01,Final,NA,NA
NA,0,1,0,0,2009-10,NA,York,Waterloo,52,3, ,2009-10-01,Final,NA,NA
NA,0,1,0,0,2009-10,NA,Western,Ottawa,17,32,7,2009-09-01,Final,NA,NA
NA,0,1,0,0,2009-10,NA,Laurier,Western,30,7, ,2009-09-01,Final,NA,NA
NA,0,1,0,0,2009-10,NA,Western,Windsor,7,60,NA,2009-09-01,Final,NA,NA
NA,0,1,0,0,2009-10,NA,Western,Guelph,39,41,9,2009-09-01,Final,NA,NA
NA,0,1,0,0,2009-10,NA,McMaster,Western,35,42,5,2009-10-01,Final,NA,NA
NA,0,1,0,0,2009-10,NA,York,Western,64,6, ,2009-10-01,Final,NA,NA
https://en.usports.ca/sports/fball/2009-10/boxscores/20091017_iuob.xml,0,1,0,0,2009-10,2009-10-17,Western,Queen's,27,26,6 ,2009-10-01,Final,20091017_iuob,NA
https://en.usports.ca/sports/fball/2009-10/boxscores/20091024_vv0t.xml,0,1,0,0,2009-10,2009-10-24,Toronto,Western,47,0, ,2009-10-01,Final,20091024_vv0t,NA
NA,0,1,0,0,2009-10,NA,Windsor,York,14,17,4 Video ,2009-09-01,Final,NA,NA
https://en.usports.ca/sports/fball/2009-10/boxscores/20090912_j5up.xml,0,1,0,0,2009-10,2009-09-12,Toronto,Windsor,30,3, ,2009-09-01,Final,20090912_j5up,NA
NA,0,1,0,0,2009-10,NA,Western,Windsor,7,60,NA,2009-09-01,Final,NA,NA
NA,0,1,0,0,2009-10,NA,Windsor,Waterloo,49,0,NA,2009-09-01,Final,NA,NA
NA,0,1,0,0,2009-10,NA,Queen's,Windsor,13,42,3,2009-10-01,Final,NA,NA
NA,0,1,0,0,2009-10,NA,Windsor,Laurier,37,20,0 ,2009-10-01,Final,NA,NA
NA,0,1,0,0,2009-10,NA,McMaster,Windsor,14,15,4,2009-10-01,Final - OT,NA,NA
NA,0,1,0,0,2009-10,NA,Windsor,Ottawa,24,9,NA,2009-10-01,Final,NA,NA
NA,0,1,0,0,2009-10,NA,Windsor,York,14,17,4 Video ,2009-09-01,Final,NA,NA
NA,0,1,0,0,2009-10,NA,York,Guelph,66,8, ,2009-09-01,Final,NA,NA
NA,0,1,0,0,2009-10,NA,McMaster,York,8,49, Video ,2009-09-01,Final,NA,NA
NA,0,1,0,0,2009-10,NA,York,Queen's,67,0, ,2009-09-01,Final,NA,NA
NA,0,1,0,0,2009-10,NA,Toronto,York,27,45,7 Video ,2009-10-01,Final,NA,NA
NA,0,1,0,0,2009-10,NA,York,Western,64,6, ,2009-10-01,Final,NA,NA
NA,0,1,0,0,2009-10,NA,Ottawa,York,31,54,1 Video ,2009-10-01,Final,NA,NA
NA,0,1,0,0,2009-10,NA,York,Waterloo,52,3, ,2009-10-01,Final,NA,NA
