box_scores,exhibition,conference,costSeason,division,season,date,away,home,home_score,away_score,notes,month,status,game_id,data-recap
https://en.usports.ca/sports/fh/2024-25c/boxscores/20241031_c70z.xml,1,1,1,0,2024-25c,2024-10-31,UPEI,York,5,0," Round-robin, Game #2 ",October 2024,Final,20241031_c70z,NA
NA,1,1,1,0,2024-25c,NA,Victoria,UPEI,0,5," Round-robin, Game #3",November 2024,Final,NA,NA
https://en.usports.ca/sports/fh/2024-25c/boxscores/20241102_muts.xml,0,1,1,0,2024-25c,2024-11-02,UPEI,Waterloo,3,0, ,November 2024,Final,20241102_muts,NA
https://en.usports.ca/sports/fh/2024-25c/boxscores/20241103_j88n.xml,0,0,1,0,2024-25c,2024-11-03,UPEI,Waterloo,5,0, Bronze Medal / Médaille bronze ,November 2024,Final,20241103_j88n,NA
NA,1,1,1,0,2024-25c,NA,Waterloo,Victoria,2,0," Round-robin, Game #1",October 2024,Final,NA,NA
NA,1,1,1,0,2024-25c,NA,UPEI,Victoria,5,0," Round-robin, Game #3",November 2024,Final,NA,NA
NA,1,1,1,0,2024-25c,NA,Victoria,York,0,3," Round-robin, Game #5",November 2024,Final,NA,NA
https://en.usports.ca/sports/fh/2024-25c/boxscores/20241103_ndg9.xml,0,0,1,0,2024-25c,2024-11-03,Victoria,York,0,1, Championship / Championnat ,November 2024,Final,20241103_ndg9,NA
NA,1,1,1,0,2024-25c,NA,Victoria,Waterloo,0,2," Round-robin, Game #1",October 2024,Final,NA,NA
https://en.usports.ca/sports/fh/2024-25c/boxscores/20241101_oxi8.xml,0,1,1,0,2024-25c,2024-11-01,Waterloo,York,2,0, ,November 2024,Final,20241101_oxi8,NA
https://en.usports.ca/sports/fh/2024-25c/boxscores/20241102_muts.xml,0,1,1,0,2024-25c,2024-11-02,UPEI,Waterloo,3,0, ,November 2024,Final,20241102_muts,NA
https://en.usports.ca/sports/fh/2024-25c/boxscores/20241103_j88n.xml,0,0,1,0,2024-25c,2024-11-03,UPEI,Waterloo,5,0, Bronze Medal / Médaille bronze ,November 2024,Final,20241103_j88n,NA
https://en.usports.ca/sports/fh/2024-25c/boxscores/20241031_c70z.xml,1,1,1,0,2024-25c,2024-10-31,UPEI,York,5,0," Round-robin, Game #2 ",October 2024,Final,20241031_c70z,NA
https://en.usports.ca/sports/fh/2024-25c/boxscores/20241101_oxi8.xml,0,1,1,0,2024-25c,2024-11-01,Waterloo,York,2,0, ,November 2024,Final,20241101_oxi8,NA
NA,1,1,1,0,2024-25c,NA,Victoria,York,0,3," Round-robin, Game #5",November 2024,Final,NA,NA
https://en.usports.ca/sports/fh/2024-25c/boxscores/20241103_ndg9.xml,0,0,1,0,2024-25c,2024-11-03,Victoria,York,0,1, Championship / Championnat ,November 2024,Final,20241103_ndg9,NA
https://en.usports.ca/sports/fh/2023-24p/boxscores/20231018_dpqf.xml,0,0,1,0,2023-24p,2023-10-18,Western,Guelph,2,0, Round 1 ,October 2023,Final,20231018_dpqf,NA
https://en.usports.ca/sports/fh/2023-24p/boxscores/20231021_dzml.xml,0,0,1,0,2023-24p,2023-10-21,Guelph,York,3,1, Semifinal ,October 2023,Final,20231021_dzml,NA
https://en.usports.ca/sports/fh/2023-24p/boxscores/20231021_0sv6.xml,0,0,1,0,2023-24p,2023-10-21,Toronto,Waterloo,0,1, Semifinal ,October 2023,Final - 2OT,20231021_0sv6,NA
NA,0,0,1,0,2023-24p,NA,Toronto,York,0,0, OUA Championship - Toronto wins 4-1 on penalty strokes,October 2023,Final - PS Away,NA,NA
https://en.usports.ca/sports/fh/2023-24p/boxscores/20231021_0sv6.xml,0,0,1,0,2023-24p,2023-10-21,Toronto,Waterloo,0,1, Semifinal ,October 2023,Final - 2OT,20231021_0sv6,NA
https://en.usports.ca/sports/fh/2023-24p/boxscores/20231018_dpqf.xml,0,0,1,0,2023-24p,2023-10-18,Western,Guelph,2,0, Round 1 ,October 2023,Final,20231018_dpqf,NA
https://en.usports.ca/sports/fh/2023-24p/boxscores/20231021_dzml.xml,0,0,1,0,2023-24p,2023-10-21,Guelph,York,3,1, Semifinal ,October 2023,Final,20231021_dzml,NA
NA,0,0,1,0,2023-24p,NA,Toronto,York,0,0, OUA Championship - Toronto wins 4-1 on penalty strokes,October 2023,Final - PS Away,NA,NA
https://en.usports.ca/sports/fh/2023-24c/boxscores/20231103_yg80.xml,0,0,1,0,2023-24c,2023-11-03,Victoria,Toronto,1,1, U SPORTS Championship (Game 1) - Toronto wins shootout 3-2 - Toronto leads series 1-0   ,November 2023,Final - PS Home,20231103_yg80,/sports/fh/2023-24c/releases/20231103wls44j
https://en.usports.ca/sports/fh/2023-24c/boxscores/20231104_e9fj.xml,0,0,1,0,2023-24c,2023-11-04,Victoria,Toronto,0,1, U SPORTS Championship (Game 2)   ,November 2023,Final,20231104_e9fj,/sports/fh/2023-24c/releases/20240401vhaasq
https://en.usports.ca/sports/fh/2023-24c/boxscores/20231105_ysnq.xml,0,0,1,0,2023-24c,2023-11-05,Victoria,Toronto,0,3," U SPORTS Championship (Game 3, if necessary)   ",November 2023,Final,20231105_ysnq,/sports/fh/2023-24c/releases/20240216ksrs23
https://en.usports.ca/sports/fh/2023-24c/boxscores/20231103_yg80.xml,0,0,1,0,2023-24c,2023-11-03,Victoria,Toronto,1,1, U SPORTS Championship (Game 1) - Toronto wins shootout 3-2 - Toronto leads series 1-0   ,November 2023,Final - PS Home,20231103_yg80,/sports/fh/2023-24c/releases/20231103wls44j
https://en.usports.ca/sports/fh/2023-24c/boxscores/20231104_e9fj.xml,0,0,1,0,2023-24c,2023-11-04,Victoria,Toronto,0,1, U SPORTS Championship (Game 2)   ,November 2023,Final,20231104_e9fj,/sports/fh/2023-24c/releases/20240401vhaasq
https://en.usports.ca/sports/fh/2023-24c/boxscores/20231105_ysnq.xml,0,0,1,0,2023-24c,2023-11-05,Victoria,Toronto,0,3," U SPORTS Championship (Game 3, if necessary)   ",November 2023,Final,20231105_ysnq,/sports/fh/2023-24c/releases/20240216ksrs23
https://en.usports.ca/sports/fh/2023-24/boxscores/20230909_4b3b.xml,0,1,0,0,2023-24,2023-09-09,UBC,Calgary,3,0, Game forfeited by UBC due to the use of an ineligible player. Score was 0-0 (4-3) UBC. ,September 2023,Final - Forfeit Away,20230909_4b3b,NA
https://en.usports.ca/sports/fh/2023-24/boxscores/20230910_jc3m.xml,0,1,0,0,2023-24,2023-09-10,UBC,Calgary,3,0, Game forfeited by UBC due to the use of an ineligible player. Score was 1-0 UBC. ,September 2023,Final - Forfeit Away,20230910_jc3m,NA
https://en.usports.ca/sports/fh/2023-24/boxscores/20230916_0uhl.xml,0,1,0,0,2023-24,2023-09-16,Victoria,Calgary,1,1, (3-0 VIC) ,September 2023,Final - PS Away,20230916_0uhl,NA
https://en.usports.ca/sports/fh/2023-24/boxscores/20230917_cjgv.xml,0,1,0,0,2023-24,2023-09-17,Victoria,Calgary,2,2, (5-4 CGY) ,September 2023,Final - PS Home,20230917_cjgv,NA
https://en.usports.ca/sports/fh/2023-24/boxscores/20230930_zgwj.xml,0,1,0,0,2023-24,2023-09-30,Calgary,Victoria,4,0, ,September 2023,Final,20230930_zgwj,NA
https://en.usports.ca/sports/fh/2023-24/boxscores/20231001_9vkq.xml,0,1,0,0,2023-24,2023-10-01,Calgary,Victoria,5,0, ,October 2023,Final,20231001_9vkq,NA
https://en.usports.ca/sports/fh/2023-24/boxscores/20231014_2ep6.xml,0,1,0,0,2023-24,2023-10-14,Calgary,UBC,3,0, ,October 2023,Final,20231014_2ep6,NA
https://en.usports.ca/sports/fh/2023-24/boxscores/20231015_19fg.xml,0,1,0,0,2023-24,2023-10-15,Calgary,UBC,1,0, ,October 2023,Final,20231015_19fg,NA
https://en.usports.ca/sports/fh/2023-24/boxscores/20230916_2kw9.xml,0,1,0,1,2023-24,2023-09-16,Guelph,Queen's,0,0, ,September 2023,Final,20230916_2kw9,NA
https://en.usports.ca/sports/fh/2023-24/boxscores/20230917_kny5.xml,0,1,0,1,2023-24,2023-09-17,Guelph,Toronto,5,2, ,September 2023,Final,20230917_kny5,NA
https://en.usports.ca/sports/fh/2023-24/boxscores/20230923_cbpd.xml,0,1,0,1,2023-24,2023-09-23,York,Guelph,1,2, ,September 2023,Final,20230923_cbpd,NA
https://en.usports.ca/sports/fh/2023-24/boxscores/20230924_beb4.xml,0,1,0,1,2023-24,2023-09-24,McGill,Guelph,6,0, ,September 2023,Final,20230924_beb4,NA
https://en.usports.ca/sports/fh/2023-24/boxscores/20230930_kt2y.xml,0,1,0,1,2023-24,2023-09-30,Western,Guelph,4,1, ,September 2023,Final,20230930_kt2y,NA
https://en.usports.ca/sports/fh/2023-24/boxscores/20231001_ozii.xml,0,1,0,1,2023-24,2023-10-01,Guelph,Western,3,4, ,October 2023,Final,20231001_ozii,NA
https://en.usports.ca/sports/fh/2023-24/boxscores/20231004_3l5z.xml,0,1,0,1,2023-24,2023-10-04,Guelph,McMaster,2,5, ,October 2023,Final,20231004_3l5z,NA
https://en.usports.ca/sports/fh/2023-24/boxscores/20231006_vkfk.xml,0,1,0,1,2023-24,2023-10-06,McMaster,Guelph,3,1, ,October 2023,Final,20231006_vkfk,NA
https://en.usports.ca/sports/fh/2023-24/boxscores/20231013_es7x.xml,0,1,0,1,2023-24,2023-10-13,Waterloo,Guelph,0,1, ,October 2023,Final,20231013_es7x,NA
https://en.usports.ca/sports/fh/2023-24/boxscores/20231015_lkhv.xml,0,1,0,1,2023-24,2023-10-15,Guelph,Waterloo,2,1, ,October 2023,Final,20231015_lkhv,NA
https://en.usports.ca/sports/fh/2023-24/boxscores/20230916_ykv2.xml,0,1,0,1,2023-24,2023-09-16,McGill,McMaster,3,1, ,September 2023,Final,20230916_ykv2,NA
https://en.usports.ca/sports/fh/2023-24/boxscores/20230917_z0wf.xml,0,1,0,1,2023-24,2023-09-17,McGill,Western,5,1, ,September 2023,Final,20230917_z0wf,NA
https://en.usports.ca/sports/fh/2023-24/boxscores/20230923_91jv.xml,0,1,0,1,2023-24,2023-09-23,McGill,Waterloo,4,1, ,September 2023,Final,20230923_91jv,NA
https://en.usports.ca/sports/fh/2023-24/boxscores/20230924_beb4.xml,0,1,0,1,2023-24,2023-09-24,McGill,Guelph,6,0, ,September 2023,Final,20230924_beb4,NA
https://en.usports.ca/sports/fh/2023-24/boxscores/20230930_uqpm.xml,0,1,0,1,2023-24,2023-09-30,McGill,York,6,0, ,September 2023,Final,20230930_uqpm,NA
https://en.usports.ca/sports/fh/2023-24/boxscores/20231001_pwy9.xml,0,1,0,1,2023-24,2023-10-01,McGill,York,5,0, ,October 2023,Final,20231001_pwy9,NA
https://en.usports.ca/sports/fh/2023-24/boxscores/20231007_e7t1.xml,0,1,0,1,2023-24,2023-10-07,McGill,Queen's,3,0, ,October 2023,Final,20231007_e7t1,NA
https://en.usports.ca/sports/fh/2023-24/boxscores/20231007_bcpo.xml,0,1,0,1,2023-24,2023-10-07,McGill,Queen's,2,0, ,October 2023,Final,20231007_bcpo,NA
https://en.usports.ca/sports/fh/2023-24/boxscores/20231014_cp83.xml,0,1,0,1,2023-24,2023-10-14,McGill,Toronto,4,0, ,October 2023,Final,20231014_cp83,NA
https://en.usports.ca/sports/fh/2023-24/boxscores/20231015_zaqe.xml,0,1,0,1,2023-24,2023-10-15,McGill,Toronto,11,0, ,October 2023,Final,20231015_zaqe,NA
https://en.usports.ca/sports/fh/2023-24/boxscores/20230916_ykv2.xml,0,1,0,1,2023-24,2023-09-16,McGill,McMaster,3,1, ,September 2023,Final,20230916_ykv2,NA
https://en.usports.ca/sports/fh/2023-24/boxscores/20230917_8rf4.xml,0,1,0,1,2023-24,2023-09-17,McMaster,York,4,0, ,September 2023,Final,20230917_8rf4,NA
https://en.usports.ca/sports/fh/2023-24/boxscores/20230920_7krx.xml,0,1,0,1,2023-24,2023-09-20,Toronto,McMaster,0,4, ,September 2023,Final,20230920_7krx,NA
https://en.usports.ca/sports/fh/2023-24/boxscores/20230923_8aws.xml,0,1,0,1,2023-24,2023-09-23,Queen's,McMaster,1,0, ,September 2023,Final,20230923_8aws,NA
https://en.usports.ca/sports/fh/2023-24/boxscores/20230930_dtei.xml,0,1,0,1,2023-24,2023-09-30,Waterloo,McMaster,0,2, ,September 2023,Final,20230930_dtei,NA
https://en.usports.ca/sports/fh/2023-24/boxscores/20231001_etu5.xml,0,1,0,1,2023-24,2023-10-01,McMaster,Waterloo,5,3, ,October 2023,Final,20231001_etu5,NA
https://en.usports.ca/sports/fh/2023-24/boxscores/20231004_3l5z.xml,0,1,0,1,2023-24,2023-10-04,Guelph,McMaster,2,5, ,October 2023,Final,20231004_3l5z,NA
https://en.usports.ca/sports/fh/2023-24/boxscores/20231006_vkfk.xml,0,1,0,1,2023-24,2023-10-06,McMaster,Guelph,3,1, ,October 2023,Final,20231006_vkfk,NA
https://en.usports.ca/sports/fh/2023-24/boxscores/20231013_zxuo.xml,0,1,0,1,2023-24,2023-10-13,McMaster,Western,3,1, ,October 2023,Final,20231013_zxuo,NA
https://en.usports.ca/sports/fh/2023-24/boxscores/20231015_zfq2.xml,0,1,0,1,2023-24,2023-10-15,Western,McMaster,0,5, ,October 2023,Final,20231015_zfq2,NA
https://en.usports.ca/sports/fh/2023-24/boxscores/20230916_2kw9.xml,0,1,0,1,2023-24,2023-09-16,Guelph,Queen's,0,0, ,September 2023,Final,20230916_2kw9,NA
https://en.usports.ca/sports/fh/2023-24/boxscores/20230917_fw9b.xml,0,1,0,1,2023-24,2023-09-17,Queen's,Waterloo,2,1, ,September 2023,Final,20230917_fw9b,NA
https://en.usports.ca/sports/fh/2023-24/boxscores/20230923_8aws.xml,0,1,0,1,2023-24,2023-09-23,Queen's,McMaster,1,0, ,September 2023,Final,20230923_8aws,NA
https://en.usports.ca/sports/fh/2023-24/boxscores/20230924_bm0b.xml,0,1,0,1,2023-24,2023-09-24,Western,Queen's,3,1, ,September 2023,Final,20230924_bm0b,NA
https://en.usports.ca/sports/fh/2023-24/boxscores/20230930_kfp1.xml,0,1,0,1,2023-24,2023-09-30,Toronto,Queen's,1,2, ,September 2023,Final,20230930_kfp1,NA
https://en.usports.ca/sports/fh/2023-24/boxscores/20231001_ddmz.xml,0,1,0,1,2023-24,2023-10-01,Queen's,Toronto,3,0, ,October 2023,Final,20231001_ddmz,NA
https://en.usports.ca/sports/fh/2023-24/boxscores/20231007_e7t1.xml,0,1,0,1,2023-24,2023-10-07,McGill,Queen's,3,0, ,October 2023,Final,20231007_e7t1,NA
https://en.usports.ca/sports/fh/2023-24/boxscores/20231007_bcpo.xml,0,1,0,1,2023-24,2023-10-07,McGill,Queen's,2,0, ,October 2023,Final,20231007_bcpo,NA
https://en.usports.ca/sports/fh/2023-24/boxscores/20231014_yg5a.xml,0,1,0,1,2023-24,2023-10-14,York,Queen's,1,3, ,October 2023,Final,20231014_yg5a,NA
https://en.usports.ca/sports/fh/2023-24/boxscores/20231015_ti7v.xml,0,1,0,1,2023-24,2023-10-15,Queen's,York,2,1, ,October 2023,Final,20231015_ti7v,NA
NA,1,0,0,0,2023-24,NA,Central Michigan,Toronto,0,0, Exhibition (NCAA Division I),August 2023,Final,NA,NA
NA,1,0,0,0,2023-24,NA,Bates,Toronto,NA,NA,NA,September 2023,10:00 AM EDT,NA,NA
https://en.usports.ca/sports/fh/2023-24/boxscores/20230916_5ec1.xml,0,1,0,1,2023-24,2023-09-16,Toronto,Waterloo,1,0, ,September 2023,Final,20230916_5ec1,NA
https://en.usports.ca/sports/fh/2023-24/boxscores/20230917_kny5.xml,0,1,0,1,2023-24,2023-09-17,Guelph,Toronto,5,2, ,September 2023,Final,20230917_kny5,NA
https://en.usports.ca/sports/fh/2023-24/boxscores/20230920_7krx.xml,0,1,0,1,2023-24,2023-09-20,Toronto,McMaster,0,4, ,September 2023,Final,20230920_7krx,NA
https://en.usports.ca/sports/fh/2023-24/boxscores/20230923_ll6d.xml,0,1,0,1,2023-24,2023-09-23,Western,Toronto,3,1, ,September 2023,Final,20230923_ll6d,NA
https://en.usports.ca/sports/fh/2023-24/boxscores/20230930_kfp1.xml,0,1,0,1,2023-24,2023-09-30,Toronto,Queen's,1,2, ,September 2023,Final,20230930_kfp1,NA
https://en.usports.ca/sports/fh/2023-24/boxscores/20231001_ddmz.xml,0,1,0,1,2023-24,2023-10-01,Queen's,Toronto,3,0, ,October 2023,Final,20231001_ddmz,NA
https://en.usports.ca/sports/fh/2023-24/boxscores/20231004_repc.xml,0,1,0,1,2023-24,2023-10-04,Toronto,York,3,1, ,October 2023,Final,20231004_repc,NA
https://en.usports.ca/sports/fh/2023-24/boxscores/20231007_k7q2.xml,0,1,0,1,2023-24,2023-10-07,York,Toronto,2,0, ,October 2023,Final,20231007_k7q2,NA
https://en.usports.ca/sports/fh/2023-24/boxscores/20231014_cp83.xml,0,1,0,1,2023-24,2023-10-14,McGill,Toronto,4,0, ,October 2023,Final,20231014_cp83,NA
https://en.usports.ca/sports/fh/2023-24/boxscores/20231015_zaqe.xml,0,1,0,1,2023-24,2023-10-15,McGill,Toronto,11,0, ,October 2023,Final,20231015_zaqe,NA
https://en.usports.ca/sports/fh/2023-24/boxscores/20230909_4b3b.xml,0,1,0,0,2023-24,2023-09-09,UBC,Calgary,3,0, Game forfeited by UBC due to the use of an ineligible player. Score was 0-0 (4-3) UBC. ,September 2023,Final - Forfeit Away,20230909_4b3b,NA
https://en.usports.ca/sports/fh/2023-24/boxscores/20230910_jc3m.xml,0,1,0,0,2023-24,2023-09-10,UBC,Calgary,3,0, Game forfeited by UBC due to the use of an ineligible player. Score was 1-0 UBC. ,September 2023,Final - Forfeit Away,20230910_jc3m,NA
https://en.usports.ca/sports/fh/2023-24/boxscores/20230923_az05.xml,0,1,0,0,2023-24,2023-09-23,Victoria,UBC,2,1, ,September 2023,Final,20230923_az05,NA
https://en.usports.ca/sports/fh/2023-24/boxscores/20230924_wkl9.xml,0,1,0,0,2023-24,2023-09-24,Victoria,UBC,1,3, ,September 2023,Final,20230924_wkl9,NA
https://en.usports.ca/sports/fh/2023-24/boxscores/20231014_2ep6.xml,0,1,0,0,2023-24,2023-10-14,Calgary,UBC,3,0, ,October 2023,Final,20231014_2ep6,NA
https://en.usports.ca/sports/fh/2023-24/boxscores/20231015_19fg.xml,0,1,0,0,2023-24,2023-10-15,Calgary,UBC,1,0, ,October 2023,Final,20231015_19fg,NA
https://en.usports.ca/sports/fh/2023-24/boxscores/20231021_v8bb.xml,0,1,0,0,2023-24,2023-10-21,UBC,Victoria,0,0, Vikes win shootout 4-3 ,October 2023,Final - PS Home,20231021_v8bb,NA
https://en.usports.ca/sports/fh/2023-24/boxscores/20231022_36or.xml,0,1,0,0,2023-24,2023-10-22,UBC,Victoria,1,0, ,October 2023,Final,20231022_36or,NA
https://en.usports.ca/sports/fh/2023-24/boxscores/20230916_0uhl.xml,0,1,0,0,2023-24,2023-09-16,Victoria,Calgary,1,1, (3-0 VIC) ,September 2023,Final - PS Away,20230916_0uhl,NA
https://en.usports.ca/sports/fh/2023-24/boxscores/20230917_cjgv.xml,0,1,0,0,2023-24,2023-09-17,Victoria,Calgary,2,2, (5-4 CGY) ,September 2023,Final - PS Home,20230917_cjgv,NA
https://en.usports.ca/sports/fh/2023-24/boxscores/20230923_az05.xml,0,1,0,0,2023-24,2023-09-23,Victoria,UBC,2,1, ,September 2023,Final,20230923_az05,NA
https://en.usports.ca/sports/fh/2023-24/boxscores/20230924_wkl9.xml,0,1,0,0,2023-24,2023-09-24,Victoria,UBC,1,3, ,September 2023,Final,20230924_wkl9,NA
https://en.usports.ca/sports/fh/2023-24/boxscores/20230930_zgwj.xml,0,1,0,0,2023-24,2023-09-30,Calgary,Victoria,4,0, ,September 2023,Final,20230930_zgwj,NA
https://en.usports.ca/sports/fh/2023-24/boxscores/20231001_9vkq.xml,0,1,0,0,2023-24,2023-10-01,Calgary,Victoria,5,0, ,October 2023,Final,20231001_9vkq,NA
https://en.usports.ca/sports/fh/2023-24/boxscores/20231021_v8bb.xml,0,1,0,0,2023-24,2023-10-21,UBC,Victoria,0,0, Vikes win shootout 4-3 ,October 2023,Final - PS Home,20231021_v8bb,NA
https://en.usports.ca/sports/fh/2023-24/boxscores/20231022_36or.xml,0,1,0,0,2023-24,2023-10-22,UBC,Victoria,1,0, ,October 2023,Final,20231022_36or,NA
https://en.usports.ca/sports/fh/2023-24/boxscores/20230916_5ec1.xml,0,1,0,1,2023-24,2023-09-16,Toronto,Waterloo,1,0, ,September 2023,Final,20230916_5ec1,NA
https://en.usports.ca/sports/fh/2023-24/boxscores/20230917_fw9b.xml,0,1,0,1,2023-24,2023-09-17,Queen's,Waterloo,2,1, ,September 2023,Final,20230917_fw9b,NA
https://en.usports.ca/sports/fh/2023-24/boxscores/20230923_91jv.xml,0,1,0,1,2023-24,2023-09-23,McGill,Waterloo,4,1, ,September 2023,Final,20230923_91jv,NA
https://en.usports.ca/sports/fh/2023-24/boxscores/20230924_dn9t.xml,0,1,0,1,2023-24,2023-09-24,Waterloo,York,2,0, ,September 2023,Final,20230924_dn9t,NA
https://en.usports.ca/sports/fh/2023-24/boxscores/20230930_dtei.xml,0,1,0,1,2023-24,2023-09-30,Waterloo,McMaster,0,2, ,September 2023,Final,20230930_dtei,NA
https://en.usports.ca/sports/fh/2023-24/boxscores/20231001_etu5.xml,0,1,0,1,2023-24,2023-10-01,McMaster,Waterloo,5,3, ,October 2023,Final,20231001_etu5,NA
https://en.usports.ca/sports/fh/2023-24/boxscores/20231005_pakx.xml,0,1,0,1,2023-24,2023-10-05,Western,Waterloo,4,2, ,October 2023,Final,20231005_pakx,NA
https://en.usports.ca/sports/fh/2023-24/boxscores/20231006_x801.xml,0,1,0,1,2023-24,2023-10-06,Waterloo,Western,3,2, ,October 2023,Final,20231006_x801,NA
https://en.usports.ca/sports/fh/2023-24/boxscores/20231013_es7x.xml,0,1,0,1,2023-24,2023-10-13,Waterloo,Guelph,0,1, ,October 2023,Final,20231013_es7x,NA
https://en.usports.ca/sports/fh/2023-24/boxscores/20231015_lkhv.xml,0,1,0,1,2023-24,2023-10-15,Guelph,Waterloo,2,1, ,October 2023,Final,20231015_lkhv,NA
https://en.usports.ca/sports/fh/2023-24/boxscores/20230916_wyay.xml,0,1,0,1,2023-24,2023-09-16,York,Western,1,2, ,September 2023,Final,20230916_wyay,NA
https://en.usports.ca/sports/fh/2023-24/boxscores/20230917_z0wf.xml,0,1,0,1,2023-24,2023-09-17,McGill,Western,5,1, ,September 2023,Final,20230917_z0wf,NA
https://en.usports.ca/sports/fh/2023-24/boxscores/20230923_ll6d.xml,0,1,0,1,2023-24,2023-09-23,Western,Toronto,3,1, ,September 2023,Final,20230923_ll6d,NA
https://en.usports.ca/sports/fh/2023-24/boxscores/20230924_bm0b.xml,0,1,0,1,2023-24,2023-09-24,Western,Queen's,3,1, ,September 2023,Final,20230924_bm0b,NA
https://en.usports.ca/sports/fh/2023-24/boxscores/20230930_kt2y.xml,0,1,0,1,2023-24,2023-09-30,Western,Guelph,4,1, ,September 2023,Final,20230930_kt2y,NA
https://en.usports.ca/sports/fh/2023-24/boxscores/20231001_ozii.xml,0,1,0,1,2023-24,2023-10-01,Guelph,Western,3,4, ,October 2023,Final,20231001_ozii,NA
https://en.usports.ca/sports/fh/2023-24/boxscores/20231005_pakx.xml,0,1,0,1,2023-24,2023-10-05,Western,Waterloo,4,2, ,October 2023,Final,20231005_pakx,NA
https://en.usports.ca/sports/fh/2023-24/boxscores/20231006_x801.xml,0,1,0,1,2023-24,2023-10-06,Waterloo,Western,3,2, ,October 2023,Final,20231006_x801,NA
https://en.usports.ca/sports/fh/2023-24/boxscores/20231013_zxuo.xml,0,1,0,1,2023-24,2023-10-13,McMaster,Western,3,1, ,October 2023,Final,20231013_zxuo,NA
https://en.usports.ca/sports/fh/2023-24/boxscores/20231015_zfq2.xml,0,1,0,1,2023-24,2023-10-15,Western,McMaster,0,5, ,October 2023,Final,20231015_zfq2,NA
https://en.usports.ca/sports/fh/2023-24/boxscores/20230916_wyay.xml,0,1,0,1,2023-24,2023-09-16,York,Western,1,2, ,September 2023,Final,20230916_wyay,NA
https://en.usports.ca/sports/fh/2023-24/boxscores/20230917_8rf4.xml,0,1,0,1,2023-24,2023-09-17,McMaster,York,4,0, ,September 2023,Final,20230917_8rf4,NA
https://en.usports.ca/sports/fh/2023-24/boxscores/20230923_cbpd.xml,0,1,0,1,2023-24,2023-09-23,York,Guelph,1,2, ,September 2023,Final,20230923_cbpd,NA
https://en.usports.ca/sports/fh/2023-24/boxscores/20230924_dn9t.xml,0,1,0,1,2023-24,2023-09-24,Waterloo,York,2,0, ,September 2023,Final,20230924_dn9t,NA
https://en.usports.ca/sports/fh/2023-24/boxscores/20230930_uqpm.xml,0,1,0,1,2023-24,2023-09-30,McGill,York,6,0, ,September 2023,Final,20230930_uqpm,NA
https://en.usports.ca/sports/fh/2023-24/boxscores/20231001_pwy9.xml,0,1,0,1,2023-24,2023-10-01,McGill,York,5,0, ,October 2023,Final,20231001_pwy9,NA
https://en.usports.ca/sports/fh/2023-24/boxscores/20231004_repc.xml,0,1,0,1,2023-24,2023-10-04,Toronto,York,3,1, ,October 2023,Final,20231004_repc,NA
https://en.usports.ca/sports/fh/2023-24/boxscores/20231007_k7q2.xml,0,1,0,1,2023-24,2023-10-07,York,Toronto,2,0, ,October 2023,Final,20231007_k7q2,NA
https://en.usports.ca/sports/fh/2023-24/boxscores/20231014_yg5a.xml,0,1,0,1,2023-24,2023-10-14,York,Queen's,1,3, ,October 2023,Final,20231014_yg5a,NA
https://en.usports.ca/sports/fh/2023-24/boxscores/20231015_ti7v.xml,0,1,0,1,2023-24,2023-10-15,Queen's,York,2,1, ,October 2023,Final,20231015_ti7v,NA
NA,0,0,1,0,2022-23p,NA,York,Guelph,0,1,NA,October 2022,Final,NA,NA
https://en.usports.ca/sports/fh/2022-23p/boxscores/20221022_02fq.xml,0,0,1,0,2022-23p,2022-10-22,Western,Toronto,5,0, ,October 2022,Final,20221022_02fq,NA
https://en.usports.ca/sports/fh/2022-23p/boxscores/20221029_dya4.xml,0,1,1,0,2022-23p,2022-10-29,York,Toronto,1,2, ,October 2022,Final,20221029_dya4,NA
NA,0,0,1,0,2022-23p,NA,York,Guelph,0,1,NA,October 2022,Final,NA,NA
https://en.usports.ca/sports/fh/2022-23p/boxscores/20221029_dya4.xml,0,1,1,0,2022-23p,2022-10-29,York,Toronto,1,2, ,October 2022,Final,20221029_dya4,NA
https://en.usports.ca/sports/fh/2022-23c/boxscores/20221104_hsx7.xml,0,0,1,0,2022-23c,2022-11-04,York,Victoria,2,0, U SPORTS Championship (Game 1)   ,November 2022,Final,20221104_hsx7,/sports/fh/2022-23c/releases/20240301mzfll6
https://en.usports.ca/sports/fh/2022-23c/boxscores/20221105_tfum.xml,0,0,1,0,2022-23c,2022-11-05,York,Victoria,2,1, U SPORTS Championship (Game 2)   ,November 2022,Final,20221105_tfum,/sports/fh/2022-23c/releases/20240301n3ljg4
https://en.usports.ca/sports/fh/2022-23c/boxscores/20221104_hsx7.xml,0,0,1,0,2022-23c,2022-11-04,York,Victoria,2,0, U SPORTS Championship (Game 1)   ,November 2022,Final,20221104_hsx7,/sports/fh/2022-23c/releases/20240301mzfll6
https://en.usports.ca/sports/fh/2022-23c/boxscores/20221105_tfum.xml,0,0,1,0,2022-23c,2022-11-05,York,Victoria,2,1, U SPORTS Championship (Game 2)   ,November 2022,Final,20221105_tfum,/sports/fh/2022-23c/releases/20240301n3ljg4
NA,0,1,0,0,2022-23,NA,Victoria,Calgary,0,9, Canada West,September 2022,Final,NA,NA
NA,0,1,0,0,2022-23,NA,Victoria,Calgary,0,7, Canada West,September 2022,Final,NA,NA
NA,0,1,0,0,2022-23,NA,UBC,Calgary,0,2, Canada West,September 2022,Final,NA,NA
NA,0,1,0,0,2022-23,NA,UBC,Calgary,0,1, Canada West,September 2022,Final,NA,NA
NA,0,1,0,0,2022-23,NA,Calgary,UBC,1,0, Canada West,October 2022,Final,NA,NA
NA,0,1,0,0,2022-23,NA,Calgary,UBC,3,1, Canada West,October 2022,Final,NA,NA
NA,0,1,0,0,2022-23,NA,Calgary,Victoria,8,0, Canada West,October 2022,Final,NA,NA
NA,0,1,0,0,2022-23,NA,Calgary,Victoria,7,0, Canada West,October 2022,Final,NA,NA
https://en.usports.ca/sports/fh/2022-23/boxscores/20220916_hbwp.xml,1,1,0,0,2022-23,2022-09-16,Guelph,Western,4,4, OUA #2 ,September 2022,Final,20220916_hbwp,NA
https://en.usports.ca/sports/fh/2022-23/boxscores/20220918_cnwm.xml,1,1,0,0,2022-23,2022-09-18,Western,Guelph,5,2, OUA #6 ,September 2022,Final,20220918_cnwm,NA
https://en.usports.ca/sports/fh/2022-23/boxscores/20220923_1yhd.xml,1,1,0,0,2022-23,2022-09-23,Guelph,York,1,1, OUA #9 ,September 2022,Final,20220923_1yhd,NA
https://en.usports.ca/sports/fh/2022-23/boxscores/20220925_z3wu.xml,1,1,0,0,2022-23,2022-09-25,McGill,Guelph,7,0, OUA #13 ,September 2022,Final,20220925_z3wu,NA
https://en.usports.ca/sports/fh/2022-23/boxscores/20220930_jp47.xml,1,1,0,0,2022-23,2022-09-30,Guelph,McMaster,1,2, OUA #19 ,September 2022,Final,20220930_jp47,NA
https://en.usports.ca/sports/fh/2022-23/boxscores/20221002_r1oc.xml,1,1,0,0,2022-23,2022-10-02,McMaster,Guelph,9,0, OUA #23 ,October 2022,Final,20221002_r1oc,NA
https://en.usports.ca/sports/fh/2022-23/boxscores/20221006_evtz.xml,1,1,0,0,2022-23,2022-10-06,Waterloo,Guelph,2,1, OUA #31 ,October 2022,Final,20221006_evtz,NA
https://en.usports.ca/sports/fh/2022-23/boxscores/20221007_gjxf.xml,1,1,0,0,2022-23,2022-10-07,Guelph,Waterloo,0,1, OUA #27 ,October 2022,Final,20221007_gjxf,NA
https://en.usports.ca/sports/fh/2022-23/boxscores/20221014_y4pk.xml,1,1,0,0,2022-23,2022-10-14,Toronto,Guelph,0,3, OUA #33 ,October 2022,Final,20221014_y4pk,NA
https://en.usports.ca/sports/fh/2022-23/boxscores/20221016_frqv.xml,1,1,0,0,2022-23,2022-10-16,Queen's,Guelph,6,1, OUA #40 ,October 2022,Final,20221016_frqv,NA
https://en.usports.ca/sports/fh/2022-23/boxscores/20221022_6509.xml,1,0,1,0,2022-23,2022-10-22,York,Guelph,0,1, Semifinal ,October 2022,Final,20221022_6509,NA
https://en.usports.ca/sports/fh/2022-23/boxscores/20220917_o9r1.xml,1,1,0,0,2022-23,2022-09-17,McGill,York,12,0, OUA #4 ,September 2022,Final,20220917_o9r1,NA
https://en.usports.ca/sports/fh/2022-23/boxscores/20220918_e3we.xml,1,1,0,0,2022-23,2022-09-18,McGill,York,10,0, OUA #8 ,September 2022,Final,20220918_e3we,NA
https://en.usports.ca/sports/fh/2022-23/boxscores/20220924_27iu.xml,1,1,0,0,2022-23,2022-09-24,McGill,Waterloo,4,0, OUA #10 ,September 2022,Final,20220924_27iu,NA
https://en.usports.ca/sports/fh/2022-23/boxscores/20220925_z3wu.xml,1,1,0,0,2022-23,2022-09-25,McGill,Guelph,7,0, OUA #13 ,September 2022,Final,20220925_z3wu,NA
https://en.usports.ca/sports/fh/2022-23/boxscores/20221001_6fez.xml,1,1,0,0,2022-23,2022-10-01,McGill,Toronto,9,1, OUA #17 ,October 2022,Final,20221001_6fez,NA
https://en.usports.ca/sports/fh/2022-23/boxscores/20221002_9wfh.xml,1,1,0,0,2022-23,2022-10-02,McGill,Toronto,7,0, OUA #21 ,October 2022,Final,20221002_9wfh,NA
https://en.usports.ca/sports/fh/2022-23/boxscores/20221008_9zhi.xml,1,1,0,0,2022-23,2022-10-08,McGill,Queen's,2,0, OUA #28 ,October 2022,Final,20221008_9zhi,NA
https://en.usports.ca/sports/fh/2022-23/boxscores/20221008_a5gr.xml,1,1,0,0,2022-23,2022-10-08,McGill,Queen's,3,3, OUA #32 ,October 2022,Final,20221008_a5gr,NA
https://en.usports.ca/sports/fh/2022-23/boxscores/20221014_7x6s.xml,1,1,0,0,2022-23,2022-10-14,McGill,McMaster,1,0, OUA #38 ,October 2022,Final,20221014_7x6s,NA
https://en.usports.ca/sports/fh/2022-23/boxscores/20221015_rbmv.xml,1,1,0,0,2022-23,2022-10-15,McGill,Western,8,1, OUA #34 ,October 2022,Final,20221015_rbmv,NA
https://en.usports.ca/sports/fh/2022-23/boxscores/20220917_m09w.xml,1,1,0,0,2022-23,2022-09-17,Waterloo,McMaster,1,0, OUA #1 ,September 2022,Final,20220917_m09w,NA
https://en.usports.ca/sports/fh/2022-23/boxscores/20220918_qk4a.xml,1,1,0,0,2022-23,2022-09-18,McMaster,Waterloo,1,1, OUA #5 ,September 2022,Final,20220918_qk4a,NA
https://en.usports.ca/sports/fh/2022-23/boxscores/20220923_ttfc.xml,1,1,0,0,2022-23,2022-09-23,McMaster,Queen's,2,1, OUA #11 ,September 2022,Final,20220923_ttfc,NA
https://en.usports.ca/sports/fh/2022-23/boxscores/20220925_obze.xml,1,1,0,0,2022-23,2022-09-25,McMaster,Toronto,8,0, OUA #15 ,September 2022,Final,20220925_obze,NA
https://en.usports.ca/sports/fh/2022-23/boxscores/20220930_jp47.xml,1,1,0,0,2022-23,2022-09-30,Guelph,McMaster,1,2, OUA #19 ,September 2022,Final,20220930_jp47,NA
https://en.usports.ca/sports/fh/2022-23/boxscores/20221002_r1oc.xml,1,1,0,0,2022-23,2022-10-02,McMaster,Guelph,9,0, OUA #23 ,October 2022,Final,20221002_r1oc,NA
https://en.usports.ca/sports/fh/2022-23/boxscores/20221007_nmiv.xml,1,1,0,0,2022-23,2022-10-07,McMaster,Western,3,1, OUA #29 ,October 2022,Final,20221007_nmiv,NA
https://en.usports.ca/sports/fh/2022-23/boxscores/20221008_tju5.xml,1,1,0,0,2022-23,2022-10-08,Western,McMaster,2,2, OUA #25 ,October 2022,Final,20221008_tju5,NA
https://en.usports.ca/sports/fh/2022-23/boxscores/20221012_argo.xml,1,1,0,0,2022-23,2022-10-12,York,McMaster,1,3, OUA #35 ,October 2022,Final,20221012_argo,NA
https://en.usports.ca/sports/fh/2022-23/boxscores/20221014_7x6s.xml,1,1,0,0,2022-23,2022-10-14,McGill,McMaster,1,0, OUA #38 ,October 2022,Final,20221014_7x6s,NA
NA,1,1,0,0,2022-23,NA,Toronto,Queen's,NA,NA,NA,September 2022,Postponed,NA,NA
NA,1,1,0,0,2022-23,NA,Queen's,Toronto,NA,NA,NA,September 2022,Postponed,NA,NA
https://en.usports.ca/sports/fh/2022-23/boxscores/20220923_ttfc.xml,1,1,0,0,2022-23,2022-09-23,McMaster,Queen's,2,1, OUA #11 ,September 2022,Final,20220923_ttfc,NA
https://en.usports.ca/sports/fh/2022-23/boxscores/20220925_iaxg.xml,1,1,0,0,2022-23,2022-09-25,Queen's,Western,1,0, OUA #16 ,September 2022,Final,20220925_iaxg,NA
https://en.usports.ca/sports/fh/2022-23/boxscores/20220930_a82y.xml,1,1,0,0,2022-23,2022-09-30,York,Queen's,0,3, OUA #20 ,September 2022,Final,20220930_a82y,NA
https://en.usports.ca/sports/fh/2022-23/boxscores/20221002_gb7j.xml,1,1,0,0,2022-23,2022-10-02,Queen's,York,6,0, OUA #24 ,October 2022,Final,20221002_gb7j,NA
https://en.usports.ca/sports/fh/2022-23/boxscores/20221008_9zhi.xml,1,1,0,0,2022-23,2022-10-08,McGill,Queen's,2,0, OUA #28 ,October 2022,Final,20221008_9zhi,NA
https://en.usports.ca/sports/fh/2022-23/boxscores/20221008_a5gr.xml,1,1,0,0,2022-23,2022-10-08,McGill,Queen's,3,3, OUA #32 ,October 2022,Final,20221008_a5gr,NA
https://en.usports.ca/sports/fh/2022-23/boxscores/20221009_kfvf.xml,0,1,0,0,2022-23,2022-10-09,Toronto,Queen's,0,6, ,October 2022,Final,20221009_kfvf,NA
https://en.usports.ca/sports/fh/2022-23/boxscores/20221012_973t.xml,0,1,0,0,2022-23,2022-10-12,Queen's,Toronto,8,1, ,October 2022,Final,20221012_973t,NA
https://en.usports.ca/sports/fh/2022-23/boxscores/20221015_v78d.xml,1,1,0,0,2022-23,2022-10-15,Waterloo,Queen's,0,1, OUA #36 ,October 2022,Final,20221015_v78d,NA
https://en.usports.ca/sports/fh/2022-23/boxscores/20221016_frqv.xml,1,1,0,0,2022-23,2022-10-16,Queen's,Guelph,6,1, OUA #40 ,October 2022,Final,20221016_frqv,NA
NA,1,0,0,0,2022-23,NA,Toronto,UBC,1,0, Non-conference,August 2022,Final,NA,NA
NA,1,0,0,0,2022-23,NA,Toronto,UBC,0,1, Non-conference,August 2022,Final,NA,NA
NA,1,0,0,0,2022-23,NA,Toronto,UBC,1,0, Non-conference,August 2022,Final,NA,NA
NA,1,1,0,0,2022-23,NA,Toronto,Queen's,NA,NA,NA,September 2022,Postponed,NA,NA
NA,1,1,0,0,2022-23,NA,Queen's,Toronto,NA,NA,NA,September 2022,Postponed,NA,NA
https://en.usports.ca/sports/fh/2022-23/boxscores/20220923_21km.xml,1,1,0,0,2022-23,2022-09-23,Toronto,Western,1,1, OUA #12 ,September 2022,Final,20220923_21km,NA
https://en.usports.ca/sports/fh/2022-23/boxscores/20220925_obze.xml,1,1,0,0,2022-23,2022-09-25,McMaster,Toronto,8,0, OUA #15 ,September 2022,Final,20220925_obze,NA
https://en.usports.ca/sports/fh/2022-23/boxscores/20220928_inj8.xml,1,1,0,0,2022-23,2022-09-28,York,Toronto,3,0, OUA #30 ,September 2022,Final,20220928_inj8,NA
https://en.usports.ca/sports/fh/2022-23/boxscores/20221001_6fez.xml,1,1,0,0,2022-23,2022-10-01,McGill,Toronto,9,1, OUA #17 ,October 2022,Final,20221001_6fez,NA
https://en.usports.ca/sports/fh/2022-23/boxscores/20221002_9wfh.xml,1,1,0,0,2022-23,2022-10-02,McGill,Toronto,7,0, OUA #21 ,October 2022,Final,20221002_9wfh,NA
https://en.usports.ca/sports/fh/2022-23/boxscores/20221005_ypvh.xml,1,1,0,0,2022-23,2022-10-05,Toronto,York,1,3, OUA #26 ,October 2022,Final,20221005_ypvh,NA
https://en.usports.ca/sports/fh/2022-23/boxscores/20221009_kfvf.xml,0,1,0,0,2022-23,2022-10-09,Toronto,Queen's,0,6, ,October 2022,Final,20221009_kfvf,NA
https://en.usports.ca/sports/fh/2022-23/boxscores/20221012_973t.xml,0,1,0,0,2022-23,2022-10-12,Queen's,Toronto,8,1, ,October 2022,Final,20221012_973t,NA
https://en.usports.ca/sports/fh/2022-23/boxscores/20221014_y4pk.xml,1,1,0,0,2022-23,2022-10-14,Toronto,Guelph,0,3, OUA #33 ,October 2022,Final,20221014_y4pk,NA
https://en.usports.ca/sports/fh/2022-23/boxscores/20221016_b0g2.xml,1,1,0,0,2022-23,2022-10-16,Waterloo,Toronto,5,3, OUA #37 ,October 2022,Final,20221016_b0g2,NA
NA,1,0,0,0,2022-23,NA,Toronto,UBC,1,0, Non-conference,August 2022,Final,NA,NA
NA,1,0,0,0,2022-23,NA,Toronto,UBC,0,1, Non-conference,August 2022,Final,NA,NA
NA,1,0,0,0,2022-23,NA,Toronto,UBC,1,0, Non-conference,August 2022,Final,NA,NA
NA,0,1,0,0,2022-23,NA,UBC,Calgary,0,2, Canada West,September 2022,Final,NA,NA
NA,0,1,0,0,2022-23,NA,UBC,Calgary,0,1, Canada West,September 2022,Final,NA,NA
NA,0,1,0,0,2022-23,NA,UBC,Victoria,1,1, UBC wins shootout 3-2,September 2022,Final - PS Away,NA,NA
NA,0,1,0,0,2022-23,NA,UBC,Victoria,4,1, Canada West,September 2022,Final,NA,NA
NA,0,1,0,0,2022-23,NA,Calgary,UBC,1,0, Canada West,October 2022,Final,NA,NA
NA,0,1,0,0,2022-23,NA,Calgary,UBC,3,1, Canada West,October 2022,Final,NA,NA
NA,0,1,0,0,2022-23,NA,Victoria,UBC,0,4, Canada West,October 2022,Final,NA,NA
NA,0,1,0,0,2022-23,NA,Victoria,UBC,1,5, Canada West,October 2022,Final,NA,NA
NA,0,1,0,0,2022-23,NA,Victoria,Calgary,0,9, Canada West,September 2022,Final,NA,NA
NA,0,1,0,0,2022-23,NA,Victoria,Calgary,0,7, Canada West,September 2022,Final,NA,NA
NA,0,1,0,0,2022-23,NA,UBC,Victoria,1,1, UBC wins shootout 3-2,September 2022,Final - PS Away,NA,NA
NA,0,1,0,0,2022-23,NA,UBC,Victoria,4,1, Canada West,September 2022,Final,NA,NA
NA,0,1,0,0,2022-23,NA,Calgary,Victoria,8,0, Canada West,October 2022,Final,NA,NA
NA,0,1,0,0,2022-23,NA,Calgary,Victoria,7,0, Canada West,October 2022,Final,NA,NA
NA,0,1,0,0,2022-23,NA,Victoria,UBC,0,4, Canada West,October 2022,Final,NA,NA
NA,0,1,0,0,2022-23,NA,Victoria,UBC,1,5, Canada West,October 2022,Final,NA,NA
https://en.usports.ca/sports/fh/2022-23/boxscores/20220917_m09w.xml,1,1,0,0,2022-23,2022-09-17,Waterloo,McMaster,1,0, OUA #1 ,September 2022,Final,20220917_m09w,NA
https://en.usports.ca/sports/fh/2022-23/boxscores/20220918_qk4a.xml,1,1,0,0,2022-23,2022-09-18,McMaster,Waterloo,1,1, OUA #5 ,September 2022,Final,20220918_qk4a,NA
https://en.usports.ca/sports/fh/2022-23/boxscores/20220924_27iu.xml,1,1,0,0,2022-23,2022-09-24,McGill,Waterloo,4,0, OUA #10 ,September 2022,Final,20220924_27iu,NA
https://en.usports.ca/sports/fh/2022-23/boxscores/20220925_jvjo.xml,1,1,0,0,2022-23,2022-09-25,York,Waterloo,0,2, OUA #14 ,September 2022,Final,20220925_jvjo,NA
https://en.usports.ca/sports/fh/2022-23/boxscores/20220928_g1gk.xml,1,1,0,0,2022-23,2022-09-28,Waterloo,Western,0,1, OUA #18 ,September 2022,Final,20220928_g1gk,NA
https://en.usports.ca/sports/fh/2022-23/boxscores/20221002_xz08.xml,1,1,0,0,2022-23,2022-10-02,Western,Waterloo,1,1, OUA #22 ,October 2022,Final,20221002_xz08,NA
https://en.usports.ca/sports/fh/2022-23/boxscores/20221006_evtz.xml,1,1,0,0,2022-23,2022-10-06,Waterloo,Guelph,2,1, OUA #31 ,October 2022,Final,20221006_evtz,NA
https://en.usports.ca/sports/fh/2022-23/boxscores/20221007_gjxf.xml,1,1,0,0,2022-23,2022-10-07,Guelph,Waterloo,0,1, OUA #27 ,October 2022,Final,20221007_gjxf,NA
https://en.usports.ca/sports/fh/2022-23/boxscores/20221015_v78d.xml,1,1,0,0,2022-23,2022-10-15,Waterloo,Queen's,0,1, OUA #36 ,October 2022,Final,20221015_v78d,NA
https://en.usports.ca/sports/fh/2022-23/boxscores/20221016_b0g2.xml,1,1,0,0,2022-23,2022-10-16,Waterloo,Toronto,5,3, OUA #37 ,October 2022,Final,20221016_b0g2,NA
https://en.usports.ca/sports/fh/2022-23/boxscores/20221019_2ig4.xml,1,1,1,0,2022-23,2022-10-19,Waterloo,Western,4,2, ,October 2022,Final,20221019_2ig4,NA
https://en.usports.ca/sports/fh/2022-23/boxscores/20220916_hbwp.xml,1,1,0,0,2022-23,2022-09-16,Guelph,Western,4,4, OUA #2 ,September 2022,Final,20220916_hbwp,NA
https://en.usports.ca/sports/fh/2022-23/boxscores/20220918_cnwm.xml,1,1,0,0,2022-23,2022-09-18,Western,Guelph,5,2, OUA #6 ,September 2022,Final,20220918_cnwm,NA
https://en.usports.ca/sports/fh/2022-23/boxscores/20220923_21km.xml,1,1,0,0,2022-23,2022-09-23,Toronto,Western,1,1, OUA #12 ,September 2022,Final,20220923_21km,NA
https://en.usports.ca/sports/fh/2022-23/boxscores/20220925_iaxg.xml,1,1,0,0,2022-23,2022-09-25,Queen's,Western,1,0, OUA #16 ,September 2022,Final,20220925_iaxg,NA
https://en.usports.ca/sports/fh/2022-23/boxscores/20220928_g1gk.xml,1,1,0,0,2022-23,2022-09-28,Waterloo,Western,0,1, OUA #18 ,September 2022,Final,20220928_g1gk,NA
https://en.usports.ca/sports/fh/2022-23/boxscores/20221002_xz08.xml,1,1,0,0,2022-23,2022-10-02,Western,Waterloo,1,1, OUA #22 ,October 2022,Final,20221002_xz08,NA
https://en.usports.ca/sports/fh/2022-23/boxscores/20221007_nmiv.xml,1,1,0,0,2022-23,2022-10-07,McMaster,Western,3,1, OUA #29 ,October 2022,Final,20221007_nmiv,NA
https://en.usports.ca/sports/fh/2022-23/boxscores/20221008_tju5.xml,1,1,0,0,2022-23,2022-10-08,Western,McMaster,2,2, OUA #25 ,October 2022,Final,20221008_tju5,NA
https://en.usports.ca/sports/fh/2022-23/boxscores/20221015_rbmv.xml,1,1,0,0,2022-23,2022-10-15,McGill,Western,8,1, OUA #34 ,October 2022,Final,20221015_rbmv,NA
https://en.usports.ca/sports/fh/2022-23/boxscores/20221016_q5eb.xml,1,1,0,0,2022-23,2022-10-16,Western,York,5,2, OUA #39 ,October 2022,Final,20221016_q5eb,NA
https://en.usports.ca/sports/fh/2022-23/boxscores/20221019_2ig4.xml,1,1,1,0,2022-23,2022-10-19,Waterloo,Western,4,2, ,October 2022,Final,20221019_2ig4,NA
https://en.usports.ca/sports/fh/2022-23/boxscores/20220917_o9r1.xml,1,1,0,0,2022-23,2022-09-17,McGill,York,12,0, OUA #4 ,September 2022,Final,20220917_o9r1,NA
https://en.usports.ca/sports/fh/2022-23/boxscores/20220918_e3we.xml,1,1,0,0,2022-23,2022-09-18,McGill,York,10,0, OUA #8 ,September 2022,Final,20220918_e3we,NA
https://en.usports.ca/sports/fh/2022-23/boxscores/20220923_1yhd.xml,1,1,0,0,2022-23,2022-09-23,Guelph,York,1,1, OUA #9 ,September 2022,Final,20220923_1yhd,NA
https://en.usports.ca/sports/fh/2022-23/boxscores/20220925_jvjo.xml,1,1,0,0,2022-23,2022-09-25,York,Waterloo,0,2, OUA #14 ,September 2022,Final,20220925_jvjo,NA
https://en.usports.ca/sports/fh/2022-23/boxscores/20220928_inj8.xml,1,1,0,0,2022-23,2022-09-28,York,Toronto,3,0, OUA #30 ,September 2022,Final,20220928_inj8,NA
https://en.usports.ca/sports/fh/2022-23/boxscores/20220930_a82y.xml,1,1,0,0,2022-23,2022-09-30,York,Queen's,0,3, OUA #20 ,September 2022,Final,20220930_a82y,NA
https://en.usports.ca/sports/fh/2022-23/boxscores/20221002_gb7j.xml,1,1,0,0,2022-23,2022-10-02,Queen's,York,6,0, OUA #24 ,October 2022,Final,20221002_gb7j,NA
https://en.usports.ca/sports/fh/2022-23/boxscores/20221005_ypvh.xml,1,1,0,0,2022-23,2022-10-05,Toronto,York,1,3, OUA #26 ,October 2022,Final,20221005_ypvh,NA
https://en.usports.ca/sports/fh/2022-23/boxscores/20221012_argo.xml,1,1,0,0,2022-23,2022-10-12,York,McMaster,1,3, OUA #35 ,October 2022,Final,20221012_argo,NA
https://en.usports.ca/sports/fh/2022-23/boxscores/20221016_q5eb.xml,1,1,0,0,2022-23,2022-10-16,Western,York,5,2, OUA #39 ,October 2022,Final,20221016_q5eb,NA
https://en.usports.ca/sports/fh/2022-23/boxscores/20221022_6509.xml,1,0,1,0,2022-23,2022-10-22,York,Guelph,0,1, Semifinal ,October 2022,Final,20221022_6509,NA
https://en.usports.ca/sports/fh/2021-22p/boxscores/20211029_ng10.xml,0,0,1,0,2021-22p,2021-10-29,Western,Guelph,3,1, OUA Semifinal ,October 2021,Final,20211029_ng10,NA
https://en.usports.ca/sports/fh/2021-22p/boxscores/20211107_2fd4.xml,0,0,1,0,2021-22p,2021-11-07,Guelph,Toronto,3,0, Championnat SUO / OUA Championship ,November 2021,Final,20211107_2fd4,NA
https://en.usports.ca/sports/fh/2021-22p/boxscores/20211030_rqc6.xml,0,0,1,0,2021-22p,2021-10-30,York,Toronto,2,1, OUA Semifinal ,October 2021,Final,20211030_rqc6,NA
https://en.usports.ca/sports/fh/2021-22p/boxscores/20211107_2fd4.xml,0,0,1,0,2021-22p,2021-11-07,Guelph,Toronto,3,0, Championnat SUO / OUA Championship ,November 2021,Final,20211107_2fd4,NA
https://en.usports.ca/sports/fh/2021-22p/boxscores/20211029_ng10.xml,0,0,1,0,2021-22p,2021-10-29,Western,Guelph,3,1, OUA Semifinal ,October 2021,Final,20211029_ng10,NA
https://en.usports.ca/sports/fh/2021-22p/boxscores/20211030_rqc6.xml,0,0,1,0,2021-22p,2021-10-30,York,Toronto,2,1, OUA Semifinal ,October 2021,Final,20211030_rqc6,NA
https://en.usports.ca/sports/fh/2021-22c/boxscores/20211112_qout.xml,0,0,1,0,2021-22c,2021-11-12,Victoria,Toronto,1,1, Game/Match 1 (Toronto wins 3-2 on penalty strokes)  ,November 2021,Final - PS Home,20211112_qout,/sports/fh/2021-22c/releases/20240319qlsbrw
https://en.usports.ca/sports/fh/2021-22c/boxscores/20211113_k1uy.xml,0,0,1,0,2021-22c,2021-11-13,Victoria,Toronto,1,1, Game/Match 2 (Victoria wins 3-0 on penalty strokes)  ,November 2021,Final - PS Away,20211113_k1uy,/sports/fh/2021-22c/releases/20240319qc2z8l
https://en.usports.ca/sports/fh/2021-22c/boxscores/20211114_d4h2.xml,0,0,1,0,2021-22c,2021-11-14,Victoria,Toronto,2,2, Game 3 (best of 3 series) if necessary / 3e match (séries 2 de 3) si necessaire  ,November 2021,Final - PS Away,20211114_d4h2,/sports/fh/2021-22c/releases/20240319pytj9a
https://en.usports.ca/sports/fh/2021-22c/boxscores/20211112_qout.xml,0,0,1,0,2021-22c,2021-11-12,Victoria,Toronto,1,1, Game/Match 1 (Toronto wins 3-2 on penalty strokes)  ,November 2021,Final - PS Home,20211112_qout,/sports/fh/2021-22c/releases/20240319qlsbrw
https://en.usports.ca/sports/fh/2021-22c/boxscores/20211113_k1uy.xml,0,0,1,0,2021-22c,2021-11-13,Victoria,Toronto,1,1, Game/Match 2 (Victoria wins 3-0 on penalty strokes)  ,November 2021,Final - PS Away,20211113_k1uy,/sports/fh/2021-22c/releases/20240319qc2z8l
https://en.usports.ca/sports/fh/2021-22c/boxscores/20211114_d4h2.xml,0,0,1,0,2021-22c,2021-11-14,Victoria,Toronto,2,2, Game 3 (best of 3 series) if necessary / 3e match (séries 2 de 3) si necessaire  ,November 2021,Final - PS Away,20211114_d4h2,/sports/fh/2021-22c/releases/20240319pytj9a
NA,0,1,0,0,2021-22,NA,Victoria,Calgary,0,7, CW Regular Season (at Victoria),October 2021,Final,NA,NA
NA,0,1,0,0,2021-22,NA,Calgary,UBC,7,0, CW Regular Season (at Victoria),October 2021,Final,NA,NA
NA,0,1,0,0,2021-22,NA,Victoria,Calgary,0,6, CW Regular Season (at Victoria),October 2021,Final,NA,NA
NA,0,1,0,0,2021-22,NA,Calgary,UBC,5,0, CW Regular Season (at Victoria),October 2021,Final,NA,NA
NA,0,1,0,0,2021-22,NA,UBC,Calgary,0,5, CW Regular Season (at UBC),October 2021,Final,NA,NA
NA,0,1,0,0,2021-22,NA,Calgary,Victoria,6,0, CW Regular Season (at UBC),October 2021,Final,NA,NA
NA,0,1,0,0,2021-22,NA,UBC,Calgary,0,3, CW Regular Season (at UBC),October 2021,Final,NA,NA
NA,0,1,0,0,2021-22,NA,Victoria,Calgary,1,5, CW,October 2021,Final,NA,NA
https://en.usports.ca/sports/fh/2021-22/boxscores/20210924_2qyc.xml,0,1,0,0,2021-22,2021-09-24,Guelph,McMaster,0,0, OUA Regular Season (at Guelph) ,September 2021,Final,20210924_2qyc,NA
https://en.usports.ca/sports/fh/2021-22/boxscores/20210928_5hxh.xml,0,1,0,0,2021-22,2021-09-28,McMaster,Guelph,3,0, OUA Regular Season ,September 2021,Final,20210928_5hxh,NA
https://en.usports.ca/sports/fh/2021-22/boxscores/20211001_rfad.xml,0,1,0,0,2021-22,2021-10-01,Waterloo,Guelph,1,2, OUA Regular Season ,October 2021,Final,20211001_rfad,NA
https://en.usports.ca/sports/fh/2021-22/boxscores/20211003_gm7f.xml,0,1,0,0,2021-22,2021-10-03,Guelph,Waterloo,2,2, OUA Regular Season ,October 2021,Final,20211003_gm7f,NA
https://en.usports.ca/sports/fh/2021-22/boxscores/20211015_owwp.xml,0,1,0,0,2021-22,2021-10-15,Guelph,Western,1,2, OUA Regular Season ,October 2021,Final,20211015_owwp,NA
https://en.usports.ca/sports/fh/2021-22/boxscores/20211019_m6os.xml,0,1,0,0,2021-22,2021-10-19,Western,Guelph,2,1, OUA Regular Season ,October 2021,Final,20211019_m6os,NA
https://en.usports.ca/sports/fh/2021-22/boxscores/20211022_n68t.xml,0,1,0,0,2021-22,2021-10-22,Guelph,Waterloo,0,1, OUA Regular Season ,October 2021,Final,20211022_n68t,NA
https://en.usports.ca/sports/fh/2021-22/boxscores/20211024_vqcd.xml,0,1,0,0,2021-22,2021-10-24,Waterloo,Guelph,3,1, OUA Regular Season ,October 2021,Final,20211024_vqcd,NA
https://en.usports.ca/sports/fh/2021-22/boxscores/20210924_2qyc.xml,0,1,0,0,2021-22,2021-09-24,Guelph,McMaster,0,0, OUA Regular Season (at Guelph) ,September 2021,Final,20210924_2qyc,NA
https://en.usports.ca/sports/fh/2021-22/boxscores/20210928_5hxh.xml,0,1,0,0,2021-22,2021-09-28,McMaster,Guelph,3,0, OUA Regular Season ,September 2021,Final,20210928_5hxh,NA
https://en.usports.ca/sports/fh/2021-22/boxscores/20211001_a2g9.xml,0,1,0,0,2021-22,2021-10-01,Western,McMaster,0,2, OUA Regular Season (at Guelph) ,October 2021,Final,20211001_a2g9,NA
https://en.usports.ca/sports/fh/2021-22/boxscores/20211003_avdj.xml,0,1,0,0,2021-22,2021-10-03,McMaster,Western,3,1, OUA Regular Season ,October 2021,Final,20211003_avdj,NA
https://en.usports.ca/sports/fh/2021-22/boxscores/20211017_q7ax.xml,0,1,0,0,2021-22,2021-10-17,McMaster,Waterloo,3,0, OUA Regular Season ,October 2021,Final,20211017_q7ax,NA
https://en.usports.ca/sports/fh/2021-22/boxscores/20211019_3kyi.xml,0,1,0,0,2021-22,2021-10-19,Waterloo,McMaster,1,2, OUA - Rescheduled from Oct. 15 ,October 2021,Final,20211019_3kyi,NA
https://en.usports.ca/sports/fh/2021-22/boxscores/20211022_w85f.xml,0,1,0,0,2021-22,2021-10-22,Western,McMaster,1,3, OUA Regular Season (at Guelph) ,October 2021,Final,20211022_w85f,NA
https://en.usports.ca/sports/fh/2021-22/boxscores/20211024_fvnr.xml,0,1,0,0,2021-22,2021-10-24,McMaster,Western,2,1, OUA Regular Season ,October 2021,Final,20211024_fvnr,NA
https://en.usports.ca/sports/fh/2021-22/boxscores/20210926_zw5z.xml,0,1,0,0,2021-22,2021-09-26,Queen's,York,3,0, OUA Regular Season ,September 2021,Final,20210926_zw5z,NA
https://en.usports.ca/sports/fh/2021-22/boxscores/20210926_igwh.xml,0,1,0,0,2021-22,2021-09-26,Queen's,York,3,1, OUA Regular Season ,September 2021,Final,20210926_igwh,NA
https://en.usports.ca/sports/fh/2021-22/boxscores/20211002_2hqs.xml,0,1,0,0,2021-22,2021-10-02,Toronto,Queen's,0,8, OUA Regular Season ,October 2021,Final,20211002_2hqs,NA
https://en.usports.ca/sports/fh/2021-22/boxscores/20211002_4jew.xml,0,1,0,0,2021-22,2021-10-02,Toronto,Queen's,2,3, OUA Regular Season ,October 2021,Final,20211002_4jew,NA
https://en.usports.ca/sports/fh/2021-22/boxscores/20211016_bgs9.xml,0,1,0,0,2021-22,2021-10-16,Queen's,Toronto,5,1, OUA Regular Season ,October 2021,Final,20211016_bgs9,NA
https://en.usports.ca/sports/fh/2021-22/boxscores/20211016_kbz7.xml,0,1,0,0,2021-22,2021-10-16,Queen's,Toronto,2,0, OUA Regular Season ,October 2021,Final,20211016_kbz7,NA
https://en.usports.ca/sports/fh/2021-22/boxscores/20211023_xdnp.xml,0,1,0,0,2021-22,2021-10-23,York,Queen's,0,2, OUA Regular Season ,October 2021,Final,20211023_xdnp,NA
https://en.usports.ca/sports/fh/2021-22/boxscores/20211023_ztkw.xml,0,1,0,0,2021-22,2021-10-23,York,Queen's,1,2, OUA Regular Season ,October 2021,Final,20211023_ztkw,NA
https://en.usports.ca/sports/fh/2021-22/boxscores/20210929_6csa.xml,0,1,0,0,2021-22,2021-09-29,York,Toronto,1,1, OUA Regular Season ,September 2021,Final,20210929_6csa,NA
https://en.usports.ca/sports/fh/2021-22/boxscores/20211002_2hqs.xml,0,1,0,0,2021-22,2021-10-02,Toronto,Queen's,0,8, OUA Regular Season ,October 2021,Final,20211002_2hqs,NA
https://en.usports.ca/sports/fh/2021-22/boxscores/20211002_4jew.xml,0,1,0,0,2021-22,2021-10-02,Toronto,Queen's,2,3, OUA Regular Season ,October 2021,Final,20211002_4jew,NA
https://en.usports.ca/sports/fh/2021-22/boxscores/20211006_3zba.xml,0,1,0,0,2021-22,2021-10-06,York,Toronto,2,0, OUA Regular Season ,October 2021,Final,20211006_3zba,NA
https://en.usports.ca/sports/fh/2021-22/boxscores/20211008_94zu.xml,0,1,0,0,2021-22,2021-10-08,Toronto,York,1,2, OUA Regular Season ,October 2021,Final,20211008_94zu,NA
https://en.usports.ca/sports/fh/2021-22/boxscores/20211016_bgs9.xml,0,1,0,0,2021-22,2021-10-16,Queen's,Toronto,5,1, OUA Regular Season ,October 2021,Final,20211016_bgs9,NA
https://en.usports.ca/sports/fh/2021-22/boxscores/20211016_kbz7.xml,0,1,0,0,2021-22,2021-10-16,Queen's,Toronto,2,0, OUA Regular Season ,October 2021,Final,20211016_kbz7,NA
https://en.usports.ca/sports/fh/2021-22/boxscores/20211020_kuap.xml,0,1,0,0,2021-22,2021-10-20,Toronto,York,2,2, OUA Regular Season ,October 2021,Final,20211020_kuap,NA
NA,0,1,0,0,2021-22,NA,Calgary,UBC,7,0, CW Regular Season (at Victoria),October 2021,Final,NA,NA
NA,0,1,0,0,2021-22,NA,UBC,Victoria,3,1, CW Regular Season (at Victoria),October 2021,Final,NA,NA
NA,0,1,0,0,2021-22,NA,Calgary,UBC,5,0, CW Regular Season (at Victoria),October 2021,Final,NA,NA
NA,0,1,0,0,2021-22,NA,UBC,Victoria,3,0, CW Regular Season (at Victoria),October 2021,Final,NA,NA
NA,0,1,0,0,2021-22,NA,UBC,Calgary,0,5, CW Regular Season (at UBC),October 2021,Final,NA,NA
NA,0,1,0,0,2021-22,NA,Victoria,UBC,1,1, CW. Victoria wins shootout 4-1,October 2021,Final - PS Away,NA,NA
NA,0,1,0,0,2021-22,NA,UBC,Calgary,0,3, CW Regular Season (at UBC),October 2021,Final,NA,NA
NA,0,1,0,0,2021-22,NA,Victoria,UBC,0,1, CW Regular Season (at UBC),October 2021,Final,NA,NA
NA,0,1,0,0,2021-22,NA,Victoria,Calgary,0,7, CW Regular Season (at Victoria),October 2021,Final,NA,NA
NA,0,1,0,0,2021-22,NA,UBC,Victoria,3,1, CW Regular Season (at Victoria),October 2021,Final,NA,NA
NA,0,1,0,0,2021-22,NA,Victoria,Calgary,0,6, CW Regular Season (at Victoria),October 2021,Final,NA,NA
NA,0,1,0,0,2021-22,NA,UBC,Victoria,3,0, CW Regular Season (at Victoria),October 2021,Final,NA,NA
NA,0,1,0,0,2021-22,NA,Calgary,Victoria,6,0, CW Regular Season (at UBC),October 2021,Final,NA,NA
NA,0,1,0,0,2021-22,NA,Victoria,UBC,1,1, CW. Victoria wins shootout 4-1,October 2021,Final - PS Away,NA,NA
NA,0,1,0,0,2021-22,NA,Calgary,Victoria,5,1, CW,October 2021,Final,NA,NA
NA,0,1,0,0,2021-22,NA,Victoria,UBC,0,1, CW Regular Season (at UBC),October 2021,Final,NA,NA
https://en.usports.ca/sports/fh/2021-22/boxscores/20210925_ftel.xml,0,1,0,0,2021-22,2021-09-25,Waterloo,Western,2,2, OUA Regular Season ,September 2021,Final,20210925_ftel,NA
https://en.usports.ca/sports/fh/2021-22/boxscores/20210926_w286.xml,0,1,0,0,2021-22,2021-09-26,Western,Waterloo,0,2, OUA Regular Season ,September 2021,Final,20210926_w286,NA
https://en.usports.ca/sports/fh/2021-22/boxscores/20211001_rfad.xml,0,1,0,0,2021-22,2021-10-01,Waterloo,Guelph,1,2, OUA Regular Season ,October 2021,Final,20211001_rfad,NA
https://en.usports.ca/sports/fh/2021-22/boxscores/20211003_gm7f.xml,0,1,0,0,2021-22,2021-10-03,Guelph,Waterloo,2,2, OUA Regular Season ,October 2021,Final,20211003_gm7f,NA
https://en.usports.ca/sports/fh/2021-22/boxscores/20211017_q7ax.xml,0,1,0,0,2021-22,2021-10-17,McMaster,Waterloo,3,0, OUA Regular Season ,October 2021,Final,20211017_q7ax,NA
https://en.usports.ca/sports/fh/2021-22/boxscores/20211019_3kyi.xml,0,1,0,0,2021-22,2021-10-19,Waterloo,McMaster,1,2, OUA - Rescheduled from Oct. 15 ,October 2021,Final,20211019_3kyi,NA
https://en.usports.ca/sports/fh/2021-22/boxscores/20211022_n68t.xml,0,1,0,0,2021-22,2021-10-22,Guelph,Waterloo,0,1, OUA Regular Season ,October 2021,Final,20211022_n68t,NA
https://en.usports.ca/sports/fh/2021-22/boxscores/20211024_vqcd.xml,0,1,0,0,2021-22,2021-10-24,Waterloo,Guelph,3,1, OUA Regular Season ,October 2021,Final,20211024_vqcd,NA
https://en.usports.ca/sports/fh/2021-22/boxscores/20210925_ftel.xml,0,1,0,0,2021-22,2021-09-25,Waterloo,Western,2,2, OUA Regular Season ,September 2021,Final,20210925_ftel,NA
https://en.usports.ca/sports/fh/2021-22/boxscores/20210926_w286.xml,0,1,0,0,2021-22,2021-09-26,Western,Waterloo,0,2, OUA Regular Season ,September 2021,Final,20210926_w286,NA
https://en.usports.ca/sports/fh/2021-22/boxscores/20211001_a2g9.xml,0,1,0,0,2021-22,2021-10-01,Western,McMaster,0,2, OUA Regular Season (at Guelph) ,October 2021,Final,20211001_a2g9,NA
https://en.usports.ca/sports/fh/2021-22/boxscores/20211003_avdj.xml,0,1,0,0,2021-22,2021-10-03,McMaster,Western,3,1, OUA Regular Season ,October 2021,Final,20211003_avdj,NA
https://en.usports.ca/sports/fh/2021-22/boxscores/20211015_owwp.xml,0,1,0,0,2021-22,2021-10-15,Guelph,Western,1,2, OUA Regular Season ,October 2021,Final,20211015_owwp,NA
https://en.usports.ca/sports/fh/2021-22/boxscores/20211019_m6os.xml,0,1,0,0,2021-22,2021-10-19,Western,Guelph,2,1, OUA Regular Season ,October 2021,Final,20211019_m6os,NA
https://en.usports.ca/sports/fh/2021-22/boxscores/20211022_w85f.xml,0,1,0,0,2021-22,2021-10-22,Western,McMaster,1,3, OUA Regular Season (at Guelph) ,October 2021,Final,20211022_w85f,NA
https://en.usports.ca/sports/fh/2021-22/boxscores/20211024_fvnr.xml,0,1,0,0,2021-22,2021-10-24,McMaster,Western,2,1, OUA Regular Season ,October 2021,Final,20211024_fvnr,NA
https://en.usports.ca/sports/fh/2021-22/boxscores/20210926_zw5z.xml,0,1,0,0,2021-22,2021-09-26,Queen's,York,3,0, OUA Regular Season ,September 2021,Final,20210926_zw5z,NA
https://en.usports.ca/sports/fh/2021-22/boxscores/20210926_igwh.xml,0,1,0,0,2021-22,2021-09-26,Queen's,York,3,1, OUA Regular Season ,September 2021,Final,20210926_igwh,NA
https://en.usports.ca/sports/fh/2021-22/boxscores/20210929_6csa.xml,0,1,0,0,2021-22,2021-09-29,York,Toronto,1,1, OUA Regular Season ,September 2021,Final,20210929_6csa,NA
https://en.usports.ca/sports/fh/2021-22/boxscores/20211006_3zba.xml,0,1,0,0,2021-22,2021-10-06,York,Toronto,2,0, OUA Regular Season ,October 2021,Final,20211006_3zba,NA
https://en.usports.ca/sports/fh/2021-22/boxscores/20211008_94zu.xml,0,1,0,0,2021-22,2021-10-08,Toronto,York,1,2, OUA Regular Season ,October 2021,Final,20211008_94zu,NA
https://en.usports.ca/sports/fh/2021-22/boxscores/20211020_kuap.xml,0,1,0,0,2021-22,2021-10-20,Toronto,York,2,2, OUA Regular Season ,October 2021,Final,20211020_kuap,NA
https://en.usports.ca/sports/fh/2021-22/boxscores/20211023_xdnp.xml,0,1,0,0,2021-22,2021-10-23,York,Queen's,0,2, OUA Regular Season ,October 2021,Final,20211023_xdnp,NA
https://en.usports.ca/sports/fh/2021-22/boxscores/20211023_ztkw.xml,0,1,0,0,2021-22,2021-10-23,York,Queen's,1,2, OUA Regular Season ,October 2021,Final,20211023_ztkw,NA
https://en.usports.ca/sports/fh/2019-20p/boxscores/20191025_2qfe.xml,0,1,1,0,2019-20p,2019-10-25,McMaster,Guelph,8,0, Game 1 ,October 2019,Final,20191025_2qfe,NA
https://en.usports.ca/sports/fh/2019-20p/boxscores/20191026_dd5y.xml,0,0,1,0,2019-20p,2019-10-26,Waterloo,Guelph,7,2, Game 6 ,October 2019,Final,20191026_dd5y,NA
https://en.usports.ca/sports/fh/2019-20p/boxscores/20191027_hc3a.xml,0,0,1,0,2019-20p,2019-10-27,Toronto,Guelph,1,0, Game 12 - Gold Medal ,October 2019,Final,20191027_hc3a,NA
https://en.usports.ca/sports/fh/2019-20p/boxscores/20191025_5gaj.xml,0,0,1,0,2019-20p,2019-10-25,McGill,Toronto,7,0, Game 4 ,October 2019,Final,20191025_5gaj,NA
https://en.usports.ca/sports/fh/2019-20p/boxscores/20191026_1zhk.xml,0,0,1,0,2019-20p,2019-10-26,McGill,Western,1,3, Game 8 ,October 2019,Final,20191026_1zhk,NA
https://en.usports.ca/sports/fh/2019-20p/boxscores/20191027_g4qq.xml,0,0,1,0,2019-20p,2019-10-27,McGill,Queen's,5,2, Game 10 - 5th Place Game ,October 2019,Final,20191027_g4qq,NA
https://en.usports.ca/sports/fh/2019-20p/boxscores/20191025_2qfe.xml,0,1,1,0,2019-20p,2019-10-25,Guelph,McMaster,0,8, Game 1 ,October 2019,Final,20191025_2qfe,NA
https://en.usports.ca/sports/fh/2019-20p/boxscores/20191026_jsdc.xml,0,0,1,0,2019-20p,2019-10-26,McMaster,Queen's,6,0, Game 7 ,October 2019,Final,20191026_jsdc,NA
https://en.usports.ca/sports/fh/2019-20p/boxscores/20191027_2s4g.xml,0,0,1,0,2019-20p,2019-10-27,McMaster,Western,2,1, Game 9 - 7th Place Game ,October 2019,Final,20191027_2s4g,NA
https://en.usports.ca/sports/fh/2019-20p/boxscores/20191025_mg5v.xml,0,1,1,0,2019-20p,2019-10-25,Waterloo,Queen's,2,3, Game 3 ,October 2019,Final,20191025_mg5v,NA
https://en.usports.ca/sports/fh/2019-20p/boxscores/20191026_jsdc.xml,0,0,1,0,2019-20p,2019-10-26,McMaster,Queen's,6,0, Game 7 ,October 2019,Final,20191026_jsdc,NA
https://en.usports.ca/sports/fh/2019-20p/boxscores/20191027_g4qq.xml,0,0,1,0,2019-20p,2019-10-27,McGill,Queen's,5,2, Game 10 - 5th Place Game ,October 2019,Final,20191027_g4qq,NA
https://en.usports.ca/sports/fh/2019-20p/boxscores/20191025_5gaj.xml,0,0,1,0,2019-20p,2019-10-25,McGill,Toronto,7,0, Game 4 ,October 2019,Final,20191025_5gaj,NA
https://en.usports.ca/sports/fh/2019-20p/boxscores/20191026_nx7y.xml,0,0,1,0,2019-20p,2019-10-26,York,Toronto,2,1, Game 5 ,October 2019,Final,20191026_nx7y,NA
https://en.usports.ca/sports/fh/2019-20p/boxscores/20191027_hc3a.xml,0,0,1,0,2019-20p,2019-10-27,Toronto,Guelph,1,0, Game 12 - Gold Medal ,October 2019,Final,20191027_hc3a,NA
https://en.usports.ca/sports/fh/2019-20p/boxscores/20191025_mg5v.xml,0,1,1,0,2019-20p,2019-10-25,Waterloo,Queen's,2,3, Game 3 ,October 2019,Final,20191025_mg5v,NA
https://en.usports.ca/sports/fh/2019-20p/boxscores/20191026_dd5y.xml,0,0,1,0,2019-20p,2019-10-26,Waterloo,Guelph,7,2, Game 6 ,October 2019,Final,20191026_dd5y,NA
https://en.usports.ca/sports/fh/2019-20p/boxscores/20191027_uu52.xml,0,0,1,0,2019-20p,2019-10-27,Waterloo,York,0,1, Game 11 - Bronze Medal ,October 2019,Final,20191027_uu52,NA
https://en.usports.ca/sports/fh/2019-20p/boxscores/20191025_qo25.xml,0,0,1,0,2019-20p,2019-10-25,Western,York,3,0, Game 2 ,October 2019,Final,20191025_qo25,NA
https://en.usports.ca/sports/fh/2019-20p/boxscores/20191026_1zhk.xml,0,0,1,0,2019-20p,2019-10-26,McGill,Western,1,3, Game 8 ,October 2019,Final,20191026_1zhk,NA
https://en.usports.ca/sports/fh/2019-20p/boxscores/20191027_2s4g.xml,0,0,1,0,2019-20p,2019-10-27,McMaster,Western,2,1, Game 9 - 7th Place Game ,October 2019,Final,20191027_2s4g,NA
https://en.usports.ca/sports/fh/2019-20p/boxscores/20191025_qo25.xml,0,0,1,0,2019-20p,2019-10-25,Western,York,3,0, Game 2 ,October 2019,Final,20191025_qo25,NA
https://en.usports.ca/sports/fh/2019-20p/boxscores/20191026_nx7y.xml,0,0,1,0,2019-20p,2019-10-26,York,Toronto,2,1, Game 5 ,October 2019,Final,20191026_nx7y,NA
https://en.usports.ca/sports/fh/2019-20p/boxscores/20191027_uu52.xml,0,0,1,0,2019-20p,2019-10-27,Waterloo,York,0,1, Game 11 - Bronze Medal ,October 2019,Final,20191027_uu52,NA
NA,1,0,1,0,2019-20c,NA,Victoria,Guelph,0,3, Match #1  ,November 2019,Final,NA,/sports/fh/2019-20c/releases/2024032217x18c
NA,1,0,1,0,2019-20c,NA,Victoria,Guelph,1,3, Match #2  ,November 2019,Final,NA,/sports/fh/2019-20c/releases/202403221pdnij
NA,1,0,1,0,2019-20c,NA,Guelph,Victoria,3,0, Match #1  ,November 2019,Final,NA,/sports/fh/2019-20c/releases/2024032217x18c
NA,1,0,1,0,2019-20c,NA,Guelph,Victoria,3,1, Match #2  ,November 2019,Final,NA,/sports/fh/2019-20c/releases/202403221pdnij
NA,0,1,0,0,2019-20,NA,UBC,Calgary,1,2," Calgary, AB",September 2019,Final,NA,NA
NA,0,1,0,0,2019-20,NA,UBC,Calgary,3,4," Calgary, AB",September 2019,Final,NA,NA
NA,0,1,0,0,2019-20,NA,Victoria,Calgary,2,2," Calgary, AB",September 2019,Final,NA,NA
NA,0,1,0,0,2019-20,NA,Victoria,Calgary,0,3," Calgary, AB",September 2019,Final,NA,NA
NA,0,1,0,0,2019-20,NA,Calgary,UBC,2,2,NA,October 2019,Final,NA,NA
NA,0,1,0,0,2019-20,NA,Calgary,UBC,1,1,NA,October 2019,Final,NA,NA
NA,0,1,0,0,2019-20,NA,Calgary,Victoria,1,0," Victoria, BC",October 2019,Final,NA,NA
NA,0,1,0,0,2019-20,NA,Calgary,Victoria,2,1," Victoria, BC",October 2019,Final,NA,NA
https://en.usports.ca/sports/fh/2019-20/boxscores/20190908_dyfm.xml,0,1,0,0,2019-20,2019-09-08,Guelph,Western,1,8, York ,September 2019,Final,20190908_dyfm,NA
https://en.usports.ca/sports/fh/2019-20/boxscores/20190914_hgoq.xml,0,1,0,0,2019-20,2019-09-14,Guelph,McGill,0,12, Queen's ,September 2019,Final,20190914_hgoq,NA
https://en.usports.ca/sports/fh/2019-20/boxscores/20190914_09kg.xml,0,1,0,0,2019-20,2019-09-14,Queen's,Guelph,6,0, Queen's ,September 2019,Final,20190914_09kg,NA
https://en.usports.ca/sports/fh/2019-20/boxscores/20190915_y66h.xml,0,1,0,0,2019-20,2019-09-15,York,Guelph,0,3, Queen's ,September 2019,Final,20190915_y66h,NA
https://en.usports.ca/sports/fh/2019-20/boxscores/20190921_5894.xml,0,1,0,0,2019-20,2019-09-21,Guelph,Toronto,2,2, Western ,September 2019,Final,20190921_5894,NA
https://en.usports.ca/sports/fh/2019-20/boxscores/20190922_23eb.xml,0,1,0,0,2019-20,2019-09-22,Western,Guelph,4,2, York ,September 2019,Final,20190922_23eb,NA
https://en.usports.ca/sports/fh/2019-20/boxscores/20190928_wu1d.xml,0,1,0,0,2019-20,2019-09-28,Waterloo,Guelph,4,2, Toronto ,September 2019,Final,20190928_wu1d,NA
https://en.usports.ca/sports/fh/2019-20/boxscores/20190929_zpm1.xml,0,1,0,0,2019-20,2019-09-29,Guelph,Queen's,1,9, Toronto ,September 2019,Final,20190929_zpm1,NA
https://en.usports.ca/sports/fh/2019-20/boxscores/20191005_5ca7.xml,0,1,0,0,2019-20,2019-10-05,Guelph,Waterloo,0,2, Guelph ,October 2019,Final,20191005_5ca7,NA
https://en.usports.ca/sports/fh/2019-20/boxscores/20191005_8ifm.xml,0,1,0,0,2019-20,2019-10-05,Guelph,York,0,2, Guelph ,October 2019,Final,20191005_8ifm,NA
https://en.usports.ca/sports/fh/2019-20/boxscores/20191019_v06v.xml,0,1,0,0,2019-20,2019-10-19,McGill,Guelph,4,0, Waterloo ,October 2019,Final,20191019_v06v,NA
https://en.usports.ca/sports/fh/2019-20/boxscores/20191019_up0e.xml,0,1,0,0,2019-20,2019-10-19,Toronto,Guelph,1,0, Waterloo ,October 2019,Final,20191019_up0e,NA
https://en.usports.ca/sports/fh/2019-20/boxscores/20190908_t8qr.xml,0,1,0,0,2019-20,2019-09-08,McGill,Toronto,9,0, York ,September 2019,Final,20190908_t8qr,NA
https://en.usports.ca/sports/fh/2019-20/boxscores/20190908_80mm.xml,0,1,0,0,2019-20,2019-09-08,York,McGill,0,4, York ,September 2019,Final,20190908_80mm,NA
https://en.usports.ca/sports/fh/2019-20/boxscores/20190914_hgoq.xml,0,1,0,0,2019-20,2019-09-14,Guelph,McGill,0,12, Queen's ,September 2019,Final,20190914_hgoq,NA
https://en.usports.ca/sports/fh/2019-20/boxscores/20190915_o4dn.xml,0,1,0,0,2019-20,2019-09-15,Waterloo,McGill,0,4, Queen's ,September 2019,Final,20190915_o4dn,NA
https://en.usports.ca/sports/fh/2019-20/boxscores/20190915_jn84.xml,0,1,0,0,2019-20,2019-09-15,McGill,York,10,0, Queen's ,September 2019,Final,20190915_jn84,NA
https://en.usports.ca/sports/fh/2019-20/boxscores/20190921_viwf.xml,0,1,0,0,2019-20,2019-09-21,McGill,Western,5,0, Western ,September 2019,Final,20190921_viwf,NA
https://en.usports.ca/sports/fh/2019-20/boxscores/20190922_hwfw.xml,0,1,0,0,2019-20,2019-09-22,Toronto,McGill,0,12, York ,September 2019,Final,20190922_hwfw,NA
https://en.usports.ca/sports/fh/2019-20/boxscores/20191012_y0ft.xml,0,1,0,0,2019-20,2019-10-12,Queen's,McGill,1,3, Queen's ,October 2019,Final,20191012_y0ft,NA
https://en.usports.ca/sports/fh/2019-20/boxscores/20191012_2e1o.xml,0,1,0,0,2019-20,2019-10-12,McGill,Queen's,3,0, Queen's ,October 2019,Final,20191012_2e1o,NA
https://en.usports.ca/sports/fh/2019-20/boxscores/20191019_vuxn.xml,0,1,0,0,2019-20,2019-10-19,McGill,Waterloo,4,1, Waterloo ,October 2019,Final,20191019_vuxn,NA
https://en.usports.ca/sports/fh/2019-20/boxscores/20191019_v06v.xml,0,1,0,0,2019-20,2019-10-19,McGill,Guelph,4,0, Waterloo ,October 2019,Final,20191019_v06v,NA
https://en.usports.ca/sports/fh/2019-20/boxscores/20191020_njk8.xml,0,1,0,0,2019-20,2019-10-20,Western,McGill,1,2, Waterloo ,October 2019,Final,20191020_njk8,NA
https://en.usports.ca/sports/fh/2019-20/boxscores/20190908_o0nh.xml,0,1,0,0,2019-20,2019-09-08,Queen's,Waterloo,1,2, York ,September 2019,Final,20190908_o0nh,NA
https://en.usports.ca/sports/fh/2019-20/boxscores/20190914_7jhx.xml,0,1,0,0,2019-20,2019-09-14,Toronto,Queen's,0,8, Queen's ,September 2019,Final,20190914_7jhx,NA
https://en.usports.ca/sports/fh/2019-20/boxscores/20190914_09kg.xml,0,1,0,0,2019-20,2019-09-14,Queen's,Guelph,6,0, Queen's ,September 2019,Final,20190914_09kg,NA
https://en.usports.ca/sports/fh/2019-20/boxscores/20190915_7iid.xml,0,1,0,0,2019-20,2019-09-15,Western,Queen's,5,2, Queen's ,September 2019,Final,20190915_7iid,NA
https://en.usports.ca/sports/fh/2019-20/boxscores/20190921_16cy.xml,0,1,0,0,2019-20,2019-09-21,Waterloo,Queen's,0,1, Western ,September 2019,Final,20190921_16cy,NA
https://en.usports.ca/sports/fh/2019-20/boxscores/20190928_yi5v.xml,0,1,0,0,2019-20,2019-09-28,Queen's,York,3,1, Toronto ,September 2019,Final,20190928_yi5v,NA
https://en.usports.ca/sports/fh/2019-20/boxscores/20190929_zpm1.xml,0,1,0,0,2019-20,2019-09-29,Guelph,Queen's,1,9, Toronto ,September 2019,Final,20190929_zpm1,NA
https://en.usports.ca/sports/fh/2019-20/boxscores/20191012_y0ft.xml,0,1,0,0,2019-20,2019-10-12,Queen's,McGill,1,3, Queen's ,October 2019,Final,20191012_y0ft,NA
https://en.usports.ca/sports/fh/2019-20/boxscores/20191012_2e1o.xml,0,1,0,0,2019-20,2019-10-12,McGill,Queen's,3,0, Queen's ,October 2019,Final,20191012_2e1o,NA
https://en.usports.ca/sports/fh/2019-20/boxscores/20191019_s63b.xml,0,1,0,0,2019-20,2019-10-19,Queen's,Western,1,3, Waterloo ,October 2019,Final,20191019_s63b,NA
https://en.usports.ca/sports/fh/2019-20/boxscores/20191019_61a5.xml,0,1,0,0,2019-20,2019-10-19,York,Queen's,1,3, Waterloo ,October 2019,Final,20191019_61a5,NA
https://en.usports.ca/sports/fh/2019-20/boxscores/20191020_xal7.xml,0,1,0,0,2019-20,2019-10-20,Queen's,Toronto,2,0, Waterloo ,October 2019,Final,20191020_xal7,NA
https://en.usports.ca/sports/fh/2019-20/boxscores/20190908_t8qr.xml,0,1,0,0,2019-20,2019-09-08,McGill,Toronto,9,0, York ,September 2019,Final,20190908_t8qr,NA
https://en.usports.ca/sports/fh/2019-20/boxscores/20190914_7jhx.xml,0,1,0,0,2019-20,2019-09-14,Toronto,Queen's,0,8, Queen's ,September 2019,Final,20190914_7jhx,NA
https://en.usports.ca/sports/fh/2019-20/boxscores/20190914_43dm.xml,0,1,0,0,2019-20,2019-09-14,Western,Toronto,4,1, Queen's ,September 2019,Final,20190914_43dm,NA
https://en.usports.ca/sports/fh/2019-20/boxscores/20190915_s241.xml,0,1,0,0,2019-20,2019-09-15,Toronto,Waterloo,0,4, Queen's ,September 2019,Final,20190915_s241,NA
https://en.usports.ca/sports/fh/2019-20/boxscores/20190921_5894.xml,0,1,0,0,2019-20,2019-09-21,Guelph,Toronto,2,2, Western ,September 2019,Final,20190921_5894,NA
https://en.usports.ca/sports/fh/2019-20/boxscores/20190922_t5mb.xml,0,1,0,0,2019-20,2019-09-22,Toronto,York,1,3, York ,September 2019,Final,20190922_t5mb,NA
https://en.usports.ca/sports/fh/2019-20/boxscores/20190922_hwfw.xml,0,1,0,0,2019-20,2019-09-22,Toronto,McGill,0,12, York ,September 2019,Final,20190922_hwfw,NA
https://en.usports.ca/sports/fh/2019-20/boxscores/20190928_9g1i.xml,0,1,0,0,2019-20,2019-09-28,Toronto,Western,0,5, Toronto ,September 2019,Final,20190928_9g1i,NA
https://en.usports.ca/sports/fh/2019-20/boxscores/20190929_3gzo.xml,0,1,0,0,2019-20,2019-09-29,York,Toronto,0,0, Toronto ,September 2019,Final,20190929_3gzo,NA
https://en.usports.ca/sports/fh/2019-20/boxscores/20191005_uhx6.xml,0,1,0,0,2019-20,2019-10-05,Waterloo,Toronto,4,1, Guelph ,October 2019,Final,20191005_uhx6,NA
https://en.usports.ca/sports/fh/2019-20/boxscores/20191019_up0e.xml,0,1,0,0,2019-20,2019-10-19,Toronto,Guelph,1,0, Waterloo ,October 2019,Final,20191019_up0e,NA
https://en.usports.ca/sports/fh/2019-20/boxscores/20191020_xal7.xml,0,1,0,0,2019-20,2019-10-20,Queen's,Toronto,2,0, Waterloo ,October 2019,Final,20191020_xal7,NA
NA,1,0,0,0,2019-20,NA,UBC,California,2,1,NA,August 2019,Final,NA,NA
NA,1,0,0,0,2019-20,NA,UBC,California,0,2,NA,August 2019,Final,NA,NA
NA,1,0,0,0,2019-20,NA,UBC,California,4,1,NA,August 2019,Final,NA,NA
NA,0,1,0,0,2019-20,NA,UBC,Calgary,1,2," Calgary, AB",September 2019,Final,NA,NA
NA,0,1,0,0,2019-20,NA,UBC,Calgary,3,4," Calgary, AB",September 2019,Final,NA,NA
NA,0,1,0,0,2019-20,NA,Victoria,UBC,0,0," Vancouver, BC",September 2019,Final,NA,NA
NA,0,1,0,0,2019-20,NA,Victoria,UBC,0,0," Vancouver, BC",September 2019,Final,NA,NA
NA,0,1,0,0,2019-20,NA,Calgary,UBC,2,2,NA,October 2019,Final,NA,NA
NA,0,1,0,0,2019-20,NA,Calgary,UBC,1,1,NA,October 2019,Final,NA,NA
NA,0,1,0,0,2019-20,NA,UBC,Victoria,1,0," Victoria, BC",October 2019,Final,NA,NA
NA,0,1,0,0,2019-20,NA,UBC,Victoria,2,2," Victoria, BC",October 2019,Final,NA,NA
NA,0,1,0,0,2019-20,NA,Victoria,Calgary,2,2," Calgary, AB",September 2019,Final,NA,NA
NA,0,1,0,0,2019-20,NA,Victoria,Calgary,0,3," Calgary, AB",September 2019,Final,NA,NA
NA,0,1,0,0,2019-20,NA,Victoria,UBC,0,0," Vancouver, BC",September 2019,Final,NA,NA
NA,0,1,0,0,2019-20,NA,Victoria,UBC,0,0," Vancouver, BC",September 2019,Final,NA,NA
NA,0,1,0,0,2019-20,NA,Calgary,Victoria,1,0," Victoria, BC",October 2019,Final,NA,NA
NA,0,1,0,0,2019-20,NA,Calgary,Victoria,2,1," Victoria, BC",October 2019,Final,NA,NA
NA,0,1,0,0,2019-20,NA,UBC,Victoria,1,0," Victoria, BC",October 2019,Final,NA,NA
NA,0,1,0,0,2019-20,NA,UBC,Victoria,2,2," Victoria, BC",October 2019,Final,NA,NA
https://en.usports.ca/sports/fh/2019-20/boxscores/20190908_o0nh.xml,0,1,0,0,2019-20,2019-09-08,Queen's,Waterloo,1,2, York ,September 2019,Final,20190908_o0nh,NA
https://en.usports.ca/sports/fh/2019-20/boxscores/20190915_s241.xml,0,1,0,0,2019-20,2019-09-15,Toronto,Waterloo,0,4, Queen's ,September 2019,Final,20190915_s241,NA
https://en.usports.ca/sports/fh/2019-20/boxscores/20190915_o4dn.xml,0,1,0,0,2019-20,2019-09-15,Waterloo,McGill,0,4, Queen's ,September 2019,Final,20190915_o4dn,NA
https://en.usports.ca/sports/fh/2019-20/boxscores/20190921_16cy.xml,0,1,0,0,2019-20,2019-09-21,Waterloo,Queen's,0,1, Western ,September 2019,Final,20190921_16cy,NA
https://en.usports.ca/sports/fh/2019-20/boxscores/20190922_vcjt.xml,0,1,0,0,2019-20,2019-09-22,Waterloo,York,2,1, York ,September 2019,Final,20190922_vcjt,NA
https://en.usports.ca/sports/fh/2019-20/boxscores/20190928_wu1d.xml,0,1,0,0,2019-20,2019-09-28,Waterloo,Guelph,4,2, Toronto ,September 2019,Final,20190928_wu1d,NA
https://en.usports.ca/sports/fh/2019-20/boxscores/20190929_tcww.xml,0,1,0,0,2019-20,2019-09-29,Western,Waterloo,2,2, Toronto ,September 2019,Final,20190929_tcww,NA
https://en.usports.ca/sports/fh/2019-20/boxscores/20191005_5ca7.xml,0,1,0,0,2019-20,2019-10-05,Guelph,Waterloo,0,2, Guelph ,October 2019,Final,20191005_5ca7,NA
https://en.usports.ca/sports/fh/2019-20/boxscores/20191005_uhx6.xml,0,1,0,0,2019-20,2019-10-05,Waterloo,Toronto,4,1, Guelph ,October 2019,Final,20191005_uhx6,NA
https://en.usports.ca/sports/fh/2019-20/boxscores/20191009_uqio.xml,0,1,0,0,2019-20,2019-10-09,Waterloo,Western,1,3, Waterloo ,October 2019,Final,20191009_uqio,NA
https://en.usports.ca/sports/fh/2019-20/boxscores/20191019_vuxn.xml,0,1,0,0,2019-20,2019-10-19,McGill,Waterloo,4,1, Waterloo ,October 2019,Final,20191019_vuxn,NA
https://en.usports.ca/sports/fh/2019-20/boxscores/20191020_r0kt.xml,0,1,0,0,2019-20,2019-10-20,York,Waterloo,1,1, Waterloo ,October 2019,Final,20191020_r0kt,NA
https://en.usports.ca/sports/fh/2019-20/boxscores/20190908_dyfm.xml,0,1,0,0,2019-20,2019-09-08,Guelph,Western,1,8, York ,September 2019,Final,20190908_dyfm,NA
https://en.usports.ca/sports/fh/2019-20/boxscores/20190914_43dm.xml,0,1,0,0,2019-20,2019-09-14,Western,Toronto,4,1, Queen's ,September 2019,Final,20190914_43dm,NA
https://en.usports.ca/sports/fh/2019-20/boxscores/20190915_7iid.xml,0,1,0,0,2019-20,2019-09-15,Western,Queen's,5,2, Queen's ,September 2019,Final,20190915_7iid,NA
https://en.usports.ca/sports/fh/2019-20/boxscores/20190921_viwf.xml,0,1,0,0,2019-20,2019-09-21,McGill,Western,5,0, Western ,September 2019,Final,20190921_viwf,NA
https://en.usports.ca/sports/fh/2019-20/boxscores/20190921_3ukn.xml,0,1,0,0,2019-20,2019-09-21,York,Western,0,3, Western ,September 2019,Final,20190921_3ukn,NA
https://en.usports.ca/sports/fh/2019-20/boxscores/20190922_23eb.xml,0,1,0,0,2019-20,2019-09-22,Western,Guelph,4,2, York ,September 2019,Final,20190922_23eb,NA
https://en.usports.ca/sports/fh/2019-20/boxscores/20190928_9g1i.xml,0,1,0,0,2019-20,2019-09-28,Toronto,Western,0,5, Toronto ,September 2019,Final,20190928_9g1i,NA
https://en.usports.ca/sports/fh/2019-20/boxscores/20190929_tcww.xml,0,1,0,0,2019-20,2019-09-29,Western,Waterloo,2,2, Toronto ,September 2019,Final,20190929_tcww,NA
https://en.usports.ca/sports/fh/2019-20/boxscores/20191005_1vo5.xml,0,1,0,0,2019-20,2019-10-05,Western,York,9,2, Guelph ,October 2019,Final,20191005_1vo5,NA
https://en.usports.ca/sports/fh/2019-20/boxscores/20191009_uqio.xml,0,1,0,0,2019-20,2019-10-09,Waterloo,Western,1,3, Waterloo ,October 2019,Final,20191009_uqio,NA
https://en.usports.ca/sports/fh/2019-20/boxscores/20191019_s63b.xml,0,1,0,0,2019-20,2019-10-19,Queen's,Western,1,3, Waterloo ,October 2019,Final,20191019_s63b,NA
https://en.usports.ca/sports/fh/2019-20/boxscores/20191020_njk8.xml,0,1,0,0,2019-20,2019-10-20,Western,McGill,1,2, Waterloo ,October 2019,Final,20191020_njk8,NA
https://en.usports.ca/sports/fh/2019-20/boxscores/20190908_80mm.xml,0,1,0,0,2019-20,2019-09-08,York,McGill,0,4, York ,September 2019,Final,20190908_80mm,NA
https://en.usports.ca/sports/fh/2019-20/boxscores/20190915_y66h.xml,0,1,0,0,2019-20,2019-09-15,York,Guelph,0,3, Queen's ,September 2019,Final,20190915_y66h,NA
https://en.usports.ca/sports/fh/2019-20/boxscores/20190915_jn84.xml,0,1,0,0,2019-20,2019-09-15,McGill,York,10,0, Queen's ,September 2019,Final,20190915_jn84,NA
https://en.usports.ca/sports/fh/2019-20/boxscores/20190921_3ukn.xml,0,1,0,0,2019-20,2019-09-21,York,Western,0,3, Western ,September 2019,Final,20190921_3ukn,NA
https://en.usports.ca/sports/fh/2019-20/boxscores/20190922_t5mb.xml,0,1,0,0,2019-20,2019-09-22,Toronto,York,1,3, York ,September 2019,Final,20190922_t5mb,NA
https://en.usports.ca/sports/fh/2019-20/boxscores/20190922_vcjt.xml,0,1,0,0,2019-20,2019-09-22,Waterloo,York,2,1, York ,September 2019,Final,20190922_vcjt,NA
https://en.usports.ca/sports/fh/2019-20/boxscores/20190928_yi5v.xml,0,1,0,0,2019-20,2019-09-28,Queen's,York,3,1, Toronto ,September 2019,Final,20190928_yi5v,NA
https://en.usports.ca/sports/fh/2019-20/boxscores/20190929_3gzo.xml,0,1,0,0,2019-20,2019-09-29,York,Toronto,0,0, Toronto ,September 2019,Final,20190929_3gzo,NA
https://en.usports.ca/sports/fh/2019-20/boxscores/20191005_1vo5.xml,0,1,0,0,2019-20,2019-10-05,Western,York,9,2, Guelph ,October 2019,Final,20191005_1vo5,NA
https://en.usports.ca/sports/fh/2019-20/boxscores/20191005_8ifm.xml,0,1,0,0,2019-20,2019-10-05,Guelph,York,0,2, Guelph ,October 2019,Final,20191005_8ifm,NA
https://en.usports.ca/sports/fh/2019-20/boxscores/20191019_61a5.xml,0,1,0,0,2019-20,2019-10-19,York,Queen's,1,3, Waterloo ,October 2019,Final,20191019_61a5,NA
https://en.usports.ca/sports/fh/2019-20/boxscores/20191020_r0kt.xml,0,1,0,0,2019-20,2019-10-20,York,Waterloo,1,1, Waterloo ,October 2019,Final,20191020_r0kt,NA
https://en.usports.ca/sports/fh/2018-19c/boxscores/20181102_31o6.xml,0,0,1,0,2018-19c,2018-11-02,Victoria,York,1,2,   ,November 2018,Final,20181102_31o6,/sports/fh/2018-19c/releases/20240323yhiwzk
https://en.usports.ca/sports/fh/2018-19c/boxscores/20181103_n3lm.xml,0,0,1,0,2018-19c,2018-11-03,Victoria,York,1,3,   ,November 2018,Final,20181103_n3lm,/sports/fh/2018-19c/releases/20240323yrl6kl
https://en.usports.ca/sports/fh/2018-19c/boxscores/20181102_31o6.xml,0,0,1,0,2018-19c,2018-11-02,Victoria,York,1,2,   ,November 2018,Final,20181102_31o6,/sports/fh/2018-19c/releases/20240323yhiwzk
https://en.usports.ca/sports/fh/2018-19c/boxscores/20181103_n3lm.xml,0,0,1,0,2018-19c,2018-11-03,Victoria,York,1,3,   ,November 2018,Final,20181103_n3lm,/sports/fh/2018-19c/releases/20240323yrl6kl
NA,0,1,0,0,2018-19,NA,Victoria,Calgary,0,2, ,September 2018,Final,NA,NA
NA,0,1,0,0,2018-19,NA,Victoria,Calgary,1,5, ,September 2018,Final,NA,NA
NA,0,1,0,0,2018-19,NA,UBC,Calgary,0,3, ,September 2018,Final,NA,NA
NA,0,1,0,0,2018-19,NA,UBC,Calgary,2,2, ,September 2018,Final,NA,NA
NA,0,1,0,0,2018-19,NA,Calgary,Victoria,5,1, ,October 2018,Final,NA,NA
NA,0,1,0,0,2018-19,NA,Calgary,Victoria,2,2, ,October 2018,Final,NA,NA
NA,0,1,0,0,2018-19,NA,Calgary,UBC,1,0, ,October 2018,Final,NA,NA
NA,0,1,0,0,2018-19,NA,Calgary,UBC,1,0, ,October 2018,Final,NA,NA
https://en.usports.ca/sports/fh/2018-19/boxscores/20180915_520e.xml,0,1,0,0,2018-19,2018-09-15,Guelph,Waterloo,0,5, ,September 2018,Final,20180915_520e,NA
https://en.usports.ca/sports/fh/2018-19/boxscores/20180916_ruo4.xml,0,1,0,0,2018-19,2018-09-16,Guelph,York,1,1, York ,September 2018,Final,20180916_ruo4,NA
https://en.usports.ca/sports/fh/2018-19/boxscores/20180922_u9iy.xml,0,1,0,0,2018-19,2018-09-22,Guelph,Queen's,1,2, Western ,September 2018,Final,20180922_u9iy,NA
https://en.usports.ca/sports/fh/2018-19/boxscores/20180923_uxrt.xml,0,1,0,0,2018-19,2018-09-23,Toronto,Guelph,0,1, Guelph ,September 2018,Final,20180923_uxrt,NA
https://en.usports.ca/sports/fh/2018-19/boxscores/20180929_eenh.xml,0,1,0,0,2018-19,2018-09-29,Guelph,McGill,0,6, Queen's ,September 2018,Final,20180929_eenh,NA
https://en.usports.ca/sports/fh/2018-19/boxscores/20180929_ncj8.xml,0,1,0,0,2018-19,2018-09-29,York,Guelph,0,2, Queen's ,September 2018,Final,20180929_ncj8,NA
https://en.usports.ca/sports/fh/2018-19/boxscores/20180930_oucn.xml,0,1,0,0,2018-19,2018-09-30,McGill,Guelph,10,0, Queen's ,September 2018,Final,20180930_oucn,NA
https://en.usports.ca/sports/fh/2018-19/boxscores/20181003_77lu.xml,0,1,0,0,2018-19,2018-10-03,Western,Guelph,7,0, Guelph ,October 2018,Final,20181003_77lu,NA
https://en.usports.ca/sports/fh/2018-19/boxscores/20181013_tk9z.xml,0,1,0,0,2018-19,2018-10-13,Guelph,Western,1,6, Toronto ,October 2018,Final,20181013_tk9z,NA
https://en.usports.ca/sports/fh/2018-19/boxscores/20181013_7tfr.xml,0,1,0,0,2018-19,2018-10-13,Queen's,Guelph,2,2, Toronto ,October 2018,Final,20181013_7tfr,NA
https://en.usports.ca/sports/fh/2018-19/boxscores/20181017_m72n.xml,0,1,0,0,2018-19,2018-10-17,Waterloo,Guelph,6,1, Guelph ,October 2018,Final,20181017_m72n,NA
https://en.usports.ca/sports/fh/2018-19/boxscores/20181021_23g5.xml,0,1,0,0,2018-19,2018-10-21,Guelph,Toronto,2,1, Toronto ,October 2018,Final,20181021_23g5,NA
NA,0,1,0,0,2018-19,NA,McGill,Western,2,1, Waterloo,September 2018,Final,NA,NA
https://en.usports.ca/sports/fh/2018-19/boxscores/20180915_z1kz.xml,0,1,0,0,2018-19,2018-09-15,McGill,Toronto,6,0, Waterloo ,September 2018,Final,20180915_z1kz,NA
https://en.usports.ca/sports/fh/2018-19/boxscores/20180916_zws1.xml,0,1,0,0,2018-19,2018-09-16,McGill,Waterloo,1,0, York ,September 2018,Final,20180916_zws1,NA
https://en.usports.ca/sports/fh/2018-19/boxscores/20180916_25v8.xml,0,1,0,0,2018-19,2018-09-16,McGill,York,9,0, York ,September 2018,Final,20180916_25v8,NA
https://en.usports.ca/sports/fh/2018-19/boxscores/20180929_s7ge.xml,0,1,0,0,2018-19,2018-09-29,McGill,Queen's,2,1, Queen's ,September 2018,Final,20180929_s7ge,NA
https://en.usports.ca/sports/fh/2018-19/boxscores/20180929_eenh.xml,0,1,0,0,2018-19,2018-09-29,Guelph,McGill,0,6, Queen's ,September 2018,Final,20180929_eenh,NA
https://en.usports.ca/sports/fh/2018-19/boxscores/20180930_k4s7.xml,0,1,0,0,2018-19,2018-09-30,Toronto,McGill,0,3, Queen's ,September 2018,Final,20180930_k4s7,NA
https://en.usports.ca/sports/fh/2018-19/boxscores/20180930_oucn.xml,0,1,0,0,2018-19,2018-09-30,McGill,Guelph,10,0, Queen's ,September 2018,Final,20180930_oucn,NA
https://en.usports.ca/sports/fh/2018-19/boxscores/20181020_vlhr.xml,0,1,0,0,2018-19,2018-10-20,Waterloo,McGill,0,4, McGill ,October 2018,Final,20181020_vlhr,NA
https://en.usports.ca/sports/fh/2018-19/boxscores/20181020_yxtz.xml,0,1,0,0,2018-19,2018-10-20,York,McGill,0,4, McGill ,October 2018,Final,20181020_yxtz,NA
https://en.usports.ca/sports/fh/2018-19/boxscores/20181021_xpex.xml,0,1,0,0,2018-19,2018-10-21,Queen's,McGill,0,8, McGill ,October 2018,Final,20181021_xpex,NA
https://en.usports.ca/sports/fh/2018-19/boxscores/20181021_2eby.xml,0,1,0,0,2018-19,2018-10-21,Western,McGill,1,3, McGill ,October 2018,Final,20181021_2eby,NA
https://en.usports.ca/sports/fh/2018-19/boxscores/20180916_zvkt.xml,0,1,0,0,2018-19,2018-09-16,Western,Queen's,4,0, York ,September 2018,Final,20180916_zvkt,NA
https://en.usports.ca/sports/fh/2018-19/boxscores/20180916_vflg.xml,0,1,0,0,2018-19,2018-09-16,Toronto,Queen's,1,4, York ,September 2018,Final,20180916_vflg,NA
https://en.usports.ca/sports/fh/2018-19/boxscores/20180922_t5b6.xml,0,1,0,0,2018-19,2018-09-22,Queen's,York,4,0, Western ,September 2018,Final,20180922_t5b6,NA
https://en.usports.ca/sports/fh/2018-19/boxscores/20180922_u9iy.xml,0,1,0,0,2018-19,2018-09-22,Guelph,Queen's,1,2, Western ,September 2018,Final,20180922_u9iy,NA
https://en.usports.ca/sports/fh/2018-19/boxscores/20180929_s7ge.xml,0,1,0,0,2018-19,2018-09-29,McGill,Queen's,2,1, Queen's ,September 2018,Final,20180929_s7ge,NA
https://en.usports.ca/sports/fh/2018-19/boxscores/20180929_fqze.xml,0,1,0,0,2018-19,2018-09-29,Queen's,Toronto,2,1, Queen's ,September 2018,Final,20180929_fqze,NA
https://en.usports.ca/sports/fh/2018-19/boxscores/20180930_wq9k.xml,0,1,0,0,2018-19,2018-09-30,York,Queen's,0,5, Queen's ,September 2018,Final,20180930_wq9k,NA
https://en.usports.ca/sports/fh/2018-19/boxscores/20181013_7tfr.xml,0,1,0,0,2018-19,2018-10-13,Queen's,Guelph,2,2, Toronto ,October 2018,Final,20181013_7tfr,NA
https://en.usports.ca/sports/fh/2018-19/boxscores/20181013_w6n2.xml,0,1,0,0,2018-19,2018-10-13,Queen's,Waterloo,0,4, Toronto ,October 2018,Final,20181013_w6n2,NA
https://en.usports.ca/sports/fh/2018-19/boxscores/20181020_9a5g.xml,0,1,0,0,2018-19,2018-10-20,Queen's,Western,1,4, McGill ,October 2018,Final,20181020_9a5g,NA
https://en.usports.ca/sports/fh/2018-19/boxscores/20181020_r6q7.xml,0,1,0,0,2018-19,2018-10-20,Waterloo,Queen's,0,0, McGill ,October 2018,Final,20181020_r6q7,NA
https://en.usports.ca/sports/fh/2018-19/boxscores/20181021_xpex.xml,0,1,0,0,2018-19,2018-10-21,Queen's,McGill,0,8, McGill ,October 2018,Final,20181021_xpex,NA
https://en.usports.ca/sports/fh/2018-19/boxscores/20180915_z1kz.xml,0,1,0,0,2018-19,2018-09-15,McGill,Toronto,6,0, Waterloo ,September 2018,Final,20180915_z1kz,NA
https://en.usports.ca/sports/fh/2018-19/boxscores/20180916_vflg.xml,0,1,0,0,2018-19,2018-09-16,Toronto,Queen's,1,4, York ,September 2018,Final,20180916_vflg,NA
https://en.usports.ca/sports/fh/2018-19/boxscores/20180922_e0du.xml,0,1,0,0,2018-19,2018-09-22,Toronto,Western,0,3, Western ,September 2018,Final,20180922_e0du,NA
https://en.usports.ca/sports/fh/2018-19/boxscores/20180923_uxrt.xml,0,1,0,0,2018-19,2018-09-23,Toronto,Guelph,0,1, Guelph ,September 2018,Final,20180923_uxrt,NA
https://en.usports.ca/sports/fh/2018-19/boxscores/20180923_isqf.xml,0,1,0,0,2018-19,2018-09-23,Toronto,Waterloo,1,6, Guelph ,September 2018,Final,20180923_isqf,NA
https://en.usports.ca/sports/fh/2018-19/boxscores/20180929_973b.xml,0,1,0,0,2018-19,2018-09-29,Toronto,York,0,0, Queen's ,September 2018,Final,20180929_973b,NA
https://en.usports.ca/sports/fh/2018-19/boxscores/20180929_fqze.xml,0,1,0,0,2018-19,2018-09-29,Queen's,Toronto,2,1, Queen's ,September 2018,Final,20180929_fqze,NA
https://en.usports.ca/sports/fh/2018-19/boxscores/20180930_k4s7.xml,0,1,0,0,2018-19,2018-09-30,Toronto,McGill,0,3, Queen's ,September 2018,Final,20180930_k4s7,NA
https://en.usports.ca/sports/fh/2018-19/boxscores/20181003_kgq4.xml,0,1,0,0,2018-19,2018-10-03,York,Toronto,2,4, Toronto ,October 2018,Final,20181003_kgq4,NA
https://en.usports.ca/sports/fh/2018-19/boxscores/20181013_8um6.xml,0,1,0,0,2018-19,2018-10-13,Waterloo,Toronto,3,1, Toronto ,October 2018,Final,20181013_8um6,NA
https://en.usports.ca/sports/fh/2018-19/boxscores/20181013_hid1.xml,0,1,0,0,2018-19,2018-10-13,Western,Toronto,5,0, Toronto ,October 2018,Final,20181013_hid1,NA
https://en.usports.ca/sports/fh/2018-19/boxscores/20181021_23g5.xml,0,1,0,0,2018-19,2018-10-21,Guelph,Toronto,2,1, Toronto ,October 2018,Final,20181021_23g5,NA
NA,0,1,0,0,2018-19,NA,Victoria,UBC,2,2, ,September 2018,Final,NA,NA
NA,0,1,0,0,2018-19,NA,Victoria,UBC,0,0, ,September 2018,Final,NA,NA
NA,0,1,0,0,2018-19,NA,UBC,Calgary,0,3, ,September 2018,Final,NA,NA
NA,0,1,0,0,2018-19,NA,UBC,Calgary,2,2, ,September 2018,Final,NA,NA
NA,0,1,0,0,2018-19,NA,UBC,Victoria,1,2, ,October 2018,Final,NA,NA
NA,0,1,0,0,2018-19,NA,UBC,Victoria,1,0, ,October 2018,Final,NA,NA
NA,0,1,0,0,2018-19,NA,Calgary,UBC,1,0, ,October 2018,Final,NA,NA
NA,0,1,0,0,2018-19,NA,Calgary,UBC,1,0, ,October 2018,Final,NA,NA
NA,0,1,0,0,2018-19,NA,Victoria,UBC,2,2, ,September 2018,Final,NA,NA
NA,0,1,0,0,2018-19,NA,Victoria,UBC,0,0, ,September 2018,Final,NA,NA
NA,0,1,0,0,2018-19,NA,Victoria,Calgary,0,2, ,September 2018,Final,NA,NA
NA,0,1,0,0,2018-19,NA,Victoria,Calgary,1,5, ,September 2018,Final,NA,NA
NA,0,1,0,0,2018-19,NA,UBC,Victoria,1,2, ,October 2018,Final,NA,NA
NA,0,1,0,0,2018-19,NA,UBC,Victoria,1,0, ,October 2018,Final,NA,NA
NA,0,1,0,0,2018-19,NA,Calgary,Victoria,5,1, ,October 2018,Final,NA,NA
NA,0,1,0,0,2018-19,NA,Calgary,Victoria,2,2, ,October 2018,Final,NA,NA
https://en.usports.ca/sports/fh/2018-19/boxscores/20180915_520e.xml,0,1,0,0,2018-19,2018-09-15,Guelph,Waterloo,0,5, ,September 2018,Final,20180915_520e,NA
https://en.usports.ca/sports/fh/2018-19/boxscores/20180916_zws1.xml,0,1,0,0,2018-19,2018-09-16,McGill,Waterloo,1,0, York ,September 2018,Final,20180916_zws1,NA
https://en.usports.ca/sports/fh/2018-19/boxscores/20180922_ngmv.xml,0,1,0,0,2018-19,2018-09-22,Waterloo,Western,1,1, Western ,September 2018,Final,20180922_ngmv,NA
https://en.usports.ca/sports/fh/2018-19/boxscores/20180923_owm3.xml,0,1,0,0,2018-19,2018-09-23,York,Waterloo,2,4, Guelph ,September 2018,Final,20180923_owm3,NA
https://en.usports.ca/sports/fh/2018-19/boxscores/20180923_isqf.xml,0,1,0,0,2018-19,2018-09-23,Toronto,Waterloo,1,6, Guelph ,September 2018,Final,20180923_isqf,NA
https://en.usports.ca/sports/fh/2018-19/boxscores/20181004_6pl6.xml,0,1,0,0,2018-19,2018-10-04,Western,Waterloo,2,0, Waterloo ,October 2018,Final,20181004_6pl6,NA
https://en.usports.ca/sports/fh/2018-19/boxscores/20181013_8um6.xml,0,1,0,0,2018-19,2018-10-13,Waterloo,Toronto,3,1, Toronto ,October 2018,Final,20181013_8um6,NA
https://en.usports.ca/sports/fh/2018-19/boxscores/20181013_w6n2.xml,0,1,0,0,2018-19,2018-10-13,Queen's,Waterloo,0,4, Toronto ,October 2018,Final,20181013_w6n2,NA
https://en.usports.ca/sports/fh/2018-19/boxscores/20181017_m72n.xml,0,1,0,0,2018-19,2018-10-17,Waterloo,Guelph,6,1, Guelph ,October 2018,Final,20181017_m72n,NA
https://en.usports.ca/sports/fh/2018-19/boxscores/20181020_vlhr.xml,0,1,0,0,2018-19,2018-10-20,Waterloo,McGill,0,4, McGill ,October 2018,Final,20181020_vlhr,NA
https://en.usports.ca/sports/fh/2018-19/boxscores/20181020_r6q7.xml,0,1,0,0,2018-19,2018-10-20,Waterloo,Queen's,0,0, McGill ,October 2018,Final,20181020_r6q7,NA
https://en.usports.ca/sports/fh/2018-19/boxscores/20181021_1r0e.xml,0,1,0,0,2018-19,2018-10-21,Waterloo,York,2,1, McGill ,October 2018,Final,20181021_1r0e,NA
NA,0,1,0,0,2018-19,NA,McGill,Western,2,1, Waterloo,September 2018,Final,NA,NA
https://en.usports.ca/sports/fh/2018-19/boxscores/20180916_zvkt.xml,0,1,0,0,2018-19,2018-09-16,Western,Queen's,4,0, York ,September 2018,Final,20180916_zvkt,NA
https://en.usports.ca/sports/fh/2018-19/boxscores/20180922_e0du.xml,0,1,0,0,2018-19,2018-09-22,Toronto,Western,0,3, Western ,September 2018,Final,20180922_e0du,NA
https://en.usports.ca/sports/fh/2018-19/boxscores/20180922_ngmv.xml,0,1,0,0,2018-19,2018-09-22,Waterloo,Western,1,1, Western ,September 2018,Final,20180922_ngmv,NA
https://en.usports.ca/sports/fh/2018-19/boxscores/20180923_4g09.xml,0,1,0,0,2018-19,2018-09-23,Western,York,6,1, Guelph ,September 2018,Final,20180923_4g09,NA
https://en.usports.ca/sports/fh/2018-19/boxscores/20181003_77lu.xml,0,1,0,0,2018-19,2018-10-03,Western,Guelph,7,0, Guelph ,October 2018,Final,20181003_77lu,NA
https://en.usports.ca/sports/fh/2018-19/boxscores/20181004_6pl6.xml,0,1,0,0,2018-19,2018-10-04,Western,Waterloo,2,0, Waterloo ,October 2018,Final,20181004_6pl6,NA
https://en.usports.ca/sports/fh/2018-19/boxscores/20181013_tk9z.xml,0,1,0,0,2018-19,2018-10-13,Guelph,Western,1,6, Toronto ,October 2018,Final,20181013_tk9z,NA
https://en.usports.ca/sports/fh/2018-19/boxscores/20181013_hid1.xml,0,1,0,0,2018-19,2018-10-13,Western,Toronto,5,0, Toronto ,October 2018,Final,20181013_hid1,NA
https://en.usports.ca/sports/fh/2018-19/boxscores/20181020_9a5g.xml,0,1,0,0,2018-19,2018-10-20,Queen's,Western,1,4, McGill ,October 2018,Final,20181020_9a5g,NA
https://en.usports.ca/sports/fh/2018-19/boxscores/20181020_o8gd.xml,0,1,0,0,2018-19,2018-10-20,York,Western,0,5, McGill ,October 2018,Final,20181020_o8gd,NA
https://en.usports.ca/sports/fh/2018-19/boxscores/20181021_2eby.xml,0,1,0,0,2018-19,2018-10-21,Western,McGill,1,3, McGill ,October 2018,Final,20181021_2eby,NA
https://en.usports.ca/sports/fh/2018-19/boxscores/20180916_ruo4.xml,0,1,0,0,2018-19,2018-09-16,Guelph,York,1,1, York ,September 2018,Final,20180916_ruo4,NA
https://en.usports.ca/sports/fh/2018-19/boxscores/20180916_25v8.xml,0,1,0,0,2018-19,2018-09-16,McGill,York,9,0, York ,September 2018,Final,20180916_25v8,NA
https://en.usports.ca/sports/fh/2018-19/boxscores/20180922_t5b6.xml,0,1,0,0,2018-19,2018-09-22,Queen's,York,4,0, Western ,September 2018,Final,20180922_t5b6,NA
https://en.usports.ca/sports/fh/2018-19/boxscores/20180923_owm3.xml,0,1,0,0,2018-19,2018-09-23,York,Waterloo,2,4, Guelph ,September 2018,Final,20180923_owm3,NA
https://en.usports.ca/sports/fh/2018-19/boxscores/20180923_4g09.xml,0,1,0,0,2018-19,2018-09-23,Western,York,6,1, Guelph ,September 2018,Final,20180923_4g09,NA
https://en.usports.ca/sports/fh/2018-19/boxscores/20180929_973b.xml,0,1,0,0,2018-19,2018-09-29,Toronto,York,0,0, Queen's ,September 2018,Final,20180929_973b,NA
https://en.usports.ca/sports/fh/2018-19/boxscores/20180929_ncj8.xml,0,1,0,0,2018-19,2018-09-29,York,Guelph,0,2, Queen's ,September 2018,Final,20180929_ncj8,NA
https://en.usports.ca/sports/fh/2018-19/boxscores/20180930_wq9k.xml,0,1,0,0,2018-19,2018-09-30,York,Queen's,0,5, Queen's ,September 2018,Final,20180930_wq9k,NA
https://en.usports.ca/sports/fh/2018-19/boxscores/20181003_kgq4.xml,0,1,0,0,2018-19,2018-10-03,York,Toronto,2,4, Toronto ,October 2018,Final,20181003_kgq4,NA
https://en.usports.ca/sports/fh/2018-19/boxscores/20181020_yxtz.xml,0,1,0,0,2018-19,2018-10-20,York,McGill,0,4, McGill ,October 2018,Final,20181020_yxtz,NA
https://en.usports.ca/sports/fh/2018-19/boxscores/20181020_o8gd.xml,0,1,0,0,2018-19,2018-10-20,York,Western,0,5, McGill ,October 2018,Final,20181020_o8gd,NA
https://en.usports.ca/sports/fh/2018-19/boxscores/20181021_1r0e.xml,0,1,0,0,2018-19,2018-10-21,Waterloo,York,2,1, McGill ,October 2018,Final,20181021_1r0e,NA
NA,0,1,0,0,2017-18,NA,UBC,Calgary,0,1, ,September 2017,Final,NA,NA
NA,0,1,0,0,2017-18,NA,UBC,Calgary,2,4, ,September 2017,Final,NA,NA
NA,0,1,0,0,2017-18,NA,Victoria,Calgary,0,1, ,September 2017,Final,NA,NA
NA,0,1,0,0,2017-18,NA,Victoria,Calgary,0,1, ,October 2017,Final,NA,NA
NA,0,1,0,0,2017-18,NA,Calgary,UBC,3,1, ,October 2017,Final,NA,NA
NA,0,1,0,0,2017-18,NA,Calgary,UBC,6,0, ,October 2017,Final,NA,NA
NA,0,1,0,0,2017-18,NA,Calgary,Victoria,6,0, ,October 2017,Final,NA,NA
NA,0,1,0,0,2017-18,NA,Calgary,Victoria,4,0, ,October 2017,Final,NA,NA
https://en.usports.ca/sports/fh/2017-18/boxscores/20170916_0lem.xml,0,1,0,0,2017-18,2017-09-16,McGill,Guelph,8,0, ,September 2017,Final,20170916_0lem,NA
https://en.usports.ca/sports/fh/2017-18/boxscores/20170917_ga5l.xml,0,1,0,0,2017-18,2017-09-17,Toronto,Guelph,1,1, ,September 2017,Final,20170917_ga5l,NA
https://en.usports.ca/sports/fh/2017-18/boxscores/20170917_ogv1.xml,0,1,0,0,2017-18,2017-09-17,Queen's,Guelph,1,0, ,September 2017,Final,20170917_ogv1,NA
https://en.usports.ca/sports/fh/2017-18/boxscores/20170924_4bga.xml,0,1,0,0,2017-18,2017-09-24,Queen's,Guelph,0,0, ,September 2017,Final,20170924_4bga,NA
https://en.usports.ca/sports/fh/2017-18/boxscores/20170924_gu9j.xml,0,1,0,0,2017-18,2017-09-24,York,Guelph,1,3, ,September 2017,Final,20170924_gu9j,NA
https://en.usports.ca/sports/fh/2017-18/boxscores/20171001_hg7p.xml,0,1,0,0,2017-18,2017-10-01,Western,Guelph,2,0, ,October 2017,Final,20171001_hg7p,NA
https://en.usports.ca/sports/fh/2017-18/boxscores/20171006_9qog.xml,0,1,0,0,2017-18,2017-10-06,Waterloo,Guelph,4,0, ,October 2017,Final - 2OT,20171006_9qog,NA
https://en.usports.ca/sports/fh/2017-18/boxscores/20171011_bwty.xml,0,1,0,0,2017-18,2017-10-11,York,Guelph,1,0, ,October 2017,Final,20171011_bwty,NA
https://en.usports.ca/sports/fh/2017-18/boxscores/20171014_s9b5.xml,0,1,0,0,2017-18,2017-10-14,McGill,Guelph,6,0, ,October 2017,Final,20171014_s9b5,NA
https://en.usports.ca/sports/fh/2017-18/boxscores/20171018_inni.xml,0,1,0,0,2017-18,2017-10-18,Western,Guelph,5,2, ,October 2017,Final,20171018_inni,NA
https://en.usports.ca/sports/fh/2017-18/boxscores/20171022_jic8.xml,0,1,0,0,2017-18,2017-10-22,Toronto,Guelph,1,1, ,October 2017,Final,20171022_jic8,NA
https://en.usports.ca/sports/fh/2017-18/boxscores/20171022_y010.xml,0,1,0,0,2017-18,2017-10-22,Waterloo,Guelph,9,0, ,October 2017,Final,20171022_y010,NA
https://en.usports.ca/sports/fh/2017-18/boxscores/20170916_0lem.xml,0,1,0,0,2017-18,2017-09-16,Guelph,McGill,0,8, ,September 2017,Final,20170916_0lem,NA
https://en.usports.ca/sports/fh/2017-18/boxscores/20170917_mx9s.xml,0,1,0,0,2017-18,2017-09-17,Queen's,McGill,1,5, ,September 2017,Final,20170917_mx9s,NA
https://en.usports.ca/sports/fh/2017-18/boxscores/20170917_28fg.xml,0,1,0,0,2017-18,2017-09-17,Western,McGill,1,2, ,September 2017,Final,20170917_28fg,NA
https://en.usports.ca/sports/fh/2017-18/boxscores/20170923_y10p.xml,0,1,0,0,2017-18,2017-09-23,Waterloo,McGill,4,1, ,September 2017,Final,20170923_y10p,NA
https://en.usports.ca/sports/fh/2017-18/boxscores/20170924_1hhh.xml,0,1,0,0,2017-18,2017-09-24,York,McGill,1,6, ,September 2017,Final,20170924_1hhh,NA
https://en.usports.ca/sports/fh/2017-18/boxscores/20170924_ie8q.xml,0,1,0,0,2017-18,2017-09-24,Western,McGill,1,3, ,September 2017,Final,20170924_ie8q,NA
https://en.usports.ca/sports/fh/2017-18/boxscores/20170930_832f.xml,0,1,0,0,2017-18,2017-09-30,Waterloo,McGill,4,3, ,September 2017,Final,20170930_832f,NA
https://en.usports.ca/sports/fh/2017-18/boxscores/20171001_dlpl.xml,0,1,0,0,2017-18,2017-10-01,Queen's,McGill,1,6, ,October 2017,Final,20171001_dlpl,NA
https://en.usports.ca/sports/fh/2017-18/boxscores/20171001_9dql.xml,0,1,0,0,2017-18,2017-10-01,Toronto,McGill,4,3, ,October 2017,Final,20171001_9dql,NA
https://en.usports.ca/sports/fh/2017-18/boxscores/20171014_84h3.xml,0,1,0,0,2017-18,2017-10-14,York,McGill,0,4, ,October 2017,Final,20171014_84h3,NA
https://en.usports.ca/sports/fh/2017-18/boxscores/20171014_s9b5.xml,0,1,0,0,2017-18,2017-10-14,Guelph,McGill,0,6, ,October 2017,Final,20171014_s9b5,NA
https://en.usports.ca/sports/fh/2017-18/boxscores/20171015_9flv.xml,0,1,0,0,2017-18,2017-10-15,Toronto,McGill,0,4, ,October 2017,Final,20171015_9flv,NA
https://en.usports.ca/sports/fh/2017-18/boxscores/20170917_mx9s.xml,0,1,0,0,2017-18,2017-09-17,McGill,Queen's,5,1, ,September 2017,Final,20170917_mx9s,NA
https://en.usports.ca/sports/fh/2017-18/boxscores/20170917_ogv1.xml,0,1,0,0,2017-18,2017-09-17,Guelph,Queen's,0,1, ,September 2017,Final,20170917_ogv1,NA
https://en.usports.ca/sports/fh/2017-18/boxscores/20170923_ijd1.xml,0,1,0,0,2017-18,2017-09-23,Waterloo,Queen's,2,2, ,September 2017,Final,20170923_ijd1,NA
https://en.usports.ca/sports/fh/2017-18/boxscores/20170923_mzum.xml,0,1,0,0,2017-18,2017-09-23,Western,Queen's,1,2, ,September 2017,Final,20170923_mzum,NA
https://en.usports.ca/sports/fh/2017-18/boxscores/20170924_4bga.xml,0,1,0,0,2017-18,2017-09-24,Guelph,Queen's,0,0, ,September 2017,Final,20170924_4bga,NA
https://en.usports.ca/sports/fh/2017-18/boxscores/20170930_n3s8.xml,0,1,0,0,2017-18,2017-09-30,Toronto,Queen's,0,1, ,September 2017,Final,20170930_n3s8,NA
https://en.usports.ca/sports/fh/2017-18/boxscores/20171001_dlpl.xml,0,1,0,0,2017-18,2017-10-01,McGill,Queen's,6,1, ,October 2017,Final,20171001_dlpl,NA
https://en.usports.ca/sports/fh/2017-18/boxscores/20171001_0cvb.xml,0,1,0,0,2017-18,2017-10-01,York,Queen's,1,4, ,October 2017,Final,20171001_0cvb,NA
https://en.usports.ca/sports/fh/2017-18/boxscores/20171006_r1ar.xml,0,1,0,0,2017-18,2017-10-06,York,Queen's,0,1, ,October 2017,Final,20171006_r1ar,NA
https://en.usports.ca/sports/fh/2017-18/boxscores/20171006_ya02.xml,0,1,0,0,2017-18,2017-10-06,Western,Queen's,3,1, ,October 2017,Final - 2OT,20171006_ya02,NA
https://en.usports.ca/sports/fh/2017-18/boxscores/20171014_msk5.xml,0,1,0,0,2017-18,2017-10-14,Waterloo,Queen's,7,0, ,October 2017,Final,20171014_msk5,NA
https://en.usports.ca/sports/fh/2017-18/boxscores/20171014_8tdw.xml,0,1,0,0,2017-18,2017-10-14,Toronto,Queen's,1,4, ,October 2017,Final,20171014_8tdw,NA
https://en.usports.ca/sports/fh/2017-18/boxscores/20170917_ga5l.xml,0,1,0,0,2017-18,2017-09-17,Guelph,Toronto,1,1, ,September 2017,Final,20170917_ga5l,NA
https://en.usports.ca/sports/fh/2017-18/boxscores/20170917_t1b8.xml,0,1,0,0,2017-18,2017-09-17,Waterloo,Toronto,7,1, ,September 2017,Final,20170917_t1b8,NA
https://en.usports.ca/sports/fh/2017-18/boxscores/20170923_ie1t.xml,0,1,0,0,2017-18,2017-09-23,York,Toronto,0,3, ,September 2017,Final,20170923_ie1t,NA
https://en.usports.ca/sports/fh/2017-18/boxscores/20170923_6g4e.xml,0,1,0,0,2017-18,2017-09-23,Western,Toronto,1,1, ,September 2017,Final,20170923_6g4e,NA
https://en.usports.ca/sports/fh/2017-18/boxscores/20170930_n3s8.xml,0,1,0,0,2017-18,2017-09-30,Queen's,Toronto,1,0, ,September 2017,Final,20170930_n3s8,NA
https://en.usports.ca/sports/fh/2017-18/boxscores/20171001_p4pk.xml,0,1,0,0,2017-18,2017-10-01,York,Toronto,1,3, ,October 2017,Final,20171001_p4pk,NA
https://en.usports.ca/sports/fh/2017-18/boxscores/20171001_9dql.xml,0,1,0,0,2017-18,2017-10-01,McGill,Toronto,3,4, ,October 2017,Final,20171001_9dql,NA
https://en.usports.ca/sports/fh/2017-18/boxscores/20171014_allg.xml,0,1,0,0,2017-18,2017-10-14,Waterloo,Toronto,4,0, ,October 2017,Final,20171014_allg,NA
https://en.usports.ca/sports/fh/2017-18/boxscores/20171014_8tdw.xml,0,1,0,0,2017-18,2017-10-14,Queen's,Toronto,4,1, ,October 2017,Final,20171014_8tdw,NA
https://en.usports.ca/sports/fh/2017-18/boxscores/20171015_9flv.xml,0,1,0,0,2017-18,2017-10-15,McGill,Toronto,4,0, ,October 2017,Final,20171015_9flv,NA
https://en.usports.ca/sports/fh/2017-18/boxscores/20171022_jic8.xml,0,1,0,0,2017-18,2017-10-22,Guelph,Toronto,1,1, ,October 2017,Final,20171022_jic8,NA
https://en.usports.ca/sports/fh/2017-18/boxscores/20171022_yq7e.xml,0,1,0,0,2017-18,2017-10-22,Western,Toronto,5,0, ,October 2017,Final,20171022_yq7e,NA
NA,0,1,0,0,2017-18,NA,UBC,Victoria,1,1, ,September 2017,Final,NA,NA
NA,0,1,0,0,2017-18,NA,UBC,Victoria,0,3, ,September 2017,Final,NA,NA
NA,0,1,0,0,2017-18,NA,UBC,Calgary,0,1, ,September 2017,Final,NA,NA
NA,0,1,0,0,2017-18,NA,UBC,Calgary,2,4, ,September 2017,Final,NA,NA
NA,0,1,0,0,2017-18,NA,Victoria,UBC,2,0, ,October 2017,Final,NA,NA
NA,0,1,0,0,2017-18,NA,Victoria,UBC,2,1, ,October 2017,Final,NA,NA
NA,0,1,0,0,2017-18,NA,Calgary,UBC,3,1, ,October 2017,Final,NA,NA
NA,0,1,0,0,2017-18,NA,Calgary,UBC,6,0, ,October 2017,Final,NA,NA
NA,0,1,0,0,2017-18,NA,UBC,Victoria,1,1, ,September 2017,Final,NA,NA
NA,0,1,0,0,2017-18,NA,UBC,Victoria,0,3, ,September 2017,Final,NA,NA
NA,0,1,0,0,2017-18,NA,Victoria,Calgary,0,1, ,September 2017,Final,NA,NA
NA,0,1,0,0,2017-18,NA,Victoria,Calgary,0,1, ,October 2017,Final,NA,NA
NA,0,1,0,0,2017-18,NA,Victoria,UBC,2,0, ,October 2017,Final,NA,NA
NA,0,1,0,0,2017-18,NA,Victoria,UBC,2,1, ,October 2017,Final,NA,NA
NA,0,1,0,0,2017-18,NA,Calgary,Victoria,6,0, ,October 2017,Final,NA,NA
NA,0,1,0,0,2017-18,NA,Calgary,Victoria,4,0, ,October 2017,Final,NA,NA
https://en.usports.ca/sports/fh/2017-18/boxscores/20170916_a555.xml,0,1,0,0,2017-18,2017-09-16,York,Waterloo,0,8, ,September 2017,Final,20170916_a555,NA
https://en.usports.ca/sports/fh/2017-18/boxscores/20170917_t1b8.xml,0,1,0,0,2017-18,2017-09-17,Toronto,Waterloo,1,7, ,September 2017,Final,20170917_t1b8,NA
https://en.usports.ca/sports/fh/2017-18/boxscores/20170923_ijd1.xml,0,1,0,0,2017-18,2017-09-23,Queen's,Waterloo,2,2, ,September 2017,Final,20170923_ijd1,NA
https://en.usports.ca/sports/fh/2017-18/boxscores/20170923_y10p.xml,0,1,0,0,2017-18,2017-09-23,McGill,Waterloo,1,4, ,September 2017,Final,20170923_y10p,NA
https://en.usports.ca/sports/fh/2017-18/boxscores/20170930_u4k6.xml,0,1,0,0,2017-18,2017-09-30,Western,Waterloo,2,1, ,September 2017,Final,20170930_u4k6,NA
https://en.usports.ca/sports/fh/2017-18/boxscores/20170930_832f.xml,0,1,0,0,2017-18,2017-09-30,McGill,Waterloo,3,4, ,September 2017,Final,20170930_832f,NA
https://en.usports.ca/sports/fh/2017-18/boxscores/20171006_9qog.xml,0,1,0,0,2017-18,2017-10-06,Guelph,Waterloo,0,4, ,October 2017,Final - 2OT,20171006_9qog,NA
https://en.usports.ca/sports/fh/2017-18/boxscores/20171014_allg.xml,0,1,0,0,2017-18,2017-10-14,Toronto,Waterloo,0,4, ,October 2017,Final,20171014_allg,NA
https://en.usports.ca/sports/fh/2017-18/boxscores/20171014_msk5.xml,0,1,0,0,2017-18,2017-10-14,Queen's,Waterloo,0,7, ,October 2017,Final,20171014_msk5,NA
https://en.usports.ca/sports/fh/2017-18/boxscores/20171019_bmn8.xml,0,1,0,0,2017-18,2017-10-19,Western,Waterloo,0,0, ,October 2017,Final,20171019_bmn8,NA
https://en.usports.ca/sports/fh/2017-18/boxscores/20171022_39zq.xml,0,1,0,0,2017-18,2017-10-22,York,Waterloo,0,10, ,October 2017,Final,20171022_39zq,NA
https://en.usports.ca/sports/fh/2017-18/boxscores/20171022_y010.xml,0,1,0,0,2017-18,2017-10-22,Guelph,Waterloo,0,9, ,October 2017,Final,20171022_y010,NA
https://en.usports.ca/sports/fh/2017-18/boxscores/20170916_pak5.xml,0,1,0,0,2017-18,2017-09-16,York,Western,0,5, ,September 2017,Final,20170916_pak5,NA
https://en.usports.ca/sports/fh/2017-18/boxscores/20170917_28fg.xml,0,1,0,0,2017-18,2017-09-17,McGill,Western,2,1, ,September 2017,Final,20170917_28fg,NA
https://en.usports.ca/sports/fh/2017-18/boxscores/20170923_mzum.xml,0,1,0,0,2017-18,2017-09-23,Queen's,Western,2,1, ,September 2017,Final,20170923_mzum,NA
https://en.usports.ca/sports/fh/2017-18/boxscores/20170923_6g4e.xml,0,1,0,0,2017-18,2017-09-23,Toronto,Western,1,1, ,September 2017,Final,20170923_6g4e,NA
https://en.usports.ca/sports/fh/2017-18/boxscores/20170924_ie8q.xml,0,1,0,0,2017-18,2017-09-24,McGill,Western,3,1, ,September 2017,Final,20170924_ie8q,NA
https://en.usports.ca/sports/fh/2017-18/boxscores/20170930_u4k6.xml,0,1,0,0,2017-18,2017-09-30,Waterloo,Western,1,2, ,September 2017,Final,20170930_u4k6,NA
https://en.usports.ca/sports/fh/2017-18/boxscores/20171001_hg7p.xml,0,1,0,0,2017-18,2017-10-01,Guelph,Western,0,2, ,October 2017,Final,20171001_hg7p,NA
https://en.usports.ca/sports/fh/2017-18/boxscores/20171006_ya02.xml,0,1,0,0,2017-18,2017-10-06,Queen's,Western,1,3, ,October 2017,Final - 2OT,20171006_ya02,NA
https://en.usports.ca/sports/fh/2017-18/boxscores/20171018_inni.xml,0,1,0,0,2017-18,2017-10-18,Guelph,Western,2,5, ,October 2017,Final,20171018_inni,NA
https://en.usports.ca/sports/fh/2017-18/boxscores/20171019_bmn8.xml,0,1,0,0,2017-18,2017-10-19,Waterloo,Western,0,0, ,October 2017,Final,20171019_bmn8,NA
https://en.usports.ca/sports/fh/2017-18/boxscores/20171022_b47s.xml,0,1,0,0,2017-18,2017-10-22,York,Western,1,4, ,October 2017,Final,20171022_b47s,NA
https://en.usports.ca/sports/fh/2017-18/boxscores/20171022_yq7e.xml,0,1,0,0,2017-18,2017-10-22,Toronto,Western,0,5, ,October 2017,Final,20171022_yq7e,NA
https://en.usports.ca/sports/fh/2017-18/boxscores/20170916_a555.xml,0,1,0,0,2017-18,2017-09-16,Waterloo,York,8,0, ,September 2017,Final,20170916_a555,NA
https://en.usports.ca/sports/fh/2017-18/boxscores/20170916_pak5.xml,0,1,0,0,2017-18,2017-09-16,Western,York,5,0, ,September 2017,Final,20170916_pak5,NA
https://en.usports.ca/sports/fh/2017-18/boxscores/20170923_ie1t.xml,0,1,0,0,2017-18,2017-09-23,Toronto,York,3,0, ,September 2017,Final,20170923_ie1t,NA
https://en.usports.ca/sports/fh/2017-18/boxscores/20170924_1hhh.xml,0,1,0,0,2017-18,2017-09-24,McGill,York,6,1, ,September 2017,Final,20170924_1hhh,NA
https://en.usports.ca/sports/fh/2017-18/boxscores/20170924_gu9j.xml,0,1,0,0,2017-18,2017-09-24,Guelph,York,3,1, ,September 2017,Final,20170924_gu9j,NA
https://en.usports.ca/sports/fh/2017-18/boxscores/20171001_p4pk.xml,0,1,0,0,2017-18,2017-10-01,Toronto,York,3,1, ,October 2017,Final,20171001_p4pk,NA
https://en.usports.ca/sports/fh/2017-18/boxscores/20171001_0cvb.xml,0,1,0,0,2017-18,2017-10-01,Queen's,York,4,1, ,October 2017,Final,20171001_0cvb,NA
https://en.usports.ca/sports/fh/2017-18/boxscores/20171006_r1ar.xml,0,1,0,0,2017-18,2017-10-06,Queen's,York,1,0, ,October 2017,Final,20171006_r1ar,NA
https://en.usports.ca/sports/fh/2017-18/boxscores/20171011_bwty.xml,0,1,0,0,2017-18,2017-10-11,Guelph,York,0,1, ,October 2017,Final,20171011_bwty,NA
https://en.usports.ca/sports/fh/2017-18/boxscores/20171014_84h3.xml,0,1,0,0,2017-18,2017-10-14,McGill,York,4,0, ,October 2017,Final,20171014_84h3,NA
https://en.usports.ca/sports/fh/2017-18/boxscores/20171022_b47s.xml,0,1,0,0,2017-18,2017-10-22,Western,York,4,1, ,October 2017,Final,20171022_b47s,NA
https://en.usports.ca/sports/fh/2017-18/boxscores/20171022_39zq.xml,0,1,0,0,2017-18,2017-10-22,Waterloo,York,10,0, ,October 2017,Final,20171022_39zq,NA
NA,0,1,0,0,2016-17,NA,Victoria,Calgary,0,5, ,September 2016,Final,NA,NA
NA,0,1,0,0,2016-17,NA,Victoria,Calgary,1,2, ,September 2016,Final,NA,NA
NA,0,1,0,0,2016-17,NA,UBC,Calgary,0,5, ,October 2016,Final,NA,NA
NA,0,1,0,0,2016-17,NA,UBC,Calgary,0,7, ,October 2016,Final,NA,NA
NA,0,1,0,0,2016-17,NA,Calgary,Victoria,6,0, ,October 2016,Final,NA,NA
NA,0,1,0,0,2016-17,NA,Calgary,Victoria,4,1, ,October 2016,Final,NA,NA
NA,0,1,0,0,2016-17,NA,Calgary,UBC,5,0, ,October 2016,Final,NA,NA
NA,0,1,0,0,2016-17,NA,Calgary,UBC,3,0, ,October 2016,Final,NA,NA
https://en.usports.ca/sports/fh/2016-17/boxscores/20160917_fvjb.xml,0,1,0,1,2016-17,2016-09-17,Waterloo,Guelph,7,1, Guelph ,September 2016,Final,20160917_fvjb,NA
https://en.usports.ca/sports/fh/2016-17/boxscores/20160918_e8p9.xml,0,1,0,1,2016-17,2016-09-18,Guelph,Queen's,3,4, Guelph ,September 2016,Final,20160918_e8p9,NA
https://en.usports.ca/sports/fh/2016-17/boxscores/20160918_kahw.xml,0,1,0,1,2016-17,2016-09-18,Western,Guelph,6,1, Guelph ,September 2016,Final,20160918_kahw,NA
https://en.usports.ca/sports/fh/2016-17/boxscores/20160924_bwhb.xml,0,1,0,1,2016-17,2016-09-24,Toronto,Guelph,4,3, Toronto ,September 2016,Final,20160924_bwhb,NA
https://en.usports.ca/sports/fh/2016-17/boxscores/20160925_jdee.xml,0,1,0,1,2016-17,2016-09-25,Guelph,McGill,0,5, Toronto ,September 2016,Final,20160925_jdee,NA
https://en.usports.ca/sports/fh/2016-17/boxscores/20160928_qr1a.xml,0,1,0,1,2016-17,2016-09-28,Waterloo,Guelph,6,0, Guelph ,September 2016,Final,20160928_qr1a,NA
https://en.usports.ca/sports/fh/2016-17/boxscores/20161001_9jkb.xml,0,1,0,1,2016-17,2016-10-01,York,Guelph,2,2, Queens ,October 2016,Final,20161001_9jkb,NA
https://en.usports.ca/sports/fh/2016-17/boxscores/20161002_5sas.xml,0,1,0,1,2016-17,2016-10-02,McGill,Guelph,8,0, Queens ,October 2016,Final,20161002_5sas,NA
https://en.usports.ca/sports/fh/2016-17/boxscores/20161005_mjgb.xml,0,1,0,1,2016-17,2016-10-05,Guelph,York,1,1, Guelph ,October 2016,Final,20161005_mjgb,NA
https://en.usports.ca/sports/fh/2016-17/boxscores/20161012_wwrh.xml,0,1,0,1,2016-17,2016-10-12,Guelph,Western,0,4, Guelph ,October 2016,Final,20161012_wwrh,NA
https://en.usports.ca/sports/fh/2016-17/boxscores/20161020_yaks.xml,0,1,0,1,2016-17,2016-10-20,Guelph,Toronto,3,2, Toronto ,October 2016,Final,20161020_yaks,NA
https://en.usports.ca/sports/fh/2016-17/boxscores/20161023_eso9.xml,0,1,0,1,2016-17,2016-10-23,Queen's,Guelph,6,2, Toronto ,October 2016,Final,20161023_eso9,NA
https://en.usports.ca/sports/fh/2016-17/boxscores/20160924_zvym.xml,0,1,0,1,2016-17,2016-09-24,McGill,Western,2,0, Toronto ,September 2016,Final,20160924_zvym,NA
https://en.usports.ca/sports/fh/2016-17/boxscores/20160925_yko7.xml,0,1,0,1,2016-17,2016-09-25,Toronto,McGill,0,4, Toronto ,September 2016,Final,20160925_yko7,NA
https://en.usports.ca/sports/fh/2016-17/boxscores/20160925_jdee.xml,0,1,0,1,2016-17,2016-09-25,Guelph,McGill,0,5, Toronto ,September 2016,Final,20160925_jdee,NA
https://en.usports.ca/sports/fh/2016-17/boxscores/20161001_uupd.xml,0,1,0,1,2016-17,2016-10-01,McGill,Toronto,9,0, Queens ,October 2016,Final,20161001_uupd,NA
https://en.usports.ca/sports/fh/2016-17/boxscores/20161001_rvhv.xml,0,1,0,1,2016-17,2016-10-01,Queen's,McGill,0,6, Queens ,October 2016,Final,20161001_rvhv,NA
https://en.usports.ca/sports/fh/2016-17/boxscores/20161002_5sas.xml,0,1,0,1,2016-17,2016-10-02,McGill,Guelph,8,0, Queens ,October 2016,Final,20161002_5sas,NA
https://en.usports.ca/sports/fh/2016-17/boxscores/20161002_gxbs.xml,0,1,0,1,2016-17,2016-10-02,McGill,York,5,0, Queens ,October 2016,Final,20161002_gxbs,NA
https://en.usports.ca/sports/fh/2016-17/boxscores/20161008_0w75.xml,0,1,0,1,2016-17,2016-10-08,Waterloo,McGill,2,2, Waterloo ,October 2016,Final,20161008_0w75,NA
https://en.usports.ca/sports/fh/2016-17/boxscores/20161009_xg2q.xml,0,1,0,1,2016-17,2016-10-09,York,McGill,0,7, York ,October 2016,Final,20161009_xg2q,NA
https://en.usports.ca/sports/fh/2016-17/boxscores/20161009_zs9b.xml,0,1,0,1,2016-17,2016-10-09,McGill,Waterloo,5,0, York ,October 2016,Final,20161009_zs9b,NA
https://en.usports.ca/sports/fh/2016-17/boxscores/20161023_zn4n.xml,0,1,0,1,2016-17,2016-10-23,Western,McGill,1,2, Toronto ,October 2016,Final,20161023_zn4n,NA
https://en.usports.ca/sports/fh/2016-17/boxscores/20161023_0hm9.xml,0,1,0,1,2016-17,2016-10-23,McGill,Queen's,3,1, Toronto ,October 2016,Final,20161023_0hm9,NA
https://en.usports.ca/sports/fh/2016-17/boxscores/20160917_6dq1.xml,0,1,0,1,2016-17,2016-09-17,Queen's,York,1,0, Guelph ,September 2016,Final,20160917_6dq1,NA
https://en.usports.ca/sports/fh/2016-17/boxscores/20160918_e8p9.xml,0,1,0,1,2016-17,2016-09-18,Guelph,Queen's,3,4, Guelph ,September 2016,Final,20160918_e8p9,NA
https://en.usports.ca/sports/fh/2016-17/boxscores/20160918_42wj.xml,0,1,0,1,2016-17,2016-09-18,Waterloo,Queen's,0,1, Guelph ,September 2016,Final,20160918_42wj,NA
https://en.usports.ca/sports/fh/2016-17/boxscores/20160925_kx62.xml,0,1,0,1,2016-17,2016-09-25,Western,Queen's,2,2, Toronto ,September 2016,Final,20160925_kx62,NA
https://en.usports.ca/sports/fh/2016-17/boxscores/20160925_m4hx.xml,0,1,0,1,2016-17,2016-09-25,Toronto,Queen's,1,5, Toronto ,September 2016,Final,20160925_m4hx,NA
https://en.usports.ca/sports/fh/2016-17/boxscores/20161001_rvhv.xml,0,1,0,1,2016-17,2016-10-01,Queen's,McGill,0,6, Queens ,October 2016,Final,20161001_rvhv,NA
https://en.usports.ca/sports/fh/2016-17/boxscores/20161002_pxt9.xml,0,1,0,1,2016-17,2016-10-02,Queen's,Waterloo,1,1, Queens ,October 2016,Final,20161002_pxt9,NA
https://en.usports.ca/sports/fh/2016-17/boxscores/20161002_mlv0.xml,0,1,0,1,2016-17,2016-10-02,Queen's,Toronto,4,0, Queens ,October 2016,Final,20161002_mlv0,NA
https://en.usports.ca/sports/fh/2016-17/boxscores/20161008_tae3.xml,0,1,0,1,2016-17,2016-10-08,Queen's,Western,0,1, Waterloo ,October 2016,Final,20161008_tae3,NA
https://en.usports.ca/sports/fh/2016-17/boxscores/20161009_8wae.xml,0,1,0,1,2016-17,2016-10-09,York,Queen's,0,2, York ,October 2016,Final,20161009_8wae,NA
https://en.usports.ca/sports/fh/2016-17/boxscores/20161023_0hm9.xml,0,1,0,1,2016-17,2016-10-23,McGill,Queen's,3,1, Toronto ,October 2016,Final,20161023_0hm9,NA
https://en.usports.ca/sports/fh/2016-17/boxscores/20161023_eso9.xml,0,1,0,1,2016-17,2016-10-23,Queen's,Guelph,6,2, Toronto ,October 2016,Final,20161023_eso9,NA
NA,0,0,0,0,2016-17,NA,UPEI Tournament,Saint Mary's,NA,NA,NA,September 2016,TBA,NA,NA
https://en.usports.ca/sports/fh/2016-17/boxscores/20160917_thhn.xml,0,1,0,1,2016-17,2016-09-17,Western,Toronto,3,0, Guelph ,September 2016,Final,20160917_thhn,NA
https://en.usports.ca/sports/fh/2016-17/boxscores/20160918_y184.xml,0,1,0,1,2016-17,2016-09-18,York,Toronto,2,1, Guelph ,September 2016,Final,20160918_y184,NA
https://en.usports.ca/sports/fh/2016-17/boxscores/20160924_bwhb.xml,0,1,0,1,2016-17,2016-09-24,Toronto,Guelph,4,3, Toronto ,September 2016,Final,20160924_bwhb,NA
https://en.usports.ca/sports/fh/2016-17/boxscores/20160924_h32h.xml,0,1,0,1,2016-17,2016-09-24,Toronto,Waterloo,0,3, Toronto ,September 2016,Final,20160924_h32h,NA
https://en.usports.ca/sports/fh/2016-17/boxscores/20160925_yko7.xml,0,1,0,1,2016-17,2016-09-25,Toronto,McGill,0,4, Toronto ,September 2016,Final,20160925_yko7,NA
https://en.usports.ca/sports/fh/2016-17/boxscores/20160925_m4hx.xml,0,1,0,1,2016-17,2016-09-25,Toronto,Queen's,1,5, Toronto ,September 2016,Final,20160925_m4hx,NA
https://en.usports.ca/sports/fh/2016-17/boxscores/20161001_uupd.xml,0,1,0,1,2016-17,2016-10-01,McGill,Toronto,9,0, Queens ,October 2016,Final,20161001_uupd,NA
https://en.usports.ca/sports/fh/2016-17/boxscores/20161002_mlv0.xml,0,1,0,1,2016-17,2016-10-02,Queen's,Toronto,4,0, Queens ,October 2016,Final,20161002_mlv0,NA
https://en.usports.ca/sports/fh/2016-17/boxscores/20161008_opz9.xml,0,1,0,1,2016-17,2016-10-08,Toronto,Western,0,1, Waterloo ,October 2016,Final,20161008_opz9,NA
https://en.usports.ca/sports/fh/2016-17/boxscores/20161020_yaks.xml,0,1,0,1,2016-17,2016-10-20,Guelph,Toronto,3,2, Toronto ,October 2016,Final,20161020_yaks,NA
https://en.usports.ca/sports/fh/2016-17/boxscores/20161023_68qp.xml,0,1,0,1,2016-17,2016-10-23,Toronto,York,0,5, Toronto ,October 2016,Final,20161023_68qp,NA
https://en.usports.ca/sports/fh/2016-17/boxscores/20161023_n6hv.xml,0,1,0,1,2016-17,2016-10-23,Waterloo,Toronto,8,0, Toronto ,October 2016,Final,20161023_n6hv,NA
NA,0,1,0,0,2016-17,NA,Victoria,UBC,1,1, ,September 2016,Final,NA,NA
NA,0,1,0,0,2016-17,NA,Victoria,UBC,1,1, ,September 2016,Final,NA,NA
NA,0,1,0,0,2016-17,NA,UBC,Calgary,0,5, ,October 2016,Final,NA,NA
NA,0,1,0,0,2016-17,NA,UBC,Calgary,0,7, ,October 2016,Final,NA,NA
NA,0,1,0,0,2016-17,NA,UBC,Victoria,0,1, ,October 2016,Final,NA,NA
NA,0,1,0,0,2016-17,NA,UBC,Victoria,1,2, ,October 2016,Final,NA,NA
NA,0,1,0,0,2016-17,NA,Calgary,UBC,5,0, ,October 2016,Final,NA,NA
NA,0,1,0,0,2016-17,NA,Calgary,UBC,3,0, ,October 2016,Final,NA,NA
NA,0,0,0,0,2016-17,NA,UPEI,DAL Tournament,NA,NA,NA,September 2016,TBA,NA,NA
NA,0,0,0,0,2016-17,NA,UPEI,Saint Mary's Tournament,NA,NA,NA,September 2016,TBA,NA,NA
NA,0,0,0,0,2016-17,NA,UPEI,St,NA,NA,NA,October 2016,TBA,NA,NA
NA,0,0,0,0,2016-17,NA,UPEI,St,NA,NA,NA,October 2016,TBA,NA,NA
NA,0,0,0,0,2016-17,NA,UPEI AUFH Championship,UPEI,NA,NA,NA,October 2016,TBA,NA,NA
NA,0,0,0,0,2016-17,NA,UPEI AUFH Championship,UPEI,NA,NA,NA,October 2016,TBA,NA,NA
NA,0,1,0,0,2016-17,NA,Victoria,UBC,1,1, ,September 2016,Final,NA,NA
NA,0,1,0,0,2016-17,NA,Victoria,UBC,1,1, ,September 2016,Final,NA,NA
NA,0,1,0,0,2016-17,NA,Victoria,Calgary,0,5, ,September 2016,Final,NA,NA
NA,0,1,0,0,2016-17,NA,Victoria,Calgary,1,2, ,September 2016,Final,NA,NA
NA,0,1,0,0,2016-17,NA,UBC,Victoria,0,1, ,October 2016,Final,NA,NA
NA,0,1,0,0,2016-17,NA,UBC,Victoria,1,2, ,October 2016,Final,NA,NA
NA,0,1,0,0,2016-17,NA,Calgary,Victoria,6,0, ,October 2016,Final,NA,NA
NA,0,1,0,0,2016-17,NA,Calgary,Victoria,4,1, ,October 2016,Final,NA,NA
https://en.usports.ca/sports/fh/2016-17/boxscores/20160917_fvjb.xml,0,1,0,1,2016-17,2016-09-17,Waterloo,Guelph,7,1, Guelph ,September 2016,Final,20160917_fvjb,NA
https://en.usports.ca/sports/fh/2016-17/boxscores/20160917_tpkg.xml,0,1,0,1,2016-17,2016-09-17,Waterloo,Western,1,1, Guelph ,September 2016,Final,20160917_tpkg,NA
https://en.usports.ca/sports/fh/2016-17/boxscores/20160918_42wj.xml,0,1,0,1,2016-17,2016-09-18,Waterloo,Queen's,0,1, Guelph ,September 2016,Final,20160918_42wj,NA
https://en.usports.ca/sports/fh/2016-17/boxscores/20160924_pug5.xml,0,1,0,1,2016-17,2016-09-24,Waterloo,York,4,0, Toronto ,September 2016,Final,20160924_pug5,NA
https://en.usports.ca/sports/fh/2016-17/boxscores/20160924_h32h.xml,0,1,0,1,2016-17,2016-09-24,Toronto,Waterloo,0,3, Toronto ,September 2016,Final,20160924_h32h,NA
https://en.usports.ca/sports/fh/2016-17/boxscores/20160928_qr1a.xml,0,1,0,1,2016-17,2016-09-28,Waterloo,Guelph,6,0, Guelph ,September 2016,Final,20160928_qr1a,NA
https://en.usports.ca/sports/fh/2016-17/boxscores/20161002_pxt9.xml,0,1,0,1,2016-17,2016-10-02,Queen's,Waterloo,1,1, Queens ,October 2016,Final,20161002_pxt9,NA
https://en.usports.ca/sports/fh/2016-17/boxscores/20161008_0shf.xml,0,1,0,1,2016-17,2016-10-08,York,Waterloo,0,1, Waterloo ,October 2016,Final,20161008_0shf,NA
https://en.usports.ca/sports/fh/2016-17/boxscores/20161008_0w75.xml,0,1,0,1,2016-17,2016-10-08,Waterloo,McGill,2,2, Waterloo ,October 2016,Final,20161008_0w75,NA
https://en.usports.ca/sports/fh/2016-17/boxscores/20161009_zs9b.xml,0,1,0,1,2016-17,2016-10-09,McGill,Waterloo,5,0, York ,October 2016,Final,20161009_zs9b,NA
https://en.usports.ca/sports/fh/2016-17/boxscores/20161019_s4qe.xml,0,1,0,1,2016-17,2016-10-19,Western,Waterloo,1,1, Waterloo ,October 2016,Final,20161019_s4qe,NA
https://en.usports.ca/sports/fh/2016-17/boxscores/20161023_n6hv.xml,0,1,0,1,2016-17,2016-10-23,Waterloo,Toronto,8,0, Toronto ,October 2016,Final,20161023_n6hv,NA
https://en.usports.ca/sports/fh/2016-17/boxscores/20160917_thhn.xml,0,1,0,1,2016-17,2016-09-17,Western,Toronto,3,0, Guelph ,September 2016,Final,20160917_thhn,NA
https://en.usports.ca/sports/fh/2016-17/boxscores/20160917_tpkg.xml,0,1,0,1,2016-17,2016-09-17,Waterloo,Western,1,1, Guelph ,September 2016,Final,20160917_tpkg,NA
https://en.usports.ca/sports/fh/2016-17/boxscores/20160918_kahw.xml,0,1,0,1,2016-17,2016-09-18,Western,Guelph,6,1, Guelph ,September 2016,Final,20160918_kahw,NA
https://en.usports.ca/sports/fh/2016-17/boxscores/20160924_zvym.xml,0,1,0,1,2016-17,2016-09-24,McGill,Western,2,0, Toronto ,September 2016,Final,20160924_zvym,NA
https://en.usports.ca/sports/fh/2016-17/boxscores/20160925_nm42.xml,0,1,0,1,2016-17,2016-09-25,Western,York,1,0, Toronto ,September 2016,Final,20160925_nm42,NA
https://en.usports.ca/sports/fh/2016-17/boxscores/20160925_kx62.xml,0,1,0,1,2016-17,2016-09-25,Western,Queen's,2,2, Toronto ,September 2016,Final,20160925_kx62,NA
https://en.usports.ca/sports/fh/2016-17/boxscores/20161008_opz9.xml,0,1,0,1,2016-17,2016-10-08,Toronto,Western,0,1, Waterloo ,October 2016,Final,20161008_opz9,NA
https://en.usports.ca/sports/fh/2016-17/boxscores/20161008_tae3.xml,0,1,0,1,2016-17,2016-10-08,Queen's,Western,0,1, Waterloo ,October 2016,Final,20161008_tae3,NA
https://en.usports.ca/sports/fh/2016-17/boxscores/20161012_wwrh.xml,0,1,0,1,2016-17,2016-10-12,Guelph,Western,0,4, Guelph ,October 2016,Final,20161012_wwrh,NA
https://en.usports.ca/sports/fh/2016-17/boxscores/20161019_s4qe.xml,0,1,0,1,2016-17,2016-10-19,Western,Waterloo,1,1, Waterloo ,October 2016,Final,20161019_s4qe,NA
https://en.usports.ca/sports/fh/2016-17/boxscores/20161023_zn4n.xml,0,1,0,1,2016-17,2016-10-23,Western,McGill,1,2, Toronto ,October 2016,Final,20161023_zn4n,NA
https://en.usports.ca/sports/fh/2016-17/boxscores/20161023_kps2.xml,0,1,0,1,2016-17,2016-10-23,York,Western,1,1, Toronto ,October 2016,Final,20161023_kps2,NA
https://en.usports.ca/sports/fh/2016-17/boxscores/20160917_6dq1.xml,0,1,0,1,2016-17,2016-09-17,Queen's,York,1,0, Guelph ,September 2016,Final,20160917_6dq1,NA
https://en.usports.ca/sports/fh/2016-17/boxscores/20160918_y184.xml,0,1,0,1,2016-17,2016-09-18,York,Toronto,2,1, Guelph ,September 2016,Final,20160918_y184,NA
https://en.usports.ca/sports/fh/2016-17/boxscores/20160924_pug5.xml,0,1,0,1,2016-17,2016-09-24,Waterloo,York,4,0, Toronto ,September 2016,Final,20160924_pug5,NA
https://en.usports.ca/sports/fh/2016-17/boxscores/20160925_nm42.xml,0,1,0,1,2016-17,2016-09-25,Western,York,1,0, Toronto ,September 2016,Final,20160925_nm42,NA
https://en.usports.ca/sports/fh/2016-17/boxscores/20161001_9jkb.xml,0,1,0,1,2016-17,2016-10-01,York,Guelph,2,2, Queens ,October 2016,Final,20161001_9jkb,NA
https://en.usports.ca/sports/fh/2016-17/boxscores/20161002_gxbs.xml,0,1,0,1,2016-17,2016-10-02,McGill,York,5,0, Queens ,October 2016,Final,20161002_gxbs,NA
https://en.usports.ca/sports/fh/2016-17/boxscores/20161005_mjgb.xml,0,1,0,1,2016-17,2016-10-05,Guelph,York,1,1, Guelph ,October 2016,Final,20161005_mjgb,NA
https://en.usports.ca/sports/fh/2016-17/boxscores/20161008_0shf.xml,0,1,0,1,2016-17,2016-10-08,York,Waterloo,0,1, Waterloo ,October 2016,Final,20161008_0shf,NA
https://en.usports.ca/sports/fh/2016-17/boxscores/20161009_xg2q.xml,0,1,0,1,2016-17,2016-10-09,York,McGill,0,7, York ,October 2016,Final,20161009_xg2q,NA
https://en.usports.ca/sports/fh/2016-17/boxscores/20161009_8wae.xml,0,1,0,1,2016-17,2016-10-09,York,Queen's,0,2, York ,October 2016,Final,20161009_8wae,NA
https://en.usports.ca/sports/fh/2016-17/boxscores/20161023_68qp.xml,0,1,0,1,2016-17,2016-10-23,Toronto,York,0,5, Toronto ,October 2016,Final,20161023_68qp,NA
https://en.usports.ca/sports/fh/2016-17/boxscores/20161023_kps2.xml,0,1,0,1,2016-17,2016-10-23,York,Western,1,1, Toronto ,October 2016,Final,20161023_kps2,NA
NA,0,1,0,0,2015-16,NA,UBC,Calgary,1,2, ,September 2015,Final,NA,NA
NA,0,1,0,0,2015-16,NA,UBC,Calgary,0,2,  ,September 2015,Final,NA,NA
https://en.usports.ca/sports/fh/2015-16/boxscore/20151003_l9o3.xml,0,1,0,0,2015-16,NA,Victoria,Calgary,0,2,  ,October 2015,Final,NA,NA
NA,0,1,0,0,2015-16,NA,Victoria,Calgary,0,2, ,October 2015,Final,NA,NA
NA,0,1,0,0,2015-16,NA,Calgary,UBC,4,0, ,October 2015,Final,NA,NA
NA,0,1,0,0,2015-16,NA,Calgary,UBC,5,3, ,October 2015,Final,NA,NA
https://en.usports.ca/sports/fh/2015-16/boxscore/20151024_55wa.xml,0,1,0,0,2015-16,NA,Calgary,Victoria,1,0,  ,October 2015,Final,NA,NA
https://en.usports.ca/sports/fh/2015-16/boxscore/20151025_b37m.xml,0,1,0,0,2015-16,NA,Calgary,Victoria,4,0,  ,October 2015,Final,NA,NA
https://en.usports.ca/sports/fh/2015-16/boxscore/20150919_3xxf.xml,0,1,0,0,2015-16,NA,McGill,Guelph,10,0, @ Guelph  ,September 2015,Final,NA,NA
https://en.usports.ca/sports/fh/2015-16/boxscore/20150920_pkp5.xml,0,1,0,0,2015-16,NA,Toronto,Guelph,2,5, @ Guelph  ,September 2015,Final,NA,NA
https://en.usports.ca/sports/fh/2015-16/boxscore/20150920_d3ml.xml,0,1,0,0,2015-16,NA,Guelph,Queen's,0,6, @ Guelph  ,September 2015,Final,NA,NA
https://en.usports.ca/sports/fh/2015-16/boxscore/20150922_lxig.xml,0,1,0,0,2015-16,NA,Guelph,Western,0,4, @ Western  ,September 2015,Final,NA,NA
https://en.usports.ca/sports/fh/2015-16/boxscore/20150926_1vzo.xml,0,1,0,0,2015-16,NA,York,Guelph,6,0, @ York   ,September 2015,Final,NA,NA
https://en.usports.ca/sports/fh/2015-16/boxscore/20151003_j3d6.xml,0,1,0,0,2015-16,NA,Guelph,Toronto,5,9, @ Western   ,October 2015,Final,NA,NA
https://en.usports.ca/sports/fh/2015-16/boxscore/20151007_rw49.xml,0,1,0,0,2015-16,NA,Western,Guelph,9,0, @ Guelph ,October 2015,Final,NA,NA
https://en.usports.ca/sports/fh/2015-16/boxscore/20151014_c30x.xml,0,1,0,0,2015-16,NA,Waterloo,Guelph,2,0, @ Guelph ,October 2015,Final,NA,NA
https://en.usports.ca/sports/fh/2015-16/boxscore/20151018_j3wi.xml,0,1,0,0,2015-16,NA,Guelph,McGill,0,4, @ Toronto ,October 2015,Final,NA,NA
https://en.usports.ca/sports/fh/2015-16/boxscore/20151018_49o2.xml,0,1,0,0,2015-16,NA,Guelph,Waterloo,1,8, @ Toronto ,October 2015,Final,NA,NA
https://en.usports.ca/sports/fh/2015-16/boxscore/20151025_xu1k.xml,0,1,0,0,2015-16,NA,Queen's,Guelph,3,0, @ Queen's ,October 2015,Final,NA,NA
https://en.usports.ca/sports/fh/2015-16/boxscore/20151025_3r31.xml,0,1,0,0,2015-16,NA,Guelph,York,1,3, @ Queen's ,October 2015,Final,NA,NA
https://en.usports.ca/sports/fh/2015-16/boxscore/20150919_3xxf.xml,0,1,0,0,2015-16,NA,McGill,Guelph,10,0, @ Guelph  ,September 2015,Final,NA,NA
https://en.usports.ca/sports/fh/2015-16/boxscore/20150920_kkvh.xml,0,1,0,0,2015-16,NA,Queen's,McGill,2,2, @ Guelph  ,September 2015,Final,NA,NA
https://en.usports.ca/sports/fh/2015-16/boxscore/20150920_1jj6.xml,0,1,0,0,2015-16,NA,Western,McGill,0,2, @ Guelph  ,September 2015,Final,NA,NA
https://en.usports.ca/sports/fh/2015-16/boxscore/20150926_ad02.xml,0,1,0,0,2015-16,NA,McGill,Waterloo,3,0, @ York   ,September 2015,Final,NA,NA
https://en.usports.ca/sports/fh/2015-16/boxscore/20150927_di3w.xml,0,1,0,0,2015-16,NA,McGill,Queen's,4,3, @ York  ,September 2015,Final,NA,NA
https://en.usports.ca/sports/fh/2015-16/boxscore/20150927_67mj.xml,0,1,0,0,2015-16,NA,McGill,Toronto,10,0, @ York  ,September 2015,Final,NA,NA
https://en.usports.ca/sports/fh/2015-16/boxscore/20151017_siap.xml,0,1,0,0,2015-16,NA,Toronto,McGill,1,9, @ Toronto ,October 2015,Final,NA,NA
https://en.usports.ca/sports/fh/2015-16/boxscore/20151017_85jp.xml,0,1,0,0,2015-16,NA,McGill,York,2,1, @ Toronto ,October 2015,Final,NA,NA
https://en.usports.ca/sports/fh/2015-16/boxscore/20151018_j3wi.xml,0,1,0,0,2015-16,NA,Guelph,McGill,0,4, @ Toronto ,October 2015,Final,NA,NA
https://en.usports.ca/sports/fh/2015-16/boxscore/20151024_hojd.xml,0,1,0,0,2015-16,NA,Waterloo,McGill,2,3, @ Queen's ,October 2015,Final,NA,NA
https://en.usports.ca/sports/fh/2015-16/boxscore/20151025_415g.xml,0,1,0,0,2015-16,NA,York,McGill,0,0, @ Queen's ,October 2015,Final,NA,NA
https://en.usports.ca/sports/fh/2015-16/boxscore/20151025_fe2p.xml,0,1,0,0,2015-16,NA,McGill,Western,0,3, @ Queen's ,October 2015,Final,NA,NA
https://en.usports.ca/sports/fh/2015-16/boxscore/20150919_te8k.xml,0,1,0,0,2015-16,NA,Waterloo,Queen's,1,1, @ Guelph  ,September 2015,Final,NA,NA
https://en.usports.ca/sports/fh/2015-16/boxscore/20150920_kkvh.xml,0,1,0,0,2015-16,NA,Queen's,McGill,2,2, @ Guelph  ,September 2015,Final,NA,NA
https://en.usports.ca/sports/fh/2015-16/boxscore/20150920_d3ml.xml,0,1,0,0,2015-16,NA,Guelph,Queen's,0,6, @ Guelph  ,September 2015,Final,NA,NA
https://en.usports.ca/sports/fh/2015-16/boxscore/20150926_vxi9.xml,0,1,0,0,2015-16,NA,Toronto,Queen's,1,6, @ York   ,September 2015,Final,NA,NA
https://en.usports.ca/sports/fh/2015-16/boxscore/20150927_di3w.xml,0,1,0,0,2015-16,NA,McGill,Queen's,4,3, @ York  ,September 2015,Final,NA,NA
https://en.usports.ca/sports/fh/2015-16/boxscore/20150927_c7ei.xml,0,1,0,0,2015-16,NA,Queen's,York,4,0, @ York  ,September 2015,Final,NA,NA
https://en.usports.ca/sports/fh/2015-16/boxscore/20151017_wala.xml,0,1,0,0,2015-16,NA,York,Queen's,2,2, @ Toronto ,October 2015,Final,NA,NA
https://en.usports.ca/sports/fh/2015-16/boxscore/20151018_wlin.xml,0,1,0,0,2015-16,NA,Queen's,Toronto,5,1, @ Toronto ,October 2015,Final,NA,NA
https://en.usports.ca/sports/fh/2015-16/boxscore/20151018_5m4m.xml,0,1,0,0,2015-16,NA,Queen's,Western,0,1, @ Toronto ,October 2015,Final,NA,NA
https://en.usports.ca/sports/fh/2015-16/boxscore/20151024_zftd.xml,0,1,0,0,2015-16,NA,Queen's,Waterloo,0,3, @ Queen's ,October 2015,Final,NA,NA
https://en.usports.ca/sports/fh/2015-16/boxscore/20151024_f1wm.xml,0,1,0,0,2015-16,NA,Western,Queen's,3,0, @ Queen's ,October 2015,Final,NA,NA
https://en.usports.ca/sports/fh/2015-16/boxscore/20151025_xu1k.xml,0,1,0,0,2015-16,NA,Queen's,Guelph,3,0, @ Queen's ,October 2015,Final,NA,NA
https://en.usports.ca/sports/fh/2015-16/boxscore/20150920_pkp5.xml,0,1,0,0,2015-16,NA,Toronto,Guelph,2,5, @ Guelph  ,September 2015,Final,NA,NA
https://en.usports.ca/sports/fh/2015-16/boxscore/20150920_lpue.xml,0,1,0,0,2015-16,NA,Waterloo,Toronto,3,1, @ Guelph  ,September 2015,Final,NA,NA
https://en.usports.ca/sports/fh/2015-16/boxscore/20150926_vxi9.xml,0,1,0,0,2015-16,NA,Toronto,Queen's,1,6, @ York   ,September 2015,Final,NA,NA
https://en.usports.ca/sports/fh/2015-16/boxscore/20150927_b2ux.xml,0,1,0,0,2015-16,NA,Toronto,York,0,5, @ York  ,September 2015,Final,NA,NA
https://en.usports.ca/sports/fh/2015-16/boxscore/20150927_67mj.xml,0,1,0,0,2015-16,NA,McGill,Toronto,10,0, @ York  ,September 2015,Final,NA,NA
https://en.usports.ca/sports/fh/2015-16/boxscore/20151003_j3d6.xml,0,1,0,0,2015-16,NA,Guelph,Toronto,5,9, @ Western   ,October 2015,Final,NA,NA
https://en.usports.ca/sports/fh/2015-16/boxscore/20151003_m3tp.xml,0,1,0,0,2015-16,NA,Western,Toronto,3,1, @ Western ,October 2015,Final,NA,NA
https://en.usports.ca/sports/fh/2015-16/boxscore/20151017_siap.xml,0,1,0,0,2015-16,NA,Toronto,McGill,1,9, @ Toronto ,October 2015,Final,NA,NA
https://en.usports.ca/sports/fh/2015-16/boxscore/20151018_wlin.xml,0,1,0,0,2015-16,NA,Queen's,Toronto,5,1, @ Toronto ,October 2015,Final,NA,NA
https://en.usports.ca/sports/fh/2015-16/boxscore/20151018_a0sr.xml,0,1,0,0,2015-16,NA,Toronto,Waterloo,0,7, @ Toronto ,October 2015,Final,NA,NA
https://en.usports.ca/sports/fh/2015-16/boxscore/20151024_p7u4.xml,0,1,0,0,2015-16,NA,York,Toronto,5,0, @ Queen's ,October 2015,Final,NA,NA
https://en.usports.ca/sports/fh/2015-16/boxscore/20151024_zqip.xml,0,1,0,0,2015-16,NA,Toronto,Western,2,12, @ Queen's ,October 2015,Final,NA,NA
NA,0,1,0,0,2015-16,NA,UBC,Victoria,3,0,  ,September 2015,Final,NA,NA
NA,0,1,0,0,2015-16,NA,UBC,Victoria,2,0,  ,September 2015,Final,NA,NA
NA,0,1,0,0,2015-16,NA,UBC,Calgary,1,2, ,September 2015,Final,NA,NA
NA,0,1,0,0,2015-16,NA,UBC,Calgary,0,2,  ,September 2015,Final,NA,NA
NA,0,1,0,0,2015-16,NA,Victoria,UBC,0,1, ,October 2015,Final,NA,NA
NA,0,1,0,0,2015-16,NA,Victoria,UBC,1,1, ,October 2015,Final,NA,NA
NA,0,1,0,0,2015-16,NA,Calgary,UBC,4,0, ,October 2015,Final,NA,NA
NA,0,1,0,0,2015-16,NA,Calgary,UBC,5,3, ,October 2015,Final,NA,NA
NA,0,1,0,0,2015-16,NA,UBC,Victoria,3,0,  ,September 2015,Final,NA,NA
NA,0,1,0,0,2015-16,NA,UBC,Victoria,2,0,  ,September 2015,Final,NA,NA
https://en.usports.ca/sports/fh/2015-16/boxscore/20151003_l9o3.xml,0,1,0,0,2015-16,NA,Victoria,Calgary,0,2,  ,October 2015,Final,NA,NA
NA,0,1,0,0,2015-16,NA,Victoria,Calgary,0,2, ,October 2015,Final,NA,NA
NA,0,1,0,0,2015-16,NA,Victoria,UBC,0,1, ,October 2015,Final,NA,NA
NA,0,1,0,0,2015-16,NA,Victoria,UBC,1,1, ,October 2015,Final,NA,NA
https://en.usports.ca/sports/fh/2015-16/boxscore/20151024_55wa.xml,0,1,0,0,2015-16,NA,Calgary,Victoria,1,0,  ,October 2015,Final,NA,NA
https://en.usports.ca/sports/fh/2015-16/boxscore/20151025_b37m.xml,0,1,0,0,2015-16,NA,Calgary,Victoria,4,0,  ,October 2015,Final,NA,NA
https://en.usports.ca/sports/fh/2015-16/boxscore/20150919_te8k.xml,0,1,0,0,2015-16,NA,Waterloo,Queen's,1,1, @ Guelph  ,September 2015,Final,NA,NA
https://en.usports.ca/sports/fh/2015-16/boxscore/20150919_6d0a.xml,0,1,0,0,2015-16,NA,York,Waterloo,1,0, @ Guelph  ,September 2015,Final,NA,NA
https://en.usports.ca/sports/fh/2015-16/boxscore/20150920_lpue.xml,0,1,0,0,2015-16,NA,Waterloo,Toronto,3,1, @ Guelph  ,September 2015,Final,NA,NA
https://en.usports.ca/sports/fh/2015-16/boxscore/20150926_gbct.xml,0,1,0,0,2015-16,NA,Waterloo,Western,0,1, @ York   ,September 2015,Final,NA,NA
https://en.usports.ca/sports/fh/2015-16/boxscore/20150926_ad02.xml,0,1,0,0,2015-16,NA,McGill,Waterloo,3,0, @ York   ,September 2015,Final,NA,NA
https://en.usports.ca/sports/fh/2015-16/boxscore/20151003_1sbn.xml,0,1,0,0,2015-16,NA,Waterloo,York,1,0, @ Western ,October 2015,Final,NA,NA
https://en.usports.ca/sports/fh/2015-16/boxscore/20151008_fncm.xml,0,1,0,0,2015-16,NA,Western,Waterloo,3,0, @ Waterloo ,October 2015,Final,NA,NA
https://en.usports.ca/sports/fh/2015-16/boxscore/20151014_c30x.xml,0,1,0,0,2015-16,NA,Waterloo,Guelph,2,0, @ Guelph ,October 2015,Final,NA,NA
https://en.usports.ca/sports/fh/2015-16/boxscore/20151018_a0sr.xml,0,1,0,0,2015-16,NA,Toronto,Waterloo,0,7, @ Toronto ,October 2015,Final,NA,NA
https://en.usports.ca/sports/fh/2015-16/boxscore/20151018_49o2.xml,0,1,0,0,2015-16,NA,Guelph,Waterloo,1,8, @ Toronto ,October 2015,Final,NA,NA
https://en.usports.ca/sports/fh/2015-16/boxscore/20151024_zftd.xml,0,1,0,0,2015-16,NA,Queen's,Waterloo,0,3, @ Queen's ,October 2015,Final,NA,NA
https://en.usports.ca/sports/fh/2015-16/boxscore/20151024_hojd.xml,0,1,0,0,2015-16,NA,Waterloo,McGill,2,3, @ Queen's ,October 2015,Final,NA,NA
https://en.usports.ca/sports/fh/2015-16/boxscore/20150919_3h47.xml,0,1,0,0,2015-16,NA,York,Western,1,3, @ Guelph  ,September 2015,Final,NA,NA
https://en.usports.ca/sports/fh/2015-16/boxscore/20150920_1jj6.xml,0,1,0,0,2015-16,NA,Western,McGill,0,2, @ Guelph  ,September 2015,Final,NA,NA
https://en.usports.ca/sports/fh/2015-16/boxscore/20150922_lxig.xml,0,1,0,0,2015-16,NA,Guelph,Western,0,4, @ Western  ,September 2015,Final,NA,NA
https://en.usports.ca/sports/fh/2015-16/boxscore/20150926_gbct.xml,0,1,0,0,2015-16,NA,Waterloo,Western,0,1, @ York   ,September 2015,Final,NA,NA
https://en.usports.ca/sports/fh/2015-16/boxscore/20151003_m4rr.xml,0,1,0,0,2015-16,NA,Western,York,1,0, @ Western ,October 2015,Final,NA,NA
https://en.usports.ca/sports/fh/2015-16/boxscore/20151003_m3tp.xml,0,1,0,0,2015-16,NA,Western,Toronto,3,1, @ Western ,October 2015,Final,NA,NA
https://en.usports.ca/sports/fh/2015-16/boxscore/20151007_rw49.xml,0,1,0,0,2015-16,NA,Western,Guelph,9,0, @ Guelph ,October 2015,Final,NA,NA
https://en.usports.ca/sports/fh/2015-16/boxscore/20151008_fncm.xml,0,1,0,0,2015-16,NA,Western,Waterloo,3,0, @ Waterloo ,October 2015,Final,NA,NA
https://en.usports.ca/sports/fh/2015-16/boxscore/20151018_5m4m.xml,0,1,0,0,2015-16,NA,Queen's,Western,0,1, @ Toronto ,October 2015,Final,NA,NA
https://en.usports.ca/sports/fh/2015-16/boxscore/20151024_f1wm.xml,0,1,0,0,2015-16,NA,Western,Queen's,3,0, @ Queen's ,October 2015,Final,NA,NA
https://en.usports.ca/sports/fh/2015-16/boxscore/20151024_zqip.xml,0,1,0,0,2015-16,NA,Toronto,Western,2,12, @ Queen's ,October 2015,Final,NA,NA
https://en.usports.ca/sports/fh/2015-16/boxscore/20151025_fe2p.xml,0,1,0,0,2015-16,NA,McGill,Western,0,3, @ Queen's ,October 2015,Final,NA,NA
https://en.usports.ca/sports/fh/2015-16/boxscore/20150919_3h47.xml,0,1,0,0,2015-16,NA,York,Western,1,3, @ Guelph  ,September 2015,Final,NA,NA
https://en.usports.ca/sports/fh/2015-16/boxscore/20150919_6d0a.xml,0,1,0,0,2015-16,NA,York,Waterloo,1,0, @ Guelph  ,September 2015,Final,NA,NA
https://en.usports.ca/sports/fh/2015-16/boxscore/20150926_1vzo.xml,0,1,0,0,2015-16,NA,York,Guelph,6,0, @ York   ,September 2015,Final,NA,NA
https://en.usports.ca/sports/fh/2015-16/boxscore/20150927_b2ux.xml,0,1,0,0,2015-16,NA,Toronto,York,0,5, @ York  ,September 2015,Final,NA,NA
https://en.usports.ca/sports/fh/2015-16/boxscore/20150927_c7ei.xml,0,1,0,0,2015-16,NA,Queen's,York,4,0, @ York  ,September 2015,Final,NA,NA
https://en.usports.ca/sports/fh/2015-16/boxscore/20151003_m4rr.xml,0,1,0,0,2015-16,NA,Western,York,1,0, @ Western ,October 2015,Final,NA,NA
https://en.usports.ca/sports/fh/2015-16/boxscore/20151003_1sbn.xml,0,1,0,0,2015-16,NA,Waterloo,York,1,0, @ Western ,October 2015,Final,NA,NA
https://en.usports.ca/sports/fh/2015-16/boxscore/20151017_wala.xml,0,1,0,0,2015-16,NA,York,Queen's,2,2, @ Toronto ,October 2015,Final,NA,NA
https://en.usports.ca/sports/fh/2015-16/boxscore/20151017_85jp.xml,0,1,0,0,2015-16,NA,McGill,York,2,1, @ Toronto ,October 2015,Final,NA,NA
https://en.usports.ca/sports/fh/2015-16/boxscore/20151024_p7u4.xml,0,1,0,0,2015-16,NA,York,Toronto,5,0, @ Queen's ,October 2015,Final,NA,NA
https://en.usports.ca/sports/fh/2015-16/boxscore/20151025_415g.xml,0,1,0,0,2015-16,NA,York,McGill,0,0, @ Queen's ,October 2015,Final,NA,NA
https://en.usports.ca/sports/fh/2015-16/boxscore/20151025_3r31.xml,0,1,0,0,2015-16,NA,Guelph,York,1,3, @ Queen's ,October 2015,Final,NA,NA
NA,0,1,0,0,2014-15,NA,Victoria,Calgary,0,6, ,September 2014,Final,NA,NA
NA,0,1,0,0,2014-15,NA,Victoria,Calgary,0,1, ,September 2014,Final,NA,NA
NA,0,1,0,0,2014-15,NA,UBC,Calgary,0,4, ,September 2014,Final,NA,NA
NA,0,1,0,0,2014-15,NA,UBC,Calgary,0,2, ,September 2014,Final,NA,NA
https://en.usports.ca/sports/fh/2014-15/boxscore/20141004_eucf.xml,0,1,0,0,2014-15,NA,Calgary,Victoria,3,0,  ,October 2014,Final,NA,NA
https://en.usports.ca/sports/fh/2014-15/boxscore/20141005_scvz.xml,0,1,0,0,2014-15,NA,Calgary,Victoria,3,0,  ,October 2014,Final,NA,NA
NA,0,1,0,0,2014-15,NA,Calgary,UBC,9,0, ,October 2014,Final,NA,NA
NA,0,1,0,0,2014-15,NA,Calgary,UBC,4,0, Video ,October 2014,Final,NA,NA
https://en.usports.ca/sports/fh/2014-15/boxscore/20140914_ma56.xml,0,1,0,1,2014-15,NA,York,Guelph,3,1, York ,September 2014,Final,NA,NA
https://en.usports.ca/sports/fh/2014-15/boxscore/20140917_flhq.xml,0,1,0,1,2014-15,NA,Waterloo,Guelph,5,0, Guelph  ,September 2014,Final,NA,NA
https://en.usports.ca/sports/fh/2014-15/boxscore/20140921_ib3q.xml,0,1,0,1,2014-15,NA,Guelph,McGill,0,5, Queen's ,September 2014,Final,NA,NA
https://en.usports.ca/sports/fh/2014-15/boxscore/20140921_u76j.xml,0,1,0,1,2014-15,NA,Guelph,Toronto,2,1, Queen's ,September 2014,Final,NA,NA
https://en.usports.ca/sports/fh/2014-15/boxscore/20140924_59z9.xml,0,1,0,1,2014-15,NA,Western,Guelph,3,1, Guelph ,September 2014,Final,NA,NA
https://en.usports.ca/sports/fh/2014-15/boxscore/20140927_4mea.xml,0,1,0,1,2014-15,NA,York,Guelph,4,0, Western ,September 2014,Final,NA,NA
https://en.usports.ca/sports/fh/2014-15/boxscore/20140927_r2ps.xml,0,1,0,1,2014-15,NA,Queen's,Guelph,3,1, Western ,September 2014,Final,NA,NA
https://en.usports.ca/sports/fh/2014-15/boxscore/20141004_0tx4.xml,0,1,0,1,2014-15,NA,McGill,Guelph,2,1, Guelph ,October 2014,Final,NA,NA
https://en.usports.ca/sports/fh/2014-15/boxscore/20141005_n3fm.xml,0,1,0,1,2014-15,NA,Toronto,Guelph,2,3, Guelph ,October 2014,Final,NA,NA
https://en.usports.ca/sports/fh/2014-15/boxscore/20141005_y3zq.xml,0,1,0,1,2014-15,NA,Guelph,Queen's,1,5, Guelph ,October 2014,Final,NA,NA
https://en.usports.ca/sports/fh/2014-15/boxscore/20141019_ungb.xml,0,1,0,1,2014-15,NA,Guelph,Waterloo,0,3, Toronto ,October 2014,Final,NA,NA
https://en.usports.ca/sports/fh/2014-15/boxscore/20141019_m7b5.xml,0,1,0,1,2014-15,NA,Western,Guelph,7,3, Toronto ,October 2014,Final,NA,NA
https://en.usports.ca/sports/fh/2014-15/boxscore/20140913_w6jp.xml,0,1,0,1,2014-15,NA,McGill,Western,0,5, York  ,September 2014,Final,NA,NA
https://en.usports.ca/sports/fh/2014-15/boxscore/20140914_abpw.xml,0,1,0,1,2014-15,NA,Waterloo,McGill,1,1, York ,September 2014,Final,NA,NA
https://en.usports.ca/sports/fh/2014-15/boxscore/20140914_bvcn.xml,0,1,0,1,2014-15,NA,McGill,York,1,0, York ,September 2014,Final,NA,NA
https://en.usports.ca/sports/fh/2014-15/boxscore/20140920_9unn.xml,0,1,0,1,2014-15,NA,McGill,Toronto,8,0, Queen's ,September 2014,Final,NA,NA
https://en.usports.ca/sports/fh/2014-15/boxscore/20140921_ib3q.xml,0,1,0,1,2014-15,NA,Guelph,McGill,0,5, Queen's ,September 2014,Final,NA,NA
https://en.usports.ca/sports/fh/2014-15/boxscore/20140921_omn7.xml,0,1,0,1,2014-15,NA,McGill,Queen's,4,0, Queen's ,September 2014,Final,NA,NA
https://en.usports.ca/sports/fh/2014-15/boxscore/20140927_zukg.xml,0,1,0,1,2014-15,NA,Western,McGill,1,1, Western ,September 2014,Final,NA,NA
https://en.usports.ca/sports/fh/2014-15/boxscore/20140928_4cl2.xml,0,1,0,1,2014-15,NA,York,McGill,1,1, Western ,September 2014,Final,NA,NA
https://en.usports.ca/sports/fh/2014-15/boxscore/20140928_6hey.xml,0,1,0,1,2014-15,NA,Toronto,McGill,0,8, Western ,September 2014,Final,NA,NA
https://en.usports.ca/sports/fh/2014-15/boxscore/20141004_0tx4.xml,0,1,0,1,2014-15,NA,McGill,Guelph,2,1, Guelph ,October 2014,Final,NA,NA
https://en.usports.ca/sports/fh/2014-15/boxscore/20141005_4n1b.xml,0,1,0,1,2014-15,NA,Queen's,McGill,0,1, Guelph ,October 2014,Final,NA,NA
https://en.usports.ca/sports/fh/2014-15/boxscore/20141005_0hcz.xml,0,1,0,1,2014-15,NA,McGill,Waterloo,3,0, Guelph ,October 2014,Final,NA,NA
https://en.usports.ca/sports/fh/2014-15/boxscore/20140913_vd8n.xml,0,1,0,1,2014-15,NA,Queen's,York,0,1, York  ,September 2014,Final,NA,NA
https://en.usports.ca/sports/fh/2014-15/boxscore/20140913_3kww.xml,0,1,0,1,2014-15,NA,Queen's,Toronto,6,0, York  ,September 2014,Final,NA,NA
https://en.usports.ca/sports/fh/2014-15/boxscore/20140920_imyc.xml,0,1,0,1,2014-15,NA,York,Queen's,1,1, Queen's ,September 2014,Final,NA,NA
https://en.usports.ca/sports/fh/2014-15/boxscore/20140920_rx6m.xml,0,1,0,1,2014-15,NA,Queen's,Waterloo,0,3, Queen's ,September 2014,Final,NA,NA
https://en.usports.ca/sports/fh/2014-15/boxscore/20140921_omn7.xml,0,1,0,1,2014-15,NA,McGill,Queen's,4,0, Queen's ,September 2014,Final,NA,NA
https://en.usports.ca/sports/fh/2014-15/boxscore/20140927_irb9.xml,0,1,0,1,2014-15,NA,Western,Queen's,1,0, Western ,September 2014,Final,NA,NA
https://en.usports.ca/sports/fh/2014-15/boxscore/20140927_r2ps.xml,0,1,0,1,2014-15,NA,Queen's,Guelph,3,1, Western ,September 2014,Final,NA,NA
https://en.usports.ca/sports/fh/2014-15/boxscore/20141004_8ek9.xml,0,1,0,1,2014-15,NA,Waterloo,Queen's,0,1, Guelph ,October 2014,Final,NA,NA
https://en.usports.ca/sports/fh/2014-15/boxscore/20141005_4n1b.xml,0,1,0,1,2014-15,NA,Queen's,McGill,0,1, Guelph ,October 2014,Final,NA,NA
https://en.usports.ca/sports/fh/2014-15/boxscore/20141005_y3zq.xml,0,1,0,1,2014-15,NA,Guelph,Queen's,1,5, Guelph ,October 2014,Final,NA,NA
https://en.usports.ca/sports/fh/2014-15/boxscore/20141018_69gz.xml,0,1,0,1,2014-15,NA,Toronto,Queen's,2,4, Toronto ,October 2014,Final,NA,NA
https://en.usports.ca/sports/fh/2014-15/boxscore/20141019_v1ka.xml,0,1,0,1,2014-15,NA,Queen's,Western,3,4, Toronto ,October 2014,Final,NA,NA
NA,1,0,0,0,2014-15,NA,York,Saint Mary's,1,1,NA,September 2014,Final,NA,NA
NA,1,0,0,0,2014-15,NA,Waterloo,Saint Mary's,1,1,NA,September 2014,Final,NA,NA
NA,1,0,0,0,2014-15,NA,Western,Saint Mary's,2,4,NA,September 2014,Final,NA,NA
NA,1,0,0,0,2014-15,NA,UPEI,Saint Mary's,0,1,NA,September 2014,Final,NA,NA
NA,1,0,0,0,2014-15,NA,Mount Allison,Saint Mary's,5,0,NA,September 2014,Final,NA,NA
NA,1,0,0,0,2014-15,NA,St Francis Xavier,Saint Mary's,7,0,NA,September 2014,Final,NA,NA
NA,1,0,0,0,2014-15,NA,University of New Brunswick,Saint Mary's,2,0,NA,September 2014,Final,NA,NA
NA,1,0,0,0,2014-15,NA,Acadia,Saint Mary's,5,0,NA,September 2014,Final,NA,NA
NA,1,0,0,0,2014-15,NA,UNB,Saint Mary's,4,0,NA,October 2014,Final,NA,NA
NA,1,0,0,0,2014-15,NA,StFX,Saint Mary's,3,1,NA,October 2014,Final,NA,NA
NA,0,0,0,0,2014-15,NA,Saint Mary's,UPEI L,3,2,NA,October 2014,Final - OT,NA,NA
https://en.usports.ca/sports/fh/2014-15/boxscore/20140913_w1cj.xml,0,1,0,1,2014-15,NA,Western,Toronto,5,2, York  ,September 2014,Final,NA,NA
https://en.usports.ca/sports/fh/2014-15/boxscore/20140913_3kww.xml,0,1,0,1,2014-15,NA,Queen's,Toronto,6,0, York  ,September 2014,Final,NA,NA
https://en.usports.ca/sports/fh/2014-15/boxscore/20140914_g2rq.xml,0,1,0,1,2014-15,NA,Waterloo,Toronto,3,0, York ,September 2014,Final,NA,NA
https://en.usports.ca/sports/fh/2014-15/boxscore/20140920_9unn.xml,0,1,0,1,2014-15,NA,McGill,Toronto,8,0, Queen's ,September 2014,Final,NA,NA
https://en.usports.ca/sports/fh/2014-15/boxscore/20140921_qygg.xml,0,1,0,1,2014-15,NA,Toronto,York,0,4, Queen's ,September 2014,Final,NA,NA
https://en.usports.ca/sports/fh/2014-15/boxscore/20140921_u76j.xml,0,1,0,1,2014-15,NA,Guelph,Toronto,2,1, Queen's ,September 2014,Final,NA,NA
https://en.usports.ca/sports/fh/2014-15/boxscore/20140928_6hey.xml,0,1,0,1,2014-15,NA,Toronto,McGill,0,8, Western ,September 2014,Final,NA,NA
https://en.usports.ca/sports/fh/2014-15/boxscore/20141005_n3fm.xml,0,1,0,1,2014-15,NA,Toronto,Guelph,2,3, Guelph ,October 2014,Final,NA,NA
https://en.usports.ca/sports/fh/2014-15/boxscore/20141005_956m.xml,0,1,0,1,2014-15,NA,Toronto,Western,0,6, Guelph ,October 2014,Final,NA,NA
https://en.usports.ca/sports/fh/2014-15/boxscore/20141018_69gz.xml,0,1,0,1,2014-15,NA,Toronto,Queen's,2,4, Toronto ,October 2014,Final,NA,NA
https://en.usports.ca/sports/fh/2014-15/boxscore/20141019_58ex.xml,0,1,0,1,2014-15,NA,York,Toronto,3,1, Toronto ,October 2014,Final,NA,NA
https://en.usports.ca/sports/fh/2014-15/boxscore/20141019_wnve.xml,0,1,0,1,2014-15,NA,Toronto,Waterloo,0,3, Toronto ,October 2014,Final,NA,NA
NA,0,1,0,0,2014-15,NA,Victoria,UBC,1,1, ,September 2014,Final,NA,NA
NA,0,1,0,0,2014-15,NA,Victoria,UBC,1,1, ,September 2014,Final,NA,NA
NA,0,1,0,0,2014-15,NA,UBC,Calgary,0,4, ,September 2014,Final,NA,NA
NA,0,1,0,0,2014-15,NA,UBC,Calgary,0,2, ,September 2014,Final,NA,NA
https://en.usports.ca/sports/fh/2014-15/boxscore/20141011_l7en.xml,0,1,0,0,2014-15,NA,UBC,Victoria,1,3,  ,October 2014,Final,NA,NA
NA,0,1,0,0,2014-15,NA,UBC,Victoria,4,1, ,October 2014,Final,NA,NA
NA,0,1,0,0,2014-15,NA,Calgary,UBC,9,0, ,October 2014,Final,NA,NA
NA,0,1,0,0,2014-15,NA,Calgary,UBC,4,0, Video ,October 2014,Final,NA,NA
NA,1,0,0,0,2014-15,NA,UPEI,Saint Mary's,0,1,NA,September 2014,Final,NA,NA
NA,0,0,0,0,2014-15,NA,Saint Mary's W,UPEI,3,2,NA,October 2014,Final - OT,NA,NA
NA,0,1,0,0,2014-15,NA,Victoria,Calgary,0,6, ,September 2014,Final,NA,NA
NA,0,1,0,0,2014-15,NA,Victoria,Calgary,0,1, ,September 2014,Final,NA,NA
NA,0,1,0,0,2014-15,NA,Victoria,UBC,1,1, ,September 2014,Final,NA,NA
NA,0,1,0,0,2014-15,NA,Victoria,UBC,1,1, ,September 2014,Final,NA,NA
https://en.usports.ca/sports/fh/2014-15/boxscore/20141004_eucf.xml,0,1,0,0,2014-15,NA,Calgary,Victoria,3,0,  ,October 2014,Final,NA,NA
https://en.usports.ca/sports/fh/2014-15/boxscore/20141005_scvz.xml,0,1,0,0,2014-15,NA,Calgary,Victoria,3,0,  ,October 2014,Final,NA,NA
https://en.usports.ca/sports/fh/2014-15/boxscore/20141011_l7en.xml,0,1,0,0,2014-15,NA,UBC,Victoria,1,3,  ,October 2014,Final,NA,NA
NA,0,1,0,0,2014-15,NA,UBC,Victoria,4,1, ,October 2014,Final,NA,NA
NA,1,0,0,0,2014-15,NA,Saint Mary's,Waterloo,1,1,NA,September 2014,Final,NA,NA
https://en.usports.ca/sports/fh/2014-15/boxscore/20140914_abpw.xml,0,1,0,1,2014-15,NA,Waterloo,McGill,1,1, York ,September 2014,Final,NA,NA
https://en.usports.ca/sports/fh/2014-15/boxscore/20140914_g2rq.xml,0,1,0,1,2014-15,NA,Waterloo,Toronto,3,0, York ,September 2014,Final,NA,NA
https://en.usports.ca/sports/fh/2014-15/boxscore/20140917_flhq.xml,0,1,0,1,2014-15,NA,Waterloo,Guelph,5,0, Guelph  ,September 2014,Final,NA,NA
https://en.usports.ca/sports/fh/2014-15/boxscore/20140920_k302.xml,0,1,0,1,2014-15,NA,Waterloo,Western,1,1, Queen's ,September 2014,Final,NA,NA
https://en.usports.ca/sports/fh/2014-15/boxscore/20140920_rx6m.xml,0,1,0,1,2014-15,NA,Queen's,Waterloo,0,3, Queen's ,September 2014,Final,NA,NA
https://en.usports.ca/sports/fh/2014-15/boxscore/20140928_u6g9.xml,0,1,0,1,2014-15,NA,Western,Waterloo,0,0, Western ,September 2014,Final,NA,NA
https://en.usports.ca/sports/fh/2014-15/boxscore/20140928_rhus.xml,0,1,0,1,2014-15,NA,Waterloo,York,0,1, Western ,September 2014,Final,NA,NA
https://en.usports.ca/sports/fh/2014-15/boxscore/20141004_8ek9.xml,0,1,0,1,2014-15,NA,Waterloo,Queen's,0,1, Guelph ,October 2014,Final,NA,NA
https://en.usports.ca/sports/fh/2014-15/boxscore/20141004_pfu9.xml,0,1,0,1,2014-15,NA,York,Waterloo,1,0, Guelph ,October 2014,Final,NA,NA
https://en.usports.ca/sports/fh/2014-15/boxscore/20141005_0hcz.xml,0,1,0,1,2014-15,NA,McGill,Waterloo,3,0, Guelph ,October 2014,Final,NA,NA
https://en.usports.ca/sports/fh/2014-15/boxscore/20141019_ungb.xml,0,1,0,1,2014-15,NA,Guelph,Waterloo,0,3, Toronto ,October 2014,Final,NA,NA
https://en.usports.ca/sports/fh/2014-15/boxscore/20141019_wnve.xml,0,1,0,1,2014-15,NA,Toronto,Waterloo,0,3, Toronto ,October 2014,Final,NA,NA
NA,1,0,0,0,2014-15,NA,Saint Mary's,Western,4,2,NA,September 2014,Final,NA,NA
https://en.usports.ca/sports/fh/2014-15/boxscore/20140913_w1cj.xml,0,1,0,1,2014-15,NA,Western,Toronto,5,2, York  ,September 2014,Final,NA,NA
https://en.usports.ca/sports/fh/2014-15/boxscore/20140913_w6jp.xml,0,1,0,1,2014-15,NA,McGill,Western,0,5, York  ,September 2014,Final,NA,NA
https://en.usports.ca/sports/fh/2014-15/boxscore/20140920_k302.xml,0,1,0,1,2014-15,NA,Waterloo,Western,1,1, Queen's ,September 2014,Final,NA,NA
https://en.usports.ca/sports/fh/2014-15/boxscore/20140920_ez3c.xml,0,1,0,1,2014-15,NA,York,Western,1,2, Queen's ,September 2014,Final,NA,NA
https://en.usports.ca/sports/fh/2014-15/boxscore/20140924_59z9.xml,0,1,0,1,2014-15,NA,Western,Guelph,3,1, Guelph ,September 2014,Final,NA,NA
https://en.usports.ca/sports/fh/2014-15/boxscore/20140927_irb9.xml,0,1,0,1,2014-15,NA,Western,Queen's,1,0, Western ,September 2014,Final,NA,NA
https://en.usports.ca/sports/fh/2014-15/boxscore/20140927_zukg.xml,0,1,0,1,2014-15,NA,Western,McGill,1,1, Western ,September 2014,Final,NA,NA
https://en.usports.ca/sports/fh/2014-15/boxscore/20140928_u6g9.xml,0,1,0,1,2014-15,NA,Western,Waterloo,0,0, Western ,September 2014,Final,NA,NA
https://en.usports.ca/sports/fh/2014-15/boxscore/20141004_hdig.xml,0,1,0,1,2014-15,NA,Western,York,4,1, Guelph ,October 2014,Final,NA,NA
https://en.usports.ca/sports/fh/2014-15/boxscore/20141005_956m.xml,0,1,0,1,2014-15,NA,Toronto,Western,0,6, Guelph ,October 2014,Final,NA,NA
https://en.usports.ca/sports/fh/2014-15/boxscore/20141019_v1ka.xml,0,1,0,1,2014-15,NA,Queen's,Western,3,4, Toronto ,October 2014,Final,NA,NA
https://en.usports.ca/sports/fh/2014-15/boxscore/20141019_m7b5.xml,0,1,0,1,2014-15,NA,Western,Guelph,7,3, Toronto ,October 2014,Final,NA,NA
NA,1,0,0,0,2014-15,NA,Saint Mary's,York,1,1,NA,September 2014,Final,NA,NA
https://en.usports.ca/sports/fh/2014-15/boxscore/20140913_vd8n.xml,0,1,0,1,2014-15,NA,Queen's,York,0,1, York  ,September 2014,Final,NA,NA
https://en.usports.ca/sports/fh/2014-15/boxscore/20140914_ma56.xml,0,1,0,1,2014-15,NA,York,Guelph,3,1, York ,September 2014,Final,NA,NA
https://en.usports.ca/sports/fh/2014-15/boxscore/20140914_bvcn.xml,0,1,0,1,2014-15,NA,McGill,York,1,0, York ,September 2014,Final,NA,NA
https://en.usports.ca/sports/fh/2014-15/boxscore/20140920_imyc.xml,0,1,0,1,2014-15,NA,York,Queen's,1,1, Queen's ,September 2014,Final,NA,NA
https://en.usports.ca/sports/fh/2014-15/boxscore/20140920_ez3c.xml,0,1,0,1,2014-15,NA,York,Western,1,2, Queen's ,September 2014,Final,NA,NA
https://en.usports.ca/sports/fh/2014-15/boxscore/20140921_qygg.xml,0,1,0,1,2014-15,NA,Toronto,York,0,4, Queen's ,September 2014,Final,NA,NA
https://en.usports.ca/sports/fh/2014-15/boxscore/20140927_4mea.xml,0,1,0,1,2014-15,NA,York,Guelph,4,0, Western ,September 2014,Final,NA,NA
https://en.usports.ca/sports/fh/2014-15/boxscore/20140928_4cl2.xml,0,1,0,1,2014-15,NA,York,McGill,1,1, Western ,September 2014,Final,NA,NA
https://en.usports.ca/sports/fh/2014-15/boxscore/20140928_rhus.xml,0,1,0,1,2014-15,NA,Waterloo,York,0,1, Western ,September 2014,Final,NA,NA
https://en.usports.ca/sports/fh/2014-15/boxscore/20141004_hdig.xml,0,1,0,1,2014-15,NA,Western,York,4,1, Guelph ,October 2014,Final,NA,NA
https://en.usports.ca/sports/fh/2014-15/boxscore/20141004_pfu9.xml,0,1,0,1,2014-15,NA,York,Waterloo,1,0, Guelph ,October 2014,Final,NA,NA
https://en.usports.ca/sports/fh/2014-15/boxscore/20141019_58ex.xml,0,1,0,1,2014-15,NA,York,Toronto,3,1, Toronto ,October 2014,Final,NA,NA
NA,0,1,0,0,2013-14,NA,Calgary,UBC,7,1, ,September 2013,Final,NA,NA
NA,0,1,0,0,2013-14,NA,Calgary,UBC,7,0, ,September 2013,Final,NA,NA
NA,0,1,0,0,2013-14,NA,Victoria,Calgary,0,6, ,September 2013,Final,NA,NA
NA,0,1,0,0,2013-14,NA,Victoria,Calgary,0,2, ,September 2013,Final,NA,NA
NA,0,1,0,0,2013-14,NA,UBC,Calgary,0,4, ,October 2013,Final,NA,NA
NA,0,1,0,0,2013-14,NA,UBC,Calgary,0,5, ,October 2013,Final,NA,NA
NA,0,1,0,0,2013-14,NA,Calgary,Victoria,3,1, ,October 2013,Final,NA,NA
NA,0,1,0,0,2013-14,NA,Calgary,Victoria,4,1, ,October 2013,Final,NA,NA
NA,0,1,0,0,2013-14,NA,Waterloo,Guelph,3,1,NA,September 2013,Final,NA,NA
NA,0,1,0,0,2013-14,NA,York,Guelph,5,0,NA,September 2013,Final,NA,NA
NA,0,1,0,0,2013-14,NA,Guelph,Queen's,1,3,NA,September 2013,Final,NA,NA
NA,0,1,0,0,2013-14,NA,Guelph,McGill,1,3,NA,September 2013,Final,NA,NA
NA,0,1,0,0,2013-14,NA,Toronto,Guelph,1,2,NA,September 2013,Final,NA,NA
NA,0,1,0,0,2013-14,NA,Western,Guelph,3,2,NA,September 2013,Final,NA,NA
NA,0,1,0,0,2013-14,NA,Guelph,McGill,0,6,NA,September 2013,Final,NA,NA
NA,0,1,0,0,2013-14,NA,Queen's,Guelph,2,2,NA,October 2013,Final,NA,NA
NA,0,1,0,0,2013-14,NA,Toronto,Guelph,0,0,NA,October 2013,Final,NA,NA
NA,0,1,0,0,2013-14,NA,York,Guelph,3,0,NA,October 2013,Final,NA,NA
NA,0,1,0,0,2013-14,NA,Western,Guelph,2,1,NA,October 2013,Final,NA,NA
NA,0,1,0,0,2013-14,NA,Waterloo,Guelph,3,0,NA,October 2013,Final,NA,NA
NA,0,1,0,0,2013-14,NA,McGill,Western,2,0,NA,September 2013,Final,NA,NA
NA,0,1,0,0,2013-14,NA,McGill,Waterloo,4,1,NA,September 2013,Final,NA,NA
NA,0,1,0,0,2013-14,NA,Guelph,McGill,1,3,NA,September 2013,Final,NA,NA
NA,0,1,0,0,2013-14,NA,McGill,Toronto,6,0,NA,September 2013,Final,NA,NA
NA,0,1,0,0,2013-14,NA,Queen's,McGill,0,0,NA,September 2013,Final,NA,NA
NA,0,1,0,0,2013-14,NA,McGill,York,2,2,NA,September 2013,Final,NA,NA
NA,0,1,0,0,2013-14,NA,Queen's,McGill,1,1,NA,September 2013,Final,NA,NA
NA,0,1,0,0,2013-14,NA,Guelph,McGill,0,6,NA,September 2013,Final,NA,NA
NA,0,1,0,0,2013-14,NA,Toronto,McGill,0,10,NA,October 2013,Final,NA,NA
NA,0,1,0,0,2013-14,NA,Waterloo,McGill,0,4,NA,October 2013,Final,NA,NA
NA,0,1,0,0,2013-14,NA,York,McGill,0,2,NA,October 2013,Final,NA,NA
NA,0,1,0,0,2013-14,NA,Western,McGill,2,5,NA,October 2013,Final,NA,NA
NA,0,1,0,0,2013-14,NA,Toronto,Queen's,0,3,NA,September 2013,Final,NA,NA
NA,0,1,0,0,2013-14,NA,Western,Queen's,2,1,NA,September 2013,Final,NA,NA
NA,0,1,0,0,2013-14,NA,Guelph,Queen's,1,3,NA,September 2013,Final,NA,NA
NA,0,1,0,0,2013-14,NA,York,Queen's,4,2,NA,September 2013,Final,NA,NA
NA,0,1,0,0,2013-14,NA,Queen's,McGill,0,0,NA,September 2013,Final,NA,NA
NA,0,1,0,0,2013-14,NA,Queen's,Waterloo,1,0,NA,September 2013,Final,NA,NA
NA,0,1,0,0,2013-14,NA,Queen's,McGill,1,1,NA,September 2013,Final,NA,NA
NA,0,1,0,0,2013-14,NA,Guelph,Queen's,2,2,NA,October 2013,Final,NA,NA
NA,0,1,0,0,2013-14,NA,Western,Queen's,1,1,NA,October 2013,Final,NA,NA
NA,0,1,0,0,2013-14,NA,York,Queen's,4,1,NA,October 2013,Final,NA,NA
NA,0,1,0,0,2013-14,NA,Toronto,Queen's,0,3,NA,October 2013,Final,NA,NA
NA,0,1,0,0,2013-14,NA,Waterloo,Queen's,1,1,NA,October 2013,Final,NA,NA
NA,0,1,0,0,2013-14,NA,Toronto,Queen's,0,3,NA,September 2013,Final,NA,NA
NA,0,1,0,0,2013-14,NA,Waterloo,Toronto,5,0,NA,September 2013,Final,NA,NA
NA,0,1,0,0,2013-14,NA,Toronto,Western,1,3,NA,September 2013,Final,NA,NA
NA,0,1,0,0,2013-14,NA,Toronto,York,0,6,NA,September 2013,Final,NA,NA
NA,0,1,0,0,2013-14,NA,McGill,Toronto,6,0,NA,September 2013,Final,NA,NA
NA,0,1,0,0,2013-14,NA,Toronto,Guelph,1,2,NA,September 2013,Final,NA,NA
NA,0,1,0,0,2013-14,NA,Toronto,Waterloo,0,7,NA,September 2013,Final,NA,NA
NA,0,1,0,0,2013-14,NA,McGill,Toronto,10,0,NA,October 2013,Final,NA,NA
NA,0,1,0,0,2013-14,NA,Guelph,Toronto,0,0,NA,October 2013,Final,NA,NA
NA,0,1,0,0,2013-14,NA,Western,Toronto,5,2,NA,October 2013,Final,NA,NA
NA,0,1,0,0,2013-14,NA,Queen's,Toronto,3,0,NA,October 2013,Final,NA,NA
NA,0,1,0,0,2013-14,NA,York,Toronto,2,0,NA,October 2013,Final,NA,NA
NA,0,1,0,0,2013-14,NA,Calgary,UBC,7,1, ,September 2013,Final,NA,NA
NA,0,1,0,0,2013-14,NA,Calgary,UBC,7,0, ,September 2013,Final,NA,NA
NA,0,1,0,0,2013-14,NA,UBC,Victoria,0,0, Game declared a draw 0-0.,September 2013,Final,NA,NA
NA,0,1,0,0,2013-14,NA,UBC,Calgary,0,4, ,October 2013,Final,NA,NA
NA,0,1,0,0,2013-14,NA,UBC,Calgary,0,5, ,October 2013,Final,NA,NA
NA,0,1,0,0,2013-14,NA,Victoria,UBC,1,1, ,October 2013,Final,NA,NA
NA,0,1,0,0,2013-14,NA,Victoria,UBC,1,1, ,October 2013,Final,NA,NA
NA,0,1,0,0,2013-14,NA,UBC,Victoria,2,0, ,October 2013,Final,NA,NA
NA,1,0,0,0,2013-14,NA,Victoria,Yale,2,3, ,August 2013,Final,NA,NA
NA,1,0,0,0,2013-14,NA,Victoria,Harvard,1,4, ,August 2013,Final,NA,NA
NA,1,0,0,0,2013-14,NA,Victoria,Dartmouth,3,6, ,August 2013,Final,NA,NA
NA,0,1,0,0,2013-14,NA,Victoria,Calgary,0,6, ,September 2013,Final,NA,NA
NA,0,1,0,0,2013-14,NA,Victoria,Calgary,0,2, ,September 2013,Final,NA,NA
NA,0,1,0,0,2013-14,NA,UBC,Victoria,0,0, Game declared a draw 0-0.,September 2013,Final,NA,NA
NA,0,1,0,0,2013-14,NA,Calgary,Victoria,3,1, ,October 2013,Final,NA,NA
NA,0,1,0,0,2013-14,NA,Calgary,Victoria,4,1, ,October 2013,Final,NA,NA
NA,0,1,0,0,2013-14,NA,Victoria,UBC,1,1, ,October 2013,Final,NA,NA
NA,0,1,0,0,2013-14,NA,Victoria,UBC,1,1, ,October 2013,Final,NA,NA
NA,0,1,0,0,2013-14,NA,UBC,Victoria,2,0, ,October 2013,Final,NA,NA
NA,0,1,0,0,2013-14,NA,Waterloo,Guelph,3,1,NA,September 2013,Final,NA,NA
NA,0,1,0,0,2013-14,NA,McGill,Waterloo,4,1,NA,September 2013,Final,NA,NA
NA,0,1,0,0,2013-14,NA,Waterloo,Toronto,5,0,NA,September 2013,Final,NA,NA
NA,0,1,0,0,2013-14,NA,York,Waterloo,2,0,NA,September 2013,Final,NA,NA
NA,0,1,0,0,2013-14,NA,Waterloo,Western,4,0,NA,September 2013,Final,NA,NA
NA,0,1,0,0,2013-14,NA,Queen's,Waterloo,1,0,NA,September 2013,Final,NA,NA
NA,0,1,0,0,2013-14,NA,Toronto,Waterloo,0,7,NA,September 2013,Final,NA,NA
NA,0,1,0,0,2013-14,NA,York,Waterloo,1,1,NA,October 2013,Final,NA,NA
NA,0,1,0,0,2013-14,NA,McGill,Waterloo,4,0,NA,October 2013,Final,NA,NA
NA,0,1,0,0,2013-14,NA,Queen's,Waterloo,1,1,NA,October 2013,Final,NA,NA
NA,0,1,0,0,2013-14,NA,Western,Waterloo,2,3,NA,October 2013,Final,NA,NA
NA,0,1,0,0,2013-14,NA,Guelph,Waterloo,0,3,NA,October 2013,Final,NA,NA
NA,0,1,0,0,2013-14,NA,York,Western,4,1,NA,September 2013,Final,NA,NA
NA,0,1,0,0,2013-14,NA,McGill,Western,2,0,NA,September 2013,Final,NA,NA
NA,0,1,0,0,2013-14,NA,Western,Queen's,2,1,NA,September 2013,Final,NA,NA
NA,0,1,0,0,2013-14,NA,Toronto,Western,1,3,NA,September 2013,Final,NA,NA
NA,0,1,0,0,2013-14,NA,Waterloo,Western,4,0,NA,September 2013,Final,NA,NA
NA,0,1,0,0,2013-14,NA,Western,York,0,3,NA,September 2013,Final,NA,NA
NA,0,1,0,0,2013-14,NA,Western,Guelph,3,2,NA,September 2013,Final,NA,NA
NA,0,1,0,0,2013-14,NA,Queen's,Western,1,1,NA,October 2013,Final,NA,NA
NA,0,1,0,0,2013-14,NA,Toronto,Western,2,5,NA,October 2013,Final,NA,NA
NA,0,1,0,0,2013-14,NA,Guelph,Western,1,2,NA,October 2013,Final,NA,NA
NA,0,1,0,0,2013-14,NA,Waterloo,Western,3,2,NA,October 2013,Final,NA,NA
NA,0,1,0,0,2013-14,NA,McGill,Western,5,2,NA,October 2013,Final,NA,NA
NA,0,1,0,0,2013-14,NA,York,Western,4,1,NA,September 2013,Final,NA,NA
NA,0,1,0,0,2013-14,NA,York,Guelph,5,0,NA,September 2013,Final,NA,NA
NA,0,1,0,0,2013-14,NA,York,Waterloo,2,0,NA,September 2013,Final,NA,NA
NA,0,1,0,0,2013-14,NA,Toronto,York,0,6,NA,September 2013,Final,NA,NA
NA,0,1,0,0,2013-14,NA,York,Queen's,4,2,NA,September 2013,Final,NA,NA
NA,0,1,0,0,2013-14,NA,Western,York,0,3,NA,September 2013,Final,NA,NA
NA,0,1,0,0,2013-14,NA,McGill,York,2,2,NA,September 2013,Final,NA,NA
NA,0,1,0,0,2013-14,NA,Waterloo,York,1,1,NA,October 2013,Final,NA,NA
NA,0,1,0,0,2013-14,NA,Queen's,York,1,4,NA,October 2013,Final,NA,NA
NA,0,1,0,0,2013-14,NA,Guelph,York,0,3,NA,October 2013,Final,NA,NA
NA,0,1,0,0,2013-14,NA,Toronto,York,0,2,NA,October 2013,Final,NA,NA
NA,0,1,0,0,2013-14,NA,McGill,York,2,0,NA,October 2013,Final,NA,NA
NA,0,1,0,0,2012-13,NA,Victoria,Calgary,1,3, ,September 2012,Final,NA,NA
NA,0,1,0,0,2012-13,NA,Victoria,Calgary,0,1,NA,September 2012,Final,NA,NA
NA,0,1,0,0,2012-13,NA,Calgary,UBC,5,2,NA,September 2012,Final,NA,NA
NA,0,1,0,0,2012-13,NA,Calgary,UBC,3,0,NA,September 2012,Final,NA,NA
NA,0,1,0,0,2012-13,NA,Calgary,Victoria,3,0,NA,October 2012,Final,NA,NA
NA,0,1,0,0,2012-13,NA,Calgary,Victoria,1,1, ,October 2012,Final,NA,NA
NA,0,1,0,0,2012-13,NA,UBC,Calgary,0,7, ,October 2012,Final,NA,NA
NA,0,1,0,0,2012-13,NA,UBC,Calgary,0,4, ,October 2012,Final,NA,NA
NA,0,1,0,0,2012-13,NA,York,Guelph,2,0,  ,September 2012,Final,NA,NA
NA,0,1,0,0,2012-13,NA,Waterloo,Guelph,1,1, ,September 2012,Final,NA,NA
NA,0,1,0,0,2012-13,NA,Queen's,Guelph,8,0, ,September 2012,Final,NA,NA
NA,0,1,0,0,2012-13,NA,McGill,Guelph,6,0, ,September 2012,Final,NA,NA
NA,0,1,0,0,2012-13,NA,McGill,Guelph,8,0, ,September 2012,Final,NA,NA
NA,0,1,0,0,2012-13,NA,Western,Guelph,4,0, ,September 2012,Final,NA,NA
NA,0,1,0,0,2012-13,NA,Toronto,Guelph,1,3, ,September 2012,Final,NA,NA
NA,0,1,0,0,2012-13,NA,Queen's,Guelph,5,0, ,October 2012,Final,NA,NA
NA,0,1,0,0,2012-13,NA,Waterloo,Guelph,3,1, ,October 2012,Final,NA,NA
NA,0,1,0,0,2012-13,NA,York,Guelph,4,0, ,October 2012,Final,NA,NA
NA,0,1,0,0,2012-13,NA,Toronto,Guelph,3,4, ,October 2012,Final,NA,NA
NA,0,1,0,0,2012-13,NA,Western,Guelph,2,4, ,October 2012,Final,NA,NA
NA,0,1,0,0,2012-13,NA,Waterloo,McGill,0,4, ,September 2012,Final,NA,NA
NA,0,1,0,0,2012-13,NA,Western,McGill,0,3, ,September 2012,Final,NA,NA
NA,0,1,0,0,2012-13,NA,Guelph,McGill,0,6, ,September 2012,Final,NA,NA
NA,0,1,0,0,2012-13,NA,Toronto,McGill,1,7, ,September 2012,Final,NA,NA
NA,0,1,0,0,2012-13,NA,Queen's,McGill,0,2, ,September 2012,Final,NA,NA
NA,0,1,0,0,2012-13,NA,Guelph,McGill,0,8, ,September 2012,Final,NA,NA
NA,0,1,0,0,2012-13,NA,York,McGill,2,2,  ,September 2012,Final,NA,NA
NA,0,1,0,0,2012-13,NA,Toronto,McGill,0,5, ,October 2012,Final,NA,NA
NA,0,1,0,0,2012-13,NA,York,McGill,1,2, Video  ,October 2012,Final,NA,NA
NA,0,1,0,0,2012-13,NA,Western,McGill,1,5, ,October 2012,Final,NA,NA
NA,0,1,0,0,2012-13,NA,Waterloo,McGill,1,4, ,October 2012,Final,NA,NA
NA,0,1,0,0,2012-13,NA,McGill,Queen's,2,1, ,October 2012,Final,NA,NA
NA,0,1,0,0,2012-13,NA,Western,Queen's,1,2, ,September 2012,Final,NA,NA
NA,0,1,0,0,2012-13,NA,Toronto,Queen's,0,7, ,September 2012,Final,NA,NA
NA,0,1,0,0,2012-13,NA,Guelph,Queen's,0,8, ,September 2012,Final,NA,NA
NA,0,1,0,0,2012-13,NA,York,Queen's,0,2,  ,September 2012,Final,NA,NA
NA,0,1,0,0,2012-13,NA,McGill,Queen's,2,0, ,September 2012,Final,NA,NA
NA,0,1,0,0,2012-13,NA,Queen's,Waterloo,3,0, Queen's forfeited game 3-0,September 2012,Final,NA,NA
NA,0,1,0,0,2012-13,NA,Queen's,York,3,0, Queen's forfeited game 3-0,September 2012,Final,NA,NA
NA,0,1,0,0,2012-13,NA,Guelph,Queen's,0,5, ,October 2012,Final,NA,NA
NA,0,1,0,0,2012-13,NA,Toronto,Queen's,0,9, ,October 2012,Final,NA,NA
NA,0,1,0,0,2012-13,NA,Waterloo,Queen's,1,4, ,October 2012,Final,NA,NA
NA,0,1,0,0,2012-13,NA,Western,Queen's,0,0, ,October 2012,Final,NA,NA
NA,0,1,0,0,2012-13,NA,McGill,Queen's,2,1, ,October 2012,Final,NA,NA
NA,0,1,0,0,2012-13,NA,Waterloo,Toronto,2,0, ,September 2012,Final,NA,NA
NA,0,1,0,0,2012-13,NA,Queen's,Toronto,7,0, ,September 2012,Final,NA,NA
NA,0,1,0,0,2012-13,NA,Western,Toronto,7,1, ,September 2012,Final,NA,NA
NA,0,1,0,0,2012-13,NA,York,Toronto,3,0, ,September 2012,Final,NA,NA
NA,0,1,0,0,2012-13,NA,McGill,Toronto,7,1, ,September 2012,Final,NA,NA
NA,0,1,0,0,2012-13,NA,Waterloo,Toronto,2,1, ,September 2012,Final,NA,NA
NA,0,1,0,0,2012-13,NA,Guelph,Toronto,3,1, ,September 2012,Final,NA,NA
NA,0,1,0,0,2012-13,NA,McGill,Toronto,5,0, ,October 2012,Final,NA,NA
NA,0,1,0,0,2012-13,NA,Queen's,Toronto,9,0, ,October 2012,Final,NA,NA
NA,0,1,0,0,2012-13,NA,Western,Toronto,5,0, ,October 2012,Final,NA,NA
NA,0,1,0,0,2012-13,NA,York,Toronto,9,0, ,October 2012,Final,NA,NA
NA,0,1,0,0,2012-13,NA,Guelph,Toronto,4,3, ,October 2012,Final,NA,NA
NA,0,1,0,0,2012-13,NA,Calgary,UBC,5,2,NA,September 2012,Final,NA,NA
NA,0,1,0,0,2012-13,NA,Calgary,UBC,3,0,NA,September 2012,Final,NA,NA
NA,0,1,0,0,2012-13,NA,UBC,Victoria,1,4, ,September 2012,Final,NA,NA
NA,0,1,0,0,2012-13,NA,UBC,Victoria,1,2, ,September 2012,Final,NA,NA
NA,0,1,0,0,2012-13,NA,UBC,Calgary,0,7, ,October 2012,Final,NA,NA
NA,0,1,0,0,2012-13,NA,UBC,Calgary,0,4, ,October 2012,Final,NA,NA
NA,0,1,0,0,2012-13,NA,Victoria,UBC,3,1, ,October 2012,Final,NA,NA
NA,0,1,0,0,2012-13,NA,Victoria,UBC,6,0, Video ,October 2012,Final,NA,NA
NA,0,1,0,0,2012-13,NA,Victoria,Calgary,1,3, ,September 2012,Final,NA,NA
NA,0,1,0,0,2012-13,NA,Victoria,Calgary,0,1,NA,September 2012,Final,NA,NA
NA,0,1,0,0,2012-13,NA,UBC,Victoria,1,4, ,September 2012,Final,NA,NA
NA,0,1,0,0,2012-13,NA,UBC,Victoria,1,2, ,September 2012,Final,NA,NA
NA,0,1,0,0,2012-13,NA,Calgary,Victoria,3,0,NA,October 2012,Final,NA,NA
NA,0,1,0,0,2012-13,NA,Calgary,Victoria,1,1, ,October 2012,Final,NA,NA
NA,0,1,0,0,2012-13,NA,Victoria,UBC,3,1, ,October 2012,Final,NA,NA
NA,0,1,0,0,2012-13,NA,Victoria,UBC,6,0, Video ,October 2012,Final,NA,NA
NA,0,1,0,0,2012-13,NA,Toronto,Waterloo,0,2, ,September 2012,Final,NA,NA
NA,0,1,0,0,2012-13,NA,McGill,Waterloo,4,0, ,September 2012,Final,NA,NA
NA,0,1,0,0,2012-13,NA,Guelph,Waterloo,1,1, ,September 2012,Final,NA,NA
NA,0,1,0,0,2012-13,NA,York,Waterloo,2,1, ,September 2012,Final,NA,NA
NA,0,1,0,0,2012-13,NA,Western,Waterloo,4,3, ,September 2012,Final,NA,NA
NA,0,1,0,0,2012-13,NA,Toronto,Waterloo,1,2, ,September 2012,Final,NA,NA
NA,0,1,0,0,2012-13,NA,Queen's,Waterloo,3,0, Queen's forfeited game 3-0,September 2012,Final,NA,NA
NA,0,1,0,0,2012-13,NA,York,Waterloo,3,1,  ,October 2012,Final,NA,NA
NA,0,1,0,0,2012-13,NA,Western,Waterloo,0,2, ,October 2012,Final,NA,NA
NA,0,1,0,0,2012-13,NA,Guelph,Waterloo,1,3, ,October 2012,Final,NA,NA
NA,0,1,0,0,2012-13,NA,Waterloo,Queen's,1,4, ,October 2012,Final,NA,NA
NA,0,1,0,0,2012-13,NA,McGill,Waterloo,4,1, ,October 2012,Final,NA,NA
NA,0,1,0,0,2012-13,NA,Queen's,Western,2,1, ,September 2012,Final,NA,NA
NA,0,1,0,0,2012-13,NA,McGill,Western,3,0, ,September 2012,Final,NA,NA
NA,0,1,0,0,2012-13,NA,York,Western,1,0,  ,September 2012,Final,NA,NA
NA,0,1,0,0,2012-13,NA,Toronto,Western,1,7, ,September 2012,Final,NA,NA
NA,0,1,0,0,2012-13,NA,Waterloo,Western,3,4, ,September 2012,Final,NA,NA
NA,0,1,0,0,2012-13,NA,York,Western,3,2, ,September 2012,Final,NA,NA
NA,0,1,0,0,2012-13,NA,Guelph,Western,0,4, ,September 2012,Final,NA,NA
NA,0,1,0,0,2012-13,NA,Waterloo,Western,2,0, ,October 2012,Final,NA,NA
NA,0,1,0,0,2012-13,NA,McGill,Western,5,1, ,October 2012,Final,NA,NA
NA,0,1,0,0,2012-13,NA,Toronto,Western,0,5, ,October 2012,Final,NA,NA
NA,0,1,0,0,2012-13,NA,Queen's,Western,0,0, ,October 2012,Final,NA,NA
NA,0,1,0,0,2012-13,NA,Guelph,Western,4,2, ,October 2012,Final,NA,NA
NA,0,1,0,0,2012-13,NA,Guelph,York,0,2,  ,September 2012,Final,NA,NA
NA,0,1,0,0,2012-13,NA,Western,York,0,1,  ,September 2012,Final,NA,NA
NA,0,1,0,0,2012-13,NA,Waterloo,York,1,2, ,September 2012,Final,NA,NA
NA,0,1,0,0,2012-13,NA,Toronto,York,0,3, ,September 2012,Final,NA,NA
NA,0,1,0,0,2012-13,NA,Queen's,York,2,0,  ,September 2012,Final,NA,NA
NA,0,1,0,0,2012-13,NA,Western,York,2,3, ,September 2012,Final,NA,NA
NA,0,1,0,0,2012-13,NA,Queen's,York,3,0, Queen's forfeited game 3-0,September 2012,Final,NA,NA
NA,0,1,0,0,2012-13,NA,McGill,York,2,2,  ,September 2012,Final,NA,NA
NA,0,1,0,0,2012-13,NA,Waterloo,York,1,3,  ,October 2012,Final,NA,NA
NA,0,1,0,0,2012-13,NA,McGill,York,2,1, Video  ,October 2012,Final,NA,NA
NA,0,1,0,0,2012-13,NA,Guelph,York,0,4, ,October 2012,Final,NA,NA
NA,0,1,0,0,2012-13,NA,Toronto,York,0,9, ,October 2012,Final,NA,NA
NA,0,1,0,0,2011-12,NA,UBC,Alberta,1,0,NA,September 2011,Final,NA,NA
NA,0,1,0,0,2011-12,NA,UBC,Alberta,0,2,NA,September 2011,Final,NA,NA
NA,0,1,0,0,2011-12,NA,Alberta,Victoria,0,1,NA,September 2011,Final,NA,NA
NA,0,1,0,0,2011-12,NA,Alberta,Victoria,1,0,NA,September 2011,Final,NA,NA
NA,0,1,0,0,2011-12,NA,Calgary,Alberta,1,1,NA,October 2011,Final,NA,NA
NA,0,1,0,0,2011-12,NA,Calgary,Alberta,1,1,NA,October 2011,Final,NA,NA
NA,0,1,0,0,2011-12,NA,Victoria,Alberta,2,1,NA,October 2011,Final,NA,NA
NA,0,1,0,0,2011-12,NA,Victoria,Alberta,3,0,NA,October 2011,Final,NA,NA
NA,0,1,0,0,2011-12,NA,Alberta,Calgary,2,0,NA,October 2011,Final,NA,NA
NA,0,1,0,0,2011-12,NA,Alberta,Calgary,1,0,NA,October 2011,Final,NA,NA
NA,0,1,0,0,2011-12,NA,Alberta,UBC,2,0,NA,October 2011,Final,NA,NA
NA,0,1,0,0,2011-12,NA,Alberta,UBC,1,0,NA,October 2011,Final,NA,NA
NA,0,1,0,0,2011-12,NA,Victoria,Calgary,2,0,NA,September 2011,Final,NA,NA
NA,0,1,0,0,2011-12,NA,Victoria,Calgary,3,1,NA,September 2011,Final,NA,NA
NA,0,1,0,0,2011-12,NA,Calgary,UBC,3,0,NA,September 2011,Final,NA,NA
NA,0,1,0,0,2011-12,NA,Calgary,UBC,3,1,NA,September 2011,Final,NA,NA
NA,0,1,0,0,2011-12,NA,Calgary,Alberta,1,1,NA,October 2011,Final,NA,NA
NA,0,1,0,0,2011-12,NA,Calgary,Alberta,1,1,NA,October 2011,Final,NA,NA
NA,0,1,0,0,2011-12,NA,UBC,Calgary,2,3,NA,October 2011,Final,NA,NA
NA,0,1,0,0,2011-12,NA,UBC,Calgary,4,4,NA,October 2011,Final,NA,NA
NA,0,1,0,0,2011-12,NA,Alberta,Calgary,2,0,NA,October 2011,Final,NA,NA
NA,0,1,0,0,2011-12,NA,Alberta,Calgary,1,0,NA,October 2011,Final,NA,NA
NA,0,1,0,0,2011-12,NA,Calgary,Victoria,2,6,NA,October 2011,Final,NA,NA
NA,0,1,0,0,2011-12,NA,Calgary,Victoria,2,2,NA,October 2011,Final,NA,NA
NA,0,1,0,0,2011-12,NA,York,Guelph,7,0, ,September 2011,Final,NA,NA
NA,0,1,0,0,2011-12,NA,Western,Guelph,5,2,NA,September 2011,Final,NA,NA
NA,0,1,0,0,2011-12,NA,Waterloo,Guelph,2,1,NA,September 2011,Final,NA,NA
NA,0,1,0,0,2011-12,NA,Queen's,Guelph,9,2,NA,September 2011,Final,NA,NA
NA,0,1,0,0,2011-12,NA,Toronto,Guelph,0,3,NA,September 2011,Final,NA,NA
NA,0,1,0,0,2011-12,NA,McGill,Guelph,5,2,NA,October 2011,Final,NA,NA
NA,0,1,0,0,2011-12,NA,Western,Guelph,3,0,NA,October 2011,Final,NA,NA
NA,0,1,0,0,2011-12,NA,York,Guelph,3,0, ,October 2011,Final,NA,NA
NA,0,1,0,0,2011-12,NA,Waterloo,Guelph,5,1,NA,October 2011,Final,NA,NA
NA,0,1,0,0,2011-12,NA,Queen's,Guelph,6,2,NA,October 2011,Final,NA,NA
NA,0,1,0,0,2011-12,NA,Toronto,Guelph,2,1,NA,October 2011,Final,NA,NA
NA,0,1,0,0,2011-12,NA,McGill,Guelph,6,1,NA,October 2011,Final,NA,NA
NA,0,1,0,0,2011-12,NA,Queen's,McGill,2,0,NA,September 2011,Final,NA,NA
NA,0,1,0,0,2011-12,NA,York,McGill,2,0,NA,September 2011,Final,NA,NA
NA,0,1,0,0,2011-12,NA,Toronto,McGill,0,6,NA,September 2011,Final,NA,NA
NA,0,1,0,0,2011-12,NA,Waterloo,McGill,3,2,NA,September 2011,Final,NA,NA
NA,0,1,0,0,2011-12,NA,Western,McGill,2,2,NA,September 2011,Final,NA,NA
NA,0,1,0,0,2011-12,NA,Guelph,McGill,2,5,NA,October 2011,Final,NA,NA
NA,0,1,0,0,2011-12,NA,Toronto,McGill,0,4,NA,October 2011,Final,NA,NA
NA,0,1,0,0,2011-12,NA,Queen's,McGill,1,0,NA,October 2011,Final,NA,NA
NA,0,1,0,0,2011-12,NA,Western,McGill,1,3,NA,October 2011,Final,NA,NA
NA,0,1,0,0,2011-12,NA,York,McGill,3,0, Downsview Park ,October 2011,Final,NA,NA
NA,0,1,0,0,2011-12,NA,Waterloo,McGill,1,4,NA,October 2011,Final,NA,NA
NA,0,1,0,0,2011-12,NA,Guelph,McGill,1,6,NA,October 2011,Final,NA,NA
NA,1,0,0,0,2011-12,NA,York,Queen's,3,0, Pre-Season Tournament  Results,September 2011,Final,NA,NA
NA,0,1,0,0,2011-12,NA,McGill,Queen's,0,2,NA,September 2011,Final,NA,NA
NA,0,1,0,0,2011-12,NA,Toronto,Queen's,0,6,NA,September 2011,Final,NA,NA
NA,0,1,0,0,2011-12,NA,Guelph,Queen's,2,9,NA,September 2011,Final,NA,NA
NA,0,1,0,0,2011-12,NA,York,Queen's,1,2, ,September 2011,Final,NA,NA
NA,0,1,0,0,2011-12,NA,Western,Queen's,1,1,NA,September 2011,Final,NA,NA
NA,0,1,0,0,2011-12,NA,Toronto,Queen's,0,7,NA,October 2011,Final,NA,NA
NA,0,1,0,0,2011-12,NA,Waterloo,Queen's,0,5,NA,October 2011,Final,NA,NA
NA,0,1,0,0,2011-12,NA,McGill,Queen's,0,1,NA,October 2011,Final,NA,NA
NA,0,1,0,0,2011-12,NA,Western,Queen's,1,1,NA,October 2011,Final,NA,NA
NA,0,1,0,0,2011-12,NA,Waterloo,Queen's,0,5,NA,October 2011,Final,NA,NA
NA,0,1,0,0,2011-12,NA,Guelph,Queen's,2,6,NA,October 2011,Final,NA,NA
NA,0,1,0,0,2011-12,NA,York,Queen's,1,1,NA,October 2011,Final,NA,NA
NA,1,0,0,0,2011-12,NA,York,Saint Mary's,0,0, Pre-Season Tournament,September 2011,Final,NA,NA
NA,0,1,0,0,2011-12,NA,Queen's,Toronto,6,0,NA,September 2011,Final,NA,NA
NA,0,1,0,0,2011-12,NA,York,Toronto,8,0,NA,September 2011,Final,NA,NA
NA,0,1,0,0,2011-12,NA,Waterloo,Toronto,3,1,NA,September 2011,Final,NA,NA
NA,0,1,0,0,2011-12,NA,Western,Toronto,2,0,NA,September 2011,Final,NA,NA
NA,0,1,0,0,2011-12,NA,McGill,Toronto,6,0,NA,September 2011,Final,NA,NA
NA,0,1,0,0,2011-12,NA,Guelph,Toronto,3,0,NA,September 2011,Final,NA,NA
NA,0,1,0,0,2011-12,NA,Queen's,Toronto,7,0,NA,October 2011,Final,NA,NA
NA,0,1,0,0,2011-12,NA,McGill,Toronto,4,0,NA,October 2011,Final,NA,NA
NA,0,1,0,0,2011-12,NA,Waterloo,Toronto,3,0,NA,October 2011,Final,NA,NA
NA,0,1,0,0,2011-12,NA,Toronto,York,0,6, Downsview Park,October 2011,Final,NA,NA
NA,0,1,0,0,2011-12,NA,Western,Toronto,2,0,NA,October 2011,Final,NA,NA
NA,0,1,0,0,2011-12,NA,Guelph,Toronto,1,2,NA,October 2011,Final,NA,NA
NA,0,1,0,0,2011-12,NA,UBC,Alberta,1,0,NA,September 2011,Final,NA,NA
NA,0,1,0,0,2011-12,NA,UBC,Alberta,0,2,NA,September 2011,Final,NA,NA
NA,0,1,0,0,2011-12,NA,Calgary,UBC,3,0,NA,September 2011,Final,NA,NA
NA,0,1,0,0,2011-12,NA,Calgary,UBC,3,1,NA,September 2011,Final,NA,NA
NA,0,1,0,0,2011-12,NA,Victoria,UBC,0,3,NA,October 2011,Final,NA,NA
NA,0,1,0,0,2011-12,NA,Victoria,UBC,2,1,NA,October 2011,Final,NA,NA
NA,0,1,0,0,2011-12,NA,UBC,Calgary,2,3,NA,October 2011,Final,NA,NA
NA,0,1,0,0,2011-12,NA,UBC,Calgary,4,4,NA,October 2011,Final,NA,NA
NA,0,1,0,0,2011-12,NA,UBC,Victoria,0,1,NA,October 2011,Final,NA,NA
NA,0,1,0,0,2011-12,NA,UBC,Victoria,1,1,NA,October 2011,Final,NA,NA
NA,0,1,0,0,2011-12,NA,Alberta,UBC,2,0,NA,October 2011,Final,NA,NA
NA,0,1,0,0,2011-12,NA,Alberta,UBC,1,0,NA,October 2011,Final,NA,NA
NA,0,1,0,0,2011-12,NA,Victoria,Calgary,2,0,NA,September 2011,Final,NA,NA
NA,0,1,0,0,2011-12,NA,Victoria,Calgary,3,1,NA,September 2011,Final,NA,NA
NA,0,1,0,0,2011-12,NA,Alberta,Victoria,0,1,NA,September 2011,Final,NA,NA
NA,0,1,0,0,2011-12,NA,Alberta,Victoria,1,0,NA,September 2011,Final,NA,NA
NA,0,1,0,0,2011-12,NA,Victoria,UBC,0,3,NA,October 2011,Final,NA,NA
NA,0,1,0,0,2011-12,NA,Victoria,UBC,2,1,NA,October 2011,Final,NA,NA
NA,0,1,0,0,2011-12,NA,Victoria,Alberta,2,1,NA,October 2011,Final,NA,NA
NA,0,1,0,0,2011-12,NA,Victoria,Alberta,3,0,NA,October 2011,Final,NA,NA
NA,0,1,0,0,2011-12,NA,UBC,Victoria,0,1,NA,October 2011,Final,NA,NA
NA,0,1,0,0,2011-12,NA,UBC,Victoria,1,1,NA,October 2011,Final,NA,NA
NA,0,1,0,0,2011-12,NA,Calgary,Victoria,2,6,NA,October 2011,Final,NA,NA
NA,0,1,0,0,2011-12,NA,Calgary,Victoria,2,2,NA,October 2011,Final,NA,NA
NA,0,1,0,0,2011-12,NA,Western,Waterloo,4,1,NA,September 2011,Final,NA,NA
NA,0,1,0,0,2011-12,NA,Toronto,Waterloo,1,3,NA,September 2011,Final,NA,NA
NA,0,1,0,0,2011-12,NA,Guelph,Waterloo,1,2,NA,September 2011,Final,NA,NA
NA,0,1,0,0,2011-12,NA,York,Waterloo,2,0,NA,September 2011,Final,NA,NA
NA,0,1,0,0,2011-12,NA,McGill,Waterloo,2,3,NA,September 2011,Final,NA,NA
NA,0,1,0,0,2011-12,NA,Queen's,Waterloo,5,0,NA,October 2011,Final,NA,NA
NA,0,1,0,0,2011-12,NA,York,Waterloo,1,0, ,October 2011,Final,NA,NA
NA,0,1,0,0,2011-12,NA,Western,Waterloo,0,1,NA,October 2011,Final,NA,NA
NA,0,1,0,0,2011-12,NA,Toronto,Waterloo,0,3,NA,October 2011,Final,NA,NA
NA,0,1,0,0,2011-12,NA,Guelph,Waterloo,1,5,NA,October 2011,Final,NA,NA
NA,0,1,0,0,2011-12,NA,Queen's,Waterloo,5,0,NA,October 2011,Final,NA,NA
NA,0,1,0,0,2011-12,NA,McGill,Waterloo,4,1,NA,October 2011,Final,NA,NA
NA,0,1,0,0,2011-12,NA,Waterloo,Western,1,4,NA,September 2011,Final,NA,NA
NA,0,1,0,0,2011-12,NA,Guelph,Western,2,5,NA,September 2011,Final,NA,NA
NA,0,1,0,0,2011-12,NA,Toronto,Western,0,2,NA,September 2011,Final,NA,NA
NA,0,1,0,0,2011-12,NA,Queen's,Western,1,1,NA,September 2011,Final,NA,NA
NA,0,1,0,0,2011-12,NA,McGill,Western,2,2,NA,September 2011,Final,NA,NA
NA,0,1,0,0,2011-12,NA,York,Western,0,0,NA,October 2011,Final,NA,NA
NA,0,1,0,0,2011-12,NA,Guelph,Western,0,3,NA,October 2011,Final,NA,NA
NA,0,1,0,0,2011-12,NA,Waterloo,Western,1,0,NA,October 2011,Final,NA,NA
NA,0,1,0,0,2011-12,NA,Queen's,Western,1,1,NA,October 2011,Final,NA,NA
NA,0,1,0,0,2011-12,NA,McGill,Western,3,1,NA,October 2011,Final,NA,NA
NA,0,1,0,0,2011-12,NA,Toronto,Western,0,2,NA,October 2011,Final,NA,NA
NA,0,1,0,0,2011-12,NA,York,Western,2,0, ,October 2011,Final,NA,NA
NA,1,0,0,0,2011-12,NA,Waterloo B,York,1,0, Pre-Season Tournament,September 2011,Final,NA,NA
NA,1,0,0,0,2011-12,NA,McMaster,York,2,0, Pre-Season Tournament,September 2011,Final,NA,NA
NA,1,0,0,0,2011-12,NA,U of T Alumni,York,1,3, Pre-Season Tournament,September 2011,Final,NA,NA
NA,1,0,0,0,2011-12,NA,Saint Mary's,York,0,0, Pre-Season Tournament,September 2011,Final,NA,NA
NA,1,0,0,0,2011-12,NA,Queen's,York,0,3, Pre-Season Tournament  Results,September 2011,Final,NA,NA
NA,0,1,0,0,2011-12,NA,McGill,York,0,2,NA,September 2011,Final,NA,NA
NA,0,1,0,0,2011-12,NA,Toronto,York,0,8,NA,September 2011,Final,NA,NA
NA,0,1,0,0,2011-12,NA,Guelph,York,0,7, ,September 2011,Final,NA,NA
NA,0,1,0,0,2011-12,NA,Waterloo,York,0,2,NA,September 2011,Final,NA,NA
NA,0,1,0,0,2011-12,NA,Queen's,York,2,1, ,September 2011,Final,NA,NA
NA,0,1,0,0,2011-12,NA,Western,York,0,0,NA,October 2011,Final,NA,NA
NA,0,1,0,0,2011-12,NA,Waterloo,York,0,1, ,October 2011,Final,NA,NA
NA,0,1,0,0,2011-12,NA,Guelph,York,0,3, ,October 2011,Final,NA,NA
NA,0,1,0,0,2011-12,NA,Toronto,York,0,6, Downsview Park,October 2011,Final,NA,NA
NA,0,1,0,0,2011-12,NA,York,McGill,3,0, Downsview Park ,October 2011,Final,NA,NA
NA,0,1,0,0,2011-12,NA,Queen's,York,1,1,NA,October 2011,Final,NA,NA
NA,0,1,0,0,2011-12,NA,Western,York,0,2, ,October 2011,Final,NA,NA
NA,0,1,0,0,2010-11,NA,Alberta,Victoria,4,0,NA,September 2010,Final,NA,NA
NA,0,1,0,0,2010-11,NA,Alberta,Victoria,2,1,NA,September 2010,Final,NA,NA
NA,0,1,0,0,2010-11,NA,Calgary,Alberta,0,2,NA,September 2010,Final,NA,NA
NA,0,1,0,0,2010-11,NA,Calgary,Alberta,0,2,NA,September 2010,Final,NA,NA
NA,0,1,0,0,2010-11,NA,Alberta,UBC,3,0,NA,October 2010,Final,NA,NA
NA,0,1,0,0,2010-11,NA,Alberta,UBC,3,1,NA,October 2010,Final,NA,NA
NA,0,1,0,0,2010-11,NA,Victoria,Alberta,0,2,NA,October 2010,Final,NA,NA
NA,0,1,0,0,2010-11,NA,Victoria,Alberta,0,3,NA,October 2010,Final,NA,NA
NA,0,1,0,0,2010-11,NA,UBC,Alberta,0,1,NA,October 2010,Final,NA,NA
NA,0,1,0,0,2010-11,NA,UBC,Alberta,0,1,NA,October 2010,Final,NA,NA
NA,0,1,0,0,2010-11,NA,Alberta,Calgary,1,3,NA,October 2010,Final,NA,NA
NA,0,1,0,0,2010-11,NA,Alberta,Calgary,5,1,NA,October 2010,Final,NA,NA
NA,0,1,0,0,2010-11,NA,UBC,Calgary,1,4,NA,September 2010,Final,NA,NA
NA,0,1,0,0,2010-11,NA,UBC,Calgary,0,1,NA,September 2010,Final,NA,NA
NA,0,1,0,0,2010-11,NA,Calgary,Alberta,0,2,NA,September 2010,Final,NA,NA
NA,0,1,0,0,2010-11,NA,Calgary,Alberta,0,2,NA,September 2010,Final,NA,NA
NA,0,1,0,0,2010-11,NA,Victoria,Calgary,1,0,NA,October 2010,Final,NA,NA
NA,0,1,0,0,2010-11,NA,Victoria,Calgary,1,1,NA,October 2010,Final,NA,NA
NA,0,1,0,0,2010-11,NA,Calgary,UBC,2,0,NA,October 2010,Final,NA,NA
NA,0,1,0,0,2010-11,NA,Calgary,UBC,1,1,NA,October 2010,Final,NA,NA
NA,0,1,0,0,2010-11,NA,Calgary,Victoria,0,1,NA,October 2010,Final,NA,NA
NA,0,1,0,0,2010-11,NA,Calgary,Victoria,2,1,NA,October 2010,Final,NA,NA
NA,0,1,0,0,2010-11,NA,Alberta,Calgary,1,3,NA,October 2010,Final,NA,NA
NA,0,1,0,0,2010-11,NA,Alberta,Calgary,5,1,NA,October 2010,Final,NA,NA
NA,0,1,0,0,2010-11,NA,McGill,Carleton,0,8,NA,September 2010,Final,NA,NA
NA,0,1,0,0,2010-11,NA,York,Carleton,0,4, ,September 2010,Final,NA,NA
NA,0,1,0,0,2010-11,NA,Western,Carleton,1,7,NA,September 2010,Final,NA,NA
NA,0,1,0,0,2010-11,NA,Toronto,Carleton,0,10,NA,September 2010,Final,NA,NA
NA,0,1,0,0,2010-11,NA,Guelph,Carleton,0,6,NA,October 2010,Final,NA,NA
NA,0,1,0,0,2010-11,NA,Queen's,Carleton,1,3,NA,October 2010,Final,NA,NA
NA,0,1,0,0,2010-11,NA,Western,Carleton,2,11,NA,October 2010,Final,NA,NA
NA,0,1,0,0,2010-11,NA,Queen's,Carleton,0,3,NA,October 2010,Final,NA,NA
NA,0,1,0,0,2010-11,NA,Toronto,Carleton,0,7,NA,October 2010,Final,NA,NA
NA,0,1,0,0,2010-11,NA,McGill,Carleton,0,2,NA,October 2010,Final,NA,NA
NA,0,1,0,0,2010-11,NA,Waterloo,Carleton,0,5,NA,October 2010,Final,NA,NA
NA,0,1,0,0,2010-11,NA,York,Carleton,0,3, ,October 2010,Final,NA,NA
NA,0,1,0,0,2010-11,NA,Guelph,Carleton,0,7,NA,October 2010,Final,NA,NA
NA,0,1,0,0,2010-11,NA,Waterloo,Carleton,2,6,NA,October 2010,Final,NA,NA
NA,0,1,0,0,2010-11,NA,Waterloo,Guelph,9,1,NA,September 2010,Final,NA,NA
NA,0,1,0,0,2010-11,NA,Queen's,Guelph,10,0,NA,September 2010,Final,NA,NA
NA,0,1,0,0,2010-11,NA,Western,Guelph,4,1,NA,September 2010,Final,NA,NA
NA,0,1,0,0,2010-11,NA,York,Guelph,7,0, ,September 2010,Final,NA,NA
NA,0,1,0,0,2010-11,NA,McGill,Guelph,5,1,NA,September 2010,Final,NA,NA
NA,0,1,0,0,2010-11,NA,Toronto,Guelph,4,2,NA,October 2010,Final,NA,NA
NA,0,1,0,0,2010-11,NA,Carleton,Guelph,6,0,NA,October 2010,Final,NA,NA
NA,0,1,0,0,2010-11,NA,Queen's,Guelph,12,0,NA,October 2010,Final,NA,NA
NA,0,1,0,0,2010-11,NA,Western,Guelph,4,3,NA,October 2010,Final,NA,NA
NA,0,1,0,0,2010-11,NA,Guelph,Waterloo,0,3,NA,October 2010,Final,NA,NA
NA,0,1,0,0,2010-11,NA,Toronto,Guelph,1,3,NA,October 2010,Final,NA,NA
NA,0,1,0,0,2010-11,NA,McGill,Guelph,8,0,NA,October 2010,Final,NA,NA
NA,0,1,0,0,2010-11,NA,Carleton,Guelph,7,0,NA,October 2010,Final,NA,NA
NA,0,1,0,0,2010-11,NA,York,Guelph,5,1, ,October 2010,Final,NA,NA
NA,0,1,0,0,2010-11,NA,Carleton,McGill,8,0,NA,September 2010,Final,NA,NA
NA,0,1,0,0,2010-11,NA,Queen's,McGill,2,0,NA,September 2010,Final,NA,NA
NA,0,1,0,0,2010-11,NA,York,McGill,0,1, ,September 2010,Final,NA,NA
NA,0,1,0,0,2010-11,NA,Waterloo,McGill,0,2,NA,September 2010,Final,NA,NA
NA,0,1,0,0,2010-11,NA,Guelph,McGill,1,5,NA,September 2010,Final,NA,NA
NA,0,1,0,0,2010-11,NA,Toronto,McGill,1,2,NA,October 2010,Final,NA,NA
NA,0,1,0,0,2010-11,NA,Western,McGill,3,1,NA,October 2010,Final,NA,NA
NA,0,1,0,0,2010-11,NA,York,McGill,1,2, ,October 2010,Final,NA,NA
NA,0,1,0,0,2010-11,NA,McGill,Toronto,3,1,NA,October 2010,Final,NA,NA
NA,0,1,0,0,2010-11,NA,Queen's,McGill,1,1,NA,October 2010,Final,NA,NA
NA,0,1,0,0,2010-11,NA,Carleton,McGill,2,0,NA,October 2010,Final,NA,NA
NA,0,1,0,0,2010-11,NA,Guelph,McGill,0,8,NA,October 2010,Final,NA,NA
NA,0,1,0,0,2010-11,NA,Western,McGill,1,2,NA,October 2010,Final,NA,NA
NA,0,1,0,0,2010-11,NA,Waterloo,McGill,1,2,NA,October 2010,Final,NA,NA
NA,0,1,0,0,2010-11,NA,York,Queen's,0,7, ,September 2010,Final,NA,NA
NA,0,1,0,0,2010-11,NA,Guelph,Queen's,0,10,NA,September 2010,Final,NA,NA
NA,0,1,0,0,2010-11,NA,Toronto,Queen's,0,6,NA,September 2010,Final,NA,NA
NA,0,1,0,0,2010-11,NA,McGill,Queen's,0,2,NA,September 2010,Final,NA,NA
NA,0,1,0,0,2010-11,NA,Waterloo,Queen's,0,6,NA,September 2010,Final,NA,NA
NA,0,1,0,0,2010-11,NA,Western,Queen's,1,4,NA,September 2010,Final,NA,NA
NA,0,1,0,0,2010-11,NA,Waterloo,Queen's,3,2,NA,October 2010,Final,NA,NA
NA,0,1,0,0,2010-11,NA,Carleton,Queen's,3,1,NA,October 2010,Final,NA,NA
NA,0,1,0,0,2010-11,NA,Guelph,Queen's,0,12,NA,October 2010,Final,NA,NA
NA,0,1,0,0,2010-11,NA,Carleton,Queen's,3,0,NA,October 2010,Final,NA,NA
NA,0,1,0,0,2010-11,NA,McGill,Queen's,1,1,NA,October 2010,Final,NA,NA
NA,0,1,0,0,2010-11,NA,York,Queen's,0,4, ,October 2010,Final,NA,NA
NA,0,1,0,0,2010-11,NA,Toronto,Queen's,0,8,NA,October 2010,Final,NA,NA
NA,0,1,0,0,2010-11,NA,Western,Queen's,1,3,NA,October 2010,Final,NA,NA
NA,0,1,0,0,2010-11,NA,Western,Toronto,2,1,NA,September 2010,Final,NA,NA
NA,0,1,0,0,2010-11,NA,York,Toronto,3,0, ,September 2010,Final,NA,NA
NA,0,1,0,0,2010-11,NA,Queen's,Toronto,6,0,NA,September 2010,Final,NA,NA
NA,0,1,0,0,2010-11,NA,Waterloo,Toronto,3,2,NA,September 2010,Final,NA,NA
NA,0,1,0,0,2010-11,NA,Carleton,Toronto,10,0,NA,September 2010,Final,NA,NA
NA,0,1,0,0,2010-11,NA,Guelph,Toronto,2,4,NA,October 2010,Final,NA,NA
NA,0,1,0,0,2010-11,NA,McGill,Toronto,2,1,NA,October 2010,Final,NA,NA
NA,0,1,0,0,2010-11,NA,McGill,Toronto,3,1,NA,October 2010,Final,NA,NA
NA,0,1,0,0,2010-11,NA,Toronto,Carleton,0,7,NA,October 2010,Final,NA,NA
NA,0,1,0,0,2010-11,NA,Guelph,Toronto,3,1,NA,October 2010,Final,NA,NA
NA,0,1,0,0,2010-11,NA,Western,Toronto,4,0,NA,October 2010,Final,NA,NA
NA,0,1,0,0,2010-11,NA,Queen's,Toronto,8,0,NA,October 2010,Final,NA,NA
NA,0,1,0,0,2010-11,NA,York,Toronto,4,0, ,October 2010,Final,NA,NA
NA,0,1,0,0,2010-11,NA,Waterloo,Toronto,7,2,NA,October 2010,Final,NA,NA
NA,0,1,0,0,2010-11,NA,UBC,Calgary,1,4,NA,September 2010,Final,NA,NA
NA,0,1,0,0,2010-11,NA,UBC,Calgary,0,1,NA,September 2010,Final,NA,NA
NA,0,1,0,0,2010-11,NA,UBC,Victoria,1,1,NA,September 2010,Final,NA,NA
NA,0,1,0,0,2010-11,NA,UBC,Victoria,3,2,NA,September 2010,Final,NA,NA
NA,0,1,0,0,2010-11,NA,Alberta,UBC,3,0,NA,October 2010,Final,NA,NA
NA,0,1,0,0,2010-11,NA,Alberta,UBC,3,1,NA,October 2010,Final,NA,NA
NA,0,1,0,0,2010-11,NA,Calgary,UBC,2,0,NA,October 2010,Final,NA,NA
NA,0,1,0,0,2010-11,NA,Calgary,UBC,1,1,NA,October 2010,Final,NA,NA
NA,0,1,0,0,2010-11,NA,UBC,Alberta,0,1,NA,October 2010,Final,NA,NA
NA,0,1,0,0,2010-11,NA,UBC,Alberta,0,1,NA,October 2010,Final,NA,NA
NA,0,1,0,0,2010-11,NA,Victoria,UBC,3,2,NA,October 2010,Final,NA,NA
NA,0,1,0,0,2010-11,NA,Victoria,UBC,2,0,NA,October 2010,Final,NA,NA
NA,0,1,0,0,2010-11,NA,Alberta,Victoria,4,0,NA,September 2010,Final,NA,NA
NA,0,1,0,0,2010-11,NA,Alberta,Victoria,2,1,NA,September 2010,Final,NA,NA
NA,0,1,0,0,2010-11,NA,UBC,Victoria,1,1,NA,September 2010,Final,NA,NA
NA,0,1,0,0,2010-11,NA,UBC,Victoria,3,2,NA,September 2010,Final,NA,NA
NA,0,1,0,0,2010-11,NA,Victoria,Calgary,1,0,NA,October 2010,Final,NA,NA
NA,0,1,0,0,2010-11,NA,Victoria,Calgary,1,1,NA,October 2010,Final,NA,NA
NA,0,1,0,0,2010-11,NA,Victoria,Alberta,0,2,NA,October 2010,Final,NA,NA
NA,0,1,0,0,2010-11,NA,Victoria,Alberta,0,3,NA,October 2010,Final,NA,NA
NA,0,1,0,0,2010-11,NA,Calgary,Victoria,0,1,NA,October 2010,Final,NA,NA
NA,0,1,0,0,2010-11,NA,Calgary,Victoria,2,1,NA,October 2010,Final,NA,NA
NA,0,1,0,0,2010-11,NA,Victoria,UBC,3,2,NA,October 2010,Final,NA,NA
NA,0,1,0,0,2010-11,NA,Victoria,UBC,2,0,NA,October 2010,Final,NA,NA
NA,0,1,0,0,2010-11,NA,Guelph,Waterloo,1,9,NA,September 2010,Final,NA,NA
NA,0,1,0,0,2010-11,NA,Western,Waterloo,2,4,NA,September 2010,Final,NA,NA
NA,0,1,0,0,2010-11,NA,York,Waterloo,4,2, ,September 2010,Final,NA,NA
NA,0,1,0,0,2010-11,NA,Toronto,Waterloo,2,3,NA,September 2010,Final,NA,NA
NA,0,1,0,0,2010-11,NA,Queen's,Waterloo,6,0,NA,September 2010,Final,NA,NA
NA,0,1,0,0,2010-11,NA,McGill,Waterloo,2,0,NA,September 2010,Final,NA,NA
NA,0,1,0,0,2010-11,NA,Queen's,Waterloo,2,3,NA,October 2010,Final,NA,NA
NA,0,1,0,0,2010-11,NA,York,Waterloo,2,0,NA,October 2010,Final,NA,NA
NA,0,1,0,0,2010-11,NA,Guelph,Waterloo,0,3,NA,October 2010,Final,NA,NA
NA,0,1,0,0,2010-11,NA,Carleton,Waterloo,5,0,NA,October 2010,Final,NA,NA
NA,0,1,0,0,2010-11,NA,McGill,Waterloo,2,1,NA,October 2010,Final,NA,NA
NA,0,1,0,0,2010-11,NA,Western,Waterloo,2,0,NA,October 2010,Final,NA,NA
NA,0,1,0,0,2010-11,NA,Toronto,Waterloo,2,7,NA,October 2010,Final,NA,NA
NA,0,1,0,0,2010-11,NA,Carleton,Waterloo,6,2,NA,October 2010,Final,NA,NA
NA,0,1,0,0,2010-11,NA,Toronto,Western,1,2,NA,September 2010,Final,NA,NA
NA,0,1,0,0,2010-11,NA,Waterloo,Western,4,2,NA,September 2010,Final,NA,NA
NA,0,1,0,0,2010-11,NA,Guelph,Western,1,4,NA,September 2010,Final,NA,NA
NA,0,1,0,0,2010-11,NA,Carleton,Western,7,1,NA,September 2010,Final,NA,NA
NA,0,1,0,0,2010-11,NA,Queen's,Western,4,1,NA,September 2010,Final,NA,NA
NA,0,1,0,0,2010-11,NA,York,Western,2,3, ,October 2010,Final,NA,NA
NA,0,1,0,0,2010-11,NA,McGill,Western,1,3,NA,October 2010,Final,NA,NA
NA,0,1,0,0,2010-11,NA,Carleton,Western,11,2,NA,October 2010,Final,NA,NA
NA,0,1,0,0,2010-11,NA,Western,Guelph,4,3,NA,October 2010,Final,NA,NA
NA,0,1,0,0,2010-11,NA,Western,York,1,2,NA,October 2010,Final,NA,NA
NA,0,1,0,0,2010-11,NA,Toronto,Western,0,4,NA,October 2010,Final,NA,NA
NA,0,1,0,0,2010-11,NA,McGill,Western,2,1,NA,October 2010,Final,NA,NA
NA,0,1,0,0,2010-11,NA,Queen's,Western,3,1,NA,October 2010,Final,NA,NA
NA,0,1,0,0,2010-11,NA,Waterloo,Western,0,2,NA,October 2010,Final,NA,NA
NA,0,1,0,0,2010-11,NA,Queen's,York,7,0, ,September 2010,Final,NA,NA
NA,0,1,0,0,2010-11,NA,Toronto,York,0,3, ,September 2010,Final,NA,NA
NA,0,1,0,0,2010-11,NA,Waterloo,York,2,4, ,September 2010,Final,NA,NA
NA,0,1,0,0,2010-11,NA,Carleton,York,4,0, ,September 2010,Final,NA,NA
NA,0,1,0,0,2010-11,NA,McGill,York,1,0, ,September 2010,Final,NA,NA
NA,0,1,0,0,2010-11,NA,Guelph,York,0,7, ,September 2010,Final,NA,NA
NA,0,1,0,0,2010-11,NA,Western,York,3,2, ,October 2010,Final,NA,NA
NA,0,1,0,0,2010-11,NA,McGill,York,2,1, ,October 2010,Final,NA,NA
NA,0,1,0,0,2010-11,NA,York,Waterloo,2,0,NA,October 2010,Final,NA,NA
NA,0,1,0,0,2010-11,NA,Western,York,1,2,NA,October 2010,Final,NA,NA
NA,0,1,0,0,2010-11,NA,Queen's,York,4,0, ,October 2010,Final,NA,NA
NA,0,1,0,0,2010-11,NA,Carleton,York,3,0, ,October 2010,Final,NA,NA
NA,0,1,0,0,2010-11,NA,Toronto,York,0,4, ,October 2010,Final,NA,NA
NA,0,1,0,0,2010-11,NA,Guelph,York,1,5, ,October 2010,Final,NA,NA
NA,0,1,0,0,2009-10,NA,Victoria,Alberta,0,1,NA,September 2009,Final,NA,NA
NA,0,1,0,0,2009-10,NA,Victoria,Alberta,0,0,NA,September 2009,Final,NA,NA
NA,0,1,0,0,2009-10,NA,Alberta,Calgary,3,2,NA,September 2009,Final,NA,NA
NA,0,1,0,0,2009-10,NA,Alberta,Calgary,2,4,NA,September 2009,Final,NA,NA
NA,0,1,0,0,2009-10,NA,UBC,Alberta,2,3,NA,October 2009,Final,NA,NA
NA,0,1,0,0,2009-10,NA,UBC,Alberta,1,0,NA,October 2009,Final,NA,NA
NA,0,1,0,0,2009-10,NA,Alberta,Victoria,1,1,NA,October 2009,Final,NA,NA
NA,0,1,0,0,2009-10,NA,Alberta,Victoria,1,0,NA,October 2009,Final,NA,NA
NA,0,1,0,0,2009-10,NA,Alberta,UBC,5,1,NA,October 2009,Final,NA,NA
NA,0,1,0,0,2009-10,NA,Alberta,UBC,4,0,NA,October 2009,Final,NA,NA
NA,0,1,0,0,2009-10,NA,Calgary,Alberta,2,0,NA,October 2009,Final,NA,NA
NA,0,1,0,0,2009-10,NA,Calgary,Alberta,0,1,NA,October 2009,Final,NA,NA
NA,0,1,0,0,2009-10,NA,Calgary,UBC,3,0,NA,September 2009,Final,NA,NA
NA,0,1,0,0,2009-10,NA,Calgary,UBC,3,0,NA,September 2009,Final,NA,NA
NA,0,1,0,0,2009-10,NA,Alberta,Calgary,3,2,NA,September 2009,Final,NA,NA
NA,0,1,0,0,2009-10,NA,Alberta,Calgary,2,4,NA,September 2009,Final,NA,NA
NA,0,1,0,0,2009-10,NA,Calgary,Victoria,1,0,NA,October 2009,Final,NA,NA
NA,0,1,0,0,2009-10,NA,Calgary,Victoria,0,0,NA,October 2009,Final,NA,NA
NA,0,1,0,0,2009-10,NA,UBC,Calgary,1,4,NA,October 2009,Final,NA,NA
NA,0,1,0,0,2009-10,NA,UBC,Calgary,2,1,NA,October 2009,Final,NA,NA
NA,0,1,0,0,2009-10,NA,Victoria,Calgary,0,1,NA,October 2009,Final,NA,NA
NA,0,1,0,0,2009-10,NA,Victoria,Calgary,0,2,NA,October 2009,Final,NA,NA
NA,0,1,0,0,2009-10,NA,Calgary,Alberta,2,0,NA,October 2009,Final,NA,NA
NA,0,1,0,0,2009-10,NA,Calgary,Alberta,0,1,NA,October 2009,Final,NA,NA
NA,0,1,0,0,2009-10,NA,Toronto,Carleton,0,6,NA,September 2009,Final,NA,NA
NA,0,1,0,0,2009-10,NA,McGill,Carleton,0,3,NA,September 2009,Final,NA,NA
NA,0,1,0,0,2009-10,NA,Waterloo,Carleton,1,3,NA,September 2009,Final,NA,NA
NA,0,1,0,0,2009-10,NA,York,Carleton,0,4, ,September 2009,Final,NA,NA
NA,0,1,0,0,2009-10,NA,York,Carleton,0,1, ,September 2009,Final,NA,NA
NA,0,1,0,0,2009-10,NA,Western,Carleton,1,7,NA,September 2009,Final,NA,NA
NA,0,1,0,0,2009-10,NA,Guelph,Carleton,0,6,NA,September 2009,Final,NA,NA
NA,0,1,0,0,2009-10,NA,Queen's,Carleton,0,1,NA,October 2009,Final,NA,NA
NA,0,1,0,0,2009-10,NA,Guelph,Carleton,2,11,NA,October 2009,Final,NA,NA
NA,0,1,0,0,2009-10,NA,Toronto,Carleton,1,4,NA,October 2009,Final,NA,NA
NA,0,1,0,0,2009-10,NA,McGill,Carleton,0,2,NA,October 2009,Final,NA,NA
NA,0,1,0,0,2009-10,NA,Queen's,Carleton,0,3,NA,October 2009,Final,NA,NA
NA,0,1,0,0,2009-10,NA,Waterloo,Carleton,2,3,NA,October 2009,Final,NA,NA
NA,0,1,0,0,2009-10,NA,Western,Carleton,0,2,NA,October 2009,Final,NA,NA
NA,0,1,0,0,2009-10,NA,Queen's,Guelph,7,0,NA,September 2009,Final,NA,NA
NA,0,1,0,0,2009-10,NA,York,Guelph,3,1, ,September 2009,Final,NA,NA
NA,0,1,0,0,2009-10,NA,McGill,Guelph,3,0,NA,September 2009,Final,NA,NA
NA,0,1,0,0,2009-10,NA,Waterloo,Guelph,5,0,NA,September 2009,Final,NA,NA
NA,0,1,0,0,2009-10,NA,Toronto,Guelph,2,1,NA,September 2009,Final,NA,NA
NA,0,1,0,0,2009-10,NA,Carleton,Guelph,6,0,NA,September 2009,Final,NA,NA
NA,0,1,0,0,2009-10,NA,York,Guelph,4,0, ,October 2009,Final,NA,NA
NA,0,1,0,0,2009-10,NA,Carleton,Guelph,11,2,NA,October 2009,Final,NA,NA
NA,0,1,0,0,2009-10,NA,Queen's,Guelph,5,1,NA,October 2009,Final,NA,NA
NA,0,1,0,0,2009-10,NA,Toronto,Guelph,3,3,NA,October 2009,Final,NA,NA
NA,0,1,0,0,2009-10,NA,Waterloo,Guelph,8,0,NA,October 2009,Final,NA,NA
NA,0,1,0,0,2009-10,NA,Western,Guelph,2,2,NA,October 2009,Final,NA,NA
NA,0,1,0,0,2009-10,NA,Western,Guelph,2,0,NA,October 2009,Final,NA,NA
NA,0,1,0,0,2009-10,NA,McGill,Guelph,7,0,NA,October 2009,Final,NA,NA
NA,0,1,0,0,2009-10,NA,Queen's,McGill,2,2,NA,September 2009,Final,NA,NA
NA,0,1,0,0,2009-10,NA,Carleton,McGill,3,0,NA,September 2009,Final,NA,NA
NA,0,1,0,0,2009-10,NA,Guelph,McGill,0,3,NA,September 2009,Final,NA,NA
NA,0,1,0,0,2009-10,NA,Toronto,McGill,1,4,NA,October 2009,Final,NA,NA
NA,0,1,0,0,2009-10,NA,Waterloo,McGill,1,2,NA,October 2009,Final,NA,NA
NA,0,1,0,0,2009-10,NA,York,McGill,1,1, ,October 2009,Final,NA,NA
NA,0,1,0,0,2009-10,NA,Carleton,McGill,2,0,NA,October 2009,Final,NA,NA
NA,0,1,0,0,2009-10,NA,Queen's,McGill,1,1,NA,October 2009,Final,NA,NA
NA,0,1,0,0,2009-10,NA,Western,McGill,0,3,NA,October 2009,Final,NA,NA
NA,0,1,0,0,2009-10,NA,York,McGill,1,3, ,October 2009,Final,NA,NA
NA,0,1,0,0,2009-10,NA,Waterloo,McGill,2,3,NA,October 2009,Final,NA,NA
NA,0,1,0,0,2009-10,NA,Western,McGill,0,6,NA,October 2009,Final,NA,NA
NA,0,1,0,0,2009-10,NA,Toronto,McGill,0,7,NA,October 2009,Final,NA,NA
NA,0,1,0,0,2009-10,NA,Guelph,McGill,0,7,NA,October 2009,Final,NA,NA
NA,0,1,0,0,2009-10,NA,McGill,Queen's,2,2,NA,September 2009,Final,NA,NA
NA,0,1,0,0,2009-10,NA,Guelph,Queen's,0,7,NA,September 2009,Final,NA,NA
NA,0,1,0,0,2009-10,NA,Toronto,Queen's,0,6,NA,September 2009,Final,NA,NA
NA,0,1,0,0,2009-10,NA,Western,Queen's,0,4,NA,September 2009,Final,NA,NA
NA,0,1,0,0,2009-10,NA,York,Queen's,0,2, ,September 2009,Final,NA,NA
NA,0,1,0,0,2009-10,NA,Waterloo,Queen's,1,5,NA,September 2009,Final,NA,NA
NA,0,1,0,0,2009-10,NA,Carleton,Queen's,1,0,NA,October 2009,Final,NA,NA
NA,0,1,0,0,2009-10,NA,Guelph,Queen's,1,5,NA,October 2009,Final,NA,NA
NA,0,1,0,0,2009-10,NA,Waterloo,Queen's,0,2,NA,October 2009,Final,NA,NA
NA,0,1,0,0,2009-10,NA,McGill,Queen's,1,1,NA,October 2009,Final,NA,NA
NA,0,1,0,0,2009-10,NA,Carleton,Queen's,3,0,NA,October 2009,Final,NA,NA
NA,0,1,0,0,2009-10,NA,Toronto,Queen's,0,4,NA,October 2009,Final,NA,NA
NA,0,1,0,0,2009-10,NA,York,Queen's,1,4, ,October 2009,Final,NA,NA
NA,0,1,0,0,2009-10,NA,Western,Queen's,0,4,NA,October 2009,Final,NA,NA
NA,0,1,0,0,2009-10,NA,Carleton,Toronto,6,0,NA,September 2009,Final,NA,NA
NA,0,1,0,0,2009-10,NA,Waterloo,Toronto,1,1,NA,September 2009,Final,NA,NA
NA,0,1,0,0,2009-10,NA,Queen's,Toronto,6,0,NA,September 2009,Final,NA,NA
NA,0,1,0,0,2009-10,NA,York,Toronto,3,0, ,September 2009,Final,NA,NA
NA,0,1,0,0,2009-10,NA,Guelph,Toronto,1,2,NA,September 2009,Final,NA,NA
NA,0,1,0,0,2009-10,NA,McGill,Toronto,4,1,NA,October 2009,Final,NA,NA
NA,0,1,0,0,2009-10,NA,Western,Toronto,2,2,NA,October 2009,Final,NA,NA
NA,0,1,0,0,2009-10,NA,Carleton,Toronto,4,1,NA,October 2009,Final,NA,NA
NA,0,1,0,0,2009-10,NA,Guelph,Toronto,3,3,NA,October 2009,Final,NA,NA
NA,0,1,0,0,2009-10,NA,York,Toronto,1,0, ,October 2009,Final,NA,NA
NA,0,1,0,0,2009-10,NA,Queen's,Toronto,4,0,NA,October 2009,Final,NA,NA
NA,0,1,0,0,2009-10,NA,Waterloo,Toronto,5,0,NA,October 2009,Final,NA,NA
NA,0,1,0,0,2009-10,NA,McGill,Toronto,7,0,NA,October 2009,Final,NA,NA
NA,0,1,0,0,2009-10,NA,Western,Toronto,3,1,NA,October 2009,Final,NA,NA
NA,0,1,0,0,2009-10,NA,Calgary,UBC,3,0,NA,September 2009,Final,NA,NA
NA,0,1,0,0,2009-10,NA,Calgary,UBC,3,0,NA,September 2009,Final,NA,NA
NA,0,1,0,0,2009-10,NA,Victoria,UBC,2,0,NA,September 2009,Final,NA,NA
NA,0,1,0,0,2009-10,NA,Victoria,UBC,1,0,NA,September 2009,Final,NA,NA
NA,0,1,0,0,2009-10,NA,UBC,Alberta,2,3,NA,October 2009,Final,NA,NA
NA,0,1,0,0,2009-10,NA,UBC,Alberta,1,0,NA,October 2009,Final,NA,NA
NA,0,1,0,0,2009-10,NA,UBC,Calgary,1,4,NA,October 2009,Final,NA,NA
NA,0,1,0,0,2009-10,NA,UBC,Calgary,2,1,NA,October 2009,Final,NA,NA
NA,0,1,0,0,2009-10,NA,Alberta,UBC,5,1,NA,October 2009,Final,NA,NA
NA,0,1,0,0,2009-10,NA,Alberta,UBC,4,0,NA,October 2009,Final,NA,NA
NA,0,1,0,0,2009-10,NA,UBC,Victoria,2,4,NA,October 2009,Final,NA,NA
NA,0,1,0,0,2009-10,NA,UBC,Victoria,0,1,NA,October 2009,Final,NA,NA
NA,0,1,0,0,2009-10,NA,Victoria,Alberta,0,1,NA,September 2009,Final,NA,NA
NA,0,1,0,0,2009-10,NA,Victoria,Alberta,0,0,NA,September 2009,Final,NA,NA
NA,0,1,0,0,2009-10,NA,Victoria,UBC,2,0,NA,September 2009,Final,NA,NA
NA,0,1,0,0,2009-10,NA,Victoria,UBC,1,0,NA,September 2009,Final,NA,NA
NA,0,1,0,0,2009-10,NA,Calgary,Victoria,1,0,NA,October 2009,Final,NA,NA
NA,0,1,0,0,2009-10,NA,Calgary,Victoria,0,0,NA,October 2009,Final,NA,NA
NA,0,1,0,0,2009-10,NA,Alberta,Victoria,1,1,NA,October 2009,Final,NA,NA
NA,0,1,0,0,2009-10,NA,Alberta,Victoria,1,0,NA,October 2009,Final,NA,NA
NA,0,1,0,0,2009-10,NA,Victoria,Calgary,0,1,NA,October 2009,Final,NA,NA
NA,0,1,0,0,2009-10,NA,Victoria,Calgary,0,2,NA,October 2009,Final,NA,NA
NA,0,1,0,0,2009-10,NA,UBC,Victoria,2,4,NA,October 2009,Final,NA,NA
NA,0,1,0,0,2009-10,NA,UBC,Victoria,0,1,NA,October 2009,Final,NA,NA
NA,0,1,0,0,2009-10,NA,Toronto,Waterloo,1,1,NA,September 2009,Final,NA,NA
NA,0,1,0,0,2009-10,NA,York,Waterloo,0,0, ,September 2009,Final,NA,NA
NA,0,1,0,0,2009-10,NA,Carleton,Waterloo,3,1,NA,September 2009,Final,NA,NA
NA,0,1,0,0,2009-10,NA,Western,Waterloo,1,0,NA,September 2009,Final,NA,NA
NA,0,1,0,0,2009-10,NA,Guelph,Waterloo,0,5,NA,September 2009,Final,NA,NA
NA,0,1,0,0,2009-10,NA,Queen's,Waterloo,5,1,NA,September 2009,Final,NA,NA
NA,0,1,0,0,2009-10,NA,McGill,Waterloo,2,1,NA,October 2009,Final,NA,NA
NA,0,1,0,0,2009-10,NA,Western,Waterloo,1,2,NA,October 2009,Final,NA,NA
NA,0,1,0,0,2009-10,NA,Queen's,Waterloo,2,0,NA,October 2009,Final,NA,NA
NA,0,1,0,0,2009-10,NA,Guelph,Waterloo,0,8,NA,October 2009,Final,NA,NA
NA,0,1,0,0,2009-10,NA,Carleton,Waterloo,3,2,NA,October 2009,Final,NA,NA
NA,0,1,0,0,2009-10,NA,McGill,Waterloo,3,2,NA,October 2009,Final,NA,NA
NA,0,1,0,0,2009-10,NA,Toronto,Waterloo,0,5,NA,October 2009,Final,NA,NA
NA,0,1,0,0,2009-10,NA,York,Waterloo,0,0, ,October 2009,Final,NA,NA
NA,0,1,0,0,2009-10,NA,Waterloo,Western,0,1,NA,September 2009,Final,NA,NA
NA,0,1,0,0,2009-10,NA,Queen's,Western,4,0,NA,September 2009,Final,NA,NA
NA,0,1,0,0,2009-10,NA,Carleton,Western,7,1,NA,September 2009,Final,NA,NA
NA,0,1,0,0,2009-10,NA,Toronto,Western,2,2,NA,October 2009,Final,NA,NA
NA,0,1,0,0,2009-10,NA,York,Western,2,0, ,October 2009,Final,NA,NA
NA,0,1,0,0,2009-10,NA,Waterloo,Western,2,1,NA,October 2009,Final,NA,NA
NA,0,1,0,0,2009-10,NA,York,Western,0,1, ,October 2009,Final,NA,NA
NA,0,1,0,0,2009-10,NA,McGill,Western,3,0,NA,October 2009,Final,NA,NA
NA,0,1,0,0,2009-10,NA,Guelph,Western,2,2,NA,October 2009,Final,NA,NA
NA,0,1,0,0,2009-10,NA,Carleton,Western,2,0,NA,October 2009,Final,NA,NA
NA,0,1,0,0,2009-10,NA,Guelph,Western,0,2,NA,October 2009,Final,NA,NA
NA,0,1,0,0,2009-10,NA,McGill,Western,6,0,NA,October 2009,Final,NA,NA
NA,0,1,0,0,2009-10,NA,Toronto,Western,1,3,NA,October 2009,Final,NA,NA
NA,0,1,0,0,2009-10,NA,Queen's,Western,4,0,NA,October 2009,Final,NA,NA
NA,0,1,0,0,2009-10,NA,Waterloo,York,0,0, ,September 2009,Final,NA,NA
NA,0,1,0,0,2009-10,NA,Guelph,York,1,3, ,September 2009,Final,NA,NA
NA,0,1,0,0,2009-10,NA,Carleton,York,4,0, ,September 2009,Final,NA,NA
NA,0,1,0,0,2009-10,NA,Toronto,York,0,3, ,September 2009,Final,NA,NA
NA,0,1,0,0,2009-10,NA,Carleton,York,1,0, ,September 2009,Final,NA,NA
NA,0,1,0,0,2009-10,NA,Queen's,York,2,0, ,September 2009,Final,NA,NA
NA,0,1,0,0,2009-10,NA,Guelph,York,0,4, ,October 2009,Final,NA,NA
NA,0,1,0,0,2009-10,NA,Western,York,0,2, ,October 2009,Final,NA,NA
NA,0,1,0,0,2009-10,NA,McGill,York,1,1, ,October 2009,Final,NA,NA
NA,0,1,0,0,2009-10,NA,Western,York,1,0, ,October 2009,Final,NA,NA
NA,0,1,0,0,2009-10,NA,Toronto,York,0,1, ,October 2009,Final,NA,NA
NA,0,1,0,0,2009-10,NA,McGill,York,3,1, ,October 2009,Final,NA,NA
NA,0,1,0,0,2009-10,NA,Queen's,York,4,1, ,October 2009,Final,NA,NA
NA,0,1,0,0,2009-10,NA,Waterloo,York,0,0, ,October 2009,Final,NA,NA
